-- MySQL dump 10.13  Distrib 8.0.43, for Win64 (x86_64)
--
-- Host: localhost    Database: db_banka
-- ------------------------------------------------------
-- Server version	8.0.43

/*!40101 SET @OLD_CHARACTER_SET_CLIENT=@@CHARACTER_SET_CLIENT */;
/*!40101 SET @OLD_CHARACTER_SET_RESULTS=@@CHARACTER_SET_RESULTS */;
/*!40101 SET @OLD_COLLATION_CONNECTION=@@COLLATION_CONNECTION */;
/*!50503 SET NAMES utf8mb4 */;
/*!40103 SET @OLD_TIME_ZONE=@@TIME_ZONE */;
/*!40103 SET TIME_ZONE='+00:00' */;
/*!40014 SET @OLD_UNIQUE_CHECKS=@@UNIQUE_CHECKS, UNIQUE_CHECKS=0 */;
/*!40014 SET @OLD_FOREIGN_KEY_CHECKS=@@FOREIGN_KEY_CHECKS, FOREIGN_KEY_CHECKS=0 */;
/*!40101 SET @OLD_SQL_MODE=@@SQL_MODE, SQL_MODE='NO_AUTO_VALUE_ON_ZERO' */;
/*!40111 SET @OLD_SQL_NOTES=@@SQL_NOTES, SQL_NOTES=0 */;

--
-- Table structure for table `api_activitylog`
--

DROP TABLE IF EXISTS `api_activitylog`;
/*!40101 SET @saved_cs_client     = @@character_set_client */;
/*!50503 SET character_set_client = utf8mb4 */;
CREATE TABLE `api_activitylog` (
  `logId` int NOT NULL AUTO_INCREMENT,
  `action` varchar(255) NOT NULL,
  `description` longtext,
  `user_role` varchar(50) DEFAULT NULL,
  `timestamp` datetime(6) NOT NULL,
  `user_id` int NOT NULL,
  PRIMARY KEY (`logId`),
  KEY `api_activitylog_user_id_460724d0_fk_api_user_id` (`user_id`),
  CONSTRAINT `api_activitylog_user_id_460724d0_fk_api_user_id` FOREIGN KEY (`user_id`) REFERENCES `api_user` (`id`)
) ENGINE=InnoDB AUTO_INCREMENT=183 DEFAULT CHARSET=utf8mb4 COLLATE=utf8mb4_0900_ai_ci;
/*!40101 SET character_set_client = @saved_cs_client */;

--
-- Dumping data for table `api_activitylog`
--

LOCK TABLES `api_activitylog` WRITE;
/*!40000 ALTER TABLE `api_activitylog` DISABLE KEYS */;
INSERT INTO `api_activitylog` VALUES (1,'Authentication','User logged in successfully',NULL,'2025-11-17 05:07:36.838810',1),(2,'Fisherfolk Management','Retrieved all fisherfolk records','admin','2025-11-17 05:07:50.377026',1),(3,'Fisherfolk Management','Retrieved all fisherfolk records','admin','2025-11-17 05:47:05.031128',1),(4,'Fisherfolk Management','Retrieved all fisherfolk records','admin','2025-11-17 05:50:17.494892',1),(5,'Fisherfolk Management','Retrieved all fisherfolk records','admin','2025-11-17 05:57:04.586105',1),(6,'Tracker Management','Registered tracker SJU-0001 for municipality San Juan',NULL,'2025-11-17 06:00:41.696702',1),(7,'System','DeviceToken created for tracker=SJU-0001 by 22100492@slc-sflu.edu.ph',NULL,'2025-11-17 06:00:41.726137',1),(8,'Authentication','User logged in successfully',NULL,'2025-11-17 06:37:03.307282',1),(9,'Fisherfolk Management','Retrieved all fisherfolk records','admin','2025-11-17 06:37:06.355805',1),(10,'Authentication','User logged in successfully',NULL,'2025-11-17 06:42:14.026841',1),(11,'Authentication','User logged in successfully',NULL,'2025-11-17 06:57:03.639514',1),(12,'Authentication','User logged in successfully',NULL,'2025-11-17 07:02:43.190587',1),(13,'Authentication','User logged in successfully',NULL,'2025-11-17 07:07:55.791322',1),(14,'Authentication','User logged in successfully',NULL,'2025-11-17 07:16:17.407035',1),(15,'Fisherfolk Management','Retrieved all fisherfolk records','admin','2025-11-17 07:16:18.979745',1),(16,'Authentication','User logged in successfully',NULL,'2025-11-17 07:28:53.127924',1),(17,'Fisherfolk Management','Retrieved all fisherfolk records','admin','2025-11-17 07:28:55.301107',1),(18,'Authentication','User logged in successfully',NULL,'2025-11-17 07:37:34.202700',1),(19,'Authentication','User logged in successfully',NULL,'2025-11-17 07:50:33.925430',1),(20,'Fisherfolk Management','Retrieved all fisherfolk records','admin','2025-11-17 07:50:35.868966',1),(21,'Authentication','User logged in successfully',NULL,'2025-11-17 11:56:40.238129',1),(22,'Fisherfolk Management','Retrieved all fisherfolk records','admin','2025-11-17 11:57:31.576449',1),(23,'Authentication','User logged in successfully',NULL,'2025-11-17 12:55:45.736806',1),(24,'Authentication','User logged in successfully',NULL,'2025-11-17 14:22:53.127941',1),(25,'Authentication','User logged in successfully',NULL,'2025-11-17 15:06:55.211282',1),(26,'Authentication','User logged in successfully',NULL,'2025-11-18 02:30:09.099659',1),(27,'Fisherfolk Management','Retrieved all fisherfolk records','admin','2025-11-18 02:32:02.818926',1),(28,'Authentication','User logged in successfully',NULL,'2025-11-18 13:03:05.120901',1),(29,'Fisherfolk Management','Retrieved all fisherfolk records','admin','2025-11-18 13:19:56.664272',1),(30,'Fisherfolk Management','Retrieved all fisherfolk records','admin','2025-11-18 13:19:59.095777',1),(31,'Fisherfolk Management','Retrieved all fisherfolk records','admin','2025-11-18 13:20:27.522058',1),(32,'Authentication','User logged in successfully',NULL,'2025-11-18 14:29:39.087289',1),(33,'Fisherfolk Management','Retrieved all fisherfolk records','admin','2025-11-18 14:29:40.374820',1),(34,'Authentication','User logged in successfully',NULL,'2025-11-18 14:41:23.928024',1),(35,'Fisherfolk Management','Retrieved all fisherfolk records','admin','2025-11-18 14:42:16.797020',1),(36,'Fisherfolk Management','Retrieved all fisherfolk records','admin','2025-11-18 14:42:18.050906',1),(37,'Authentication','User logged in successfully',NULL,'2025-11-18 15:20:01.702729',1),(38,'Authentication','User logged in successfully',NULL,'2025-11-18 15:28:56.209124',1),(39,'Fisherfolk Management','Retrieved all fisherfolk records','admin','2025-11-18 15:28:58.085406',1),(40,'Tracker Management','Registered tracker SAN-0001 for municipality San Gabriel',NULL,'2025-11-18 15:29:08.938438',1),(41,'System','DeviceToken created for tracker=SAN-0001 by 22100492@slc-sflu.edu.ph',NULL,'2025-11-18 15:29:09.275977',1),(42,'Fisherfolk Management','Retrieved all fisherfolk records','admin','2025-11-18 15:30:34.079840',1),(43,'Fisherfolk Management','Retrieved all fisherfolk records','admin','2025-11-18 15:30:35.806996',1),(44,'Fisherfolk Management','Retrieved all fisherfolk records','admin','2025-11-18 15:30:48.214396',1),(45,'Fisherfolk Management','Retrieved all fisherfolk records','admin','2025-11-18 15:31:06.273657',1),(46,'System','DeviceToken revoked for tracker=SJU-0001',NULL,'2025-11-18 15:32:09.581655',1),(47,'System','DeviceToken revoked for tracker=SAN-0001',NULL,'2025-11-18 15:32:34.049721',1),(48,'Tracker Management','Registered tracker SAN-0002 for municipality San Gabriel',NULL,'2025-11-18 15:32:41.186732',1),(49,'System','DeviceToken created for tracker=SAN-0002 by 22100492@slc-sflu.edu.ph',NULL,'2025-11-18 15:32:41.209678',1),(50,'System','DeviceToken revoked for tracker=SAN-0002',NULL,'2025-11-18 15:32:58.351260',1),(51,'Tracker Management','Registered tracker SAN-0003 for municipality San Gabriel',NULL,'2025-11-18 15:34:17.169462',1),(52,'System','DeviceToken created for tracker=SAN-0003 by 22100492@slc-sflu.edu.ph',NULL,'2025-11-18 15:34:17.190511',1),(53,'Authentication','User logged in successfully',NULL,'2025-11-18 15:50:44.397378',1),(54,'Tracker Management','Registered tracker SAN-0004 for municipality San Gabriel',NULL,'2025-11-18 15:52:50.403685',1),(55,'System','DeviceToken created for tracker=SAN-0004 by 22100492@slc-sflu.edu.ph',NULL,'2025-11-18 15:52:50.434093',1),(56,'Authentication','User logged in successfully',NULL,'2025-11-19 03:45:56.539890',1),(57,'Fisherfolk Management','Retrieved all fisherfolk records','admin','2025-11-19 03:46:40.492618',1),(58,'Tracker Management','Registered tracker SA1-0001 for municipality San Juan',NULL,'2025-11-19 03:54:30.339764',1),(59,'System','DeviceToken created for tracker=SA1-0001 by 22100492@slc-sflu.edu.ph',NULL,'2025-11-19 03:54:30.386924',1),(60,'Authentication','User logged in successfully',NULL,'2025-11-19 04:07:28.217227',1),(61,'Tracker Management','Registered tracker SA1-0002 for municipality San Juan',NULL,'2025-11-19 04:07:43.960675',1),(62,'System','DeviceToken created for tracker=SA1-0002 by 22100492@slc-sflu.edu.ph',NULL,'2025-11-19 04:07:44.007561',1),(63,'Authentication','User logged in successfully',NULL,'2025-11-19 04:27:05.163225',1),(64,'Tracker Management','Registered tracker SA1-0003 for municipality San Juan',NULL,'2025-11-19 04:27:16.387696',1),(65,'System','DeviceToken created for tracker=SA1-0003 by 22100492@slc-sflu.edu.ph',NULL,'2025-11-19 04:27:16.421737',1),(66,'Authentication','User logged in successfully',NULL,'2025-11-19 04:32:11.440137',1),(67,'Tracker Management','Registered tracker SA1-0004 for municipality San Juan',NULL,'2025-11-19 04:32:21.519274',1),(68,'System','DeviceToken created for tracker=SA1-0004 by 22100492@slc-sflu.edu.ph',NULL,'2025-11-19 04:32:21.548212',1),(69,'Authentication','User logged in successfully',NULL,'2025-11-19 05:29:16.168655',1),(70,'Tracker Management','Registered tracker SA1-0005 for municipality San Juan',NULL,'2025-11-19 05:29:32.722927',1),(71,'System','DeviceToken created for tracker=SA1-0005 by 22100492@slc-sflu.edu.ph',NULL,'2025-11-19 05:29:32.751720',1),(72,'Authentication','User logged in successfully',NULL,'2025-11-19 05:35:55.721332',1),(73,'Tracker Management','Registered tracker SA1-0006 for municipality San Juan',NULL,'2025-11-19 05:36:09.598577',1),(74,'System','DeviceToken created for tracker=SA1-0006 by 22100492@slc-sflu.edu.ph',NULL,'2025-11-19 05:36:09.627748',1),(75,'Authentication','User logged in successfully',NULL,'2025-11-19 05:44:51.069594',1),(76,'Tracker Management','Registered tracker SA1-0007 for municipality San Juan',NULL,'2025-11-19 05:45:41.139709',1),(77,'System','DeviceToken created for tracker=SA1-0007 by 22100492@slc-sflu.edu.ph',NULL,'2025-11-19 05:45:41.163278',1),(78,'Authentication','User logged in successfully',NULL,'2025-11-19 05:58:23.928068',1),(79,'Tracker Management','Registered tracker SA1-0008 for municipality San Juan',NULL,'2025-11-19 05:58:34.058083',1),(80,'System','DeviceToken created for tracker=SA1-0008 by 22100492@slc-sflu.edu.ph',NULL,'2025-11-19 05:58:34.089194',1),(81,'Authentication','User logged in successfully',NULL,'2025-11-19 06:04:43.836228',1),(82,'Fisherfolk Management','Retrieved all fisherfolk records','admin','2025-11-19 06:04:46.398201',1),(83,'Tracker Management','Registered tracker SA1-0009 for municipality San Juan',NULL,'2025-11-19 06:04:55.609566',1),(84,'System','DeviceToken created for tracker=SA1-0009 by 22100492@slc-sflu.edu.ph',NULL,'2025-11-19 06:04:55.636708',1),(85,'Authentication','User logged in successfully',NULL,'2025-11-19 06:25:17.352294',1),(86,'Tracker Management','Registered tracker SA1-0010 for municipality San Juan',NULL,'2025-11-19 06:25:28.369905',1),(87,'System','DeviceToken created for tracker=SA1-0010 by 22100492@slc-sflu.edu.ph',NULL,'2025-11-19 06:25:28.397642',1),(88,'Authentication','User logged in successfully',NULL,'2025-11-19 06:32:34.226670',1),(89,'Tracker Management','Registered tracker SA1-0011 for municipality San Juan',NULL,'2025-11-19 06:32:44.856901',1),(90,'System','DeviceToken created for tracker=SA1-0011 by 22100492@slc-sflu.edu.ph',NULL,'2025-11-19 06:32:44.884490',1),(91,'Authentication','User logged in successfully',NULL,'2025-11-19 06:45:27.103218',1),(92,'Tracker Management','Registered tracker SA1-0012 for municipality San Juan',NULL,'2025-11-19 06:45:40.883394',1),(93,'System','DeviceToken created for tracker=SA1-0012 by 22100492@slc-sflu.edu.ph',NULL,'2025-11-19 06:45:40.911150',1),(94,'Authentication','User logged in successfully',NULL,'2025-11-19 07:02:11.801241',1),(95,'Fisherfolk Management','Retrieved all fisherfolk records','admin','2025-11-19 07:02:14.496726',1),(96,'Tracker Management','Registered tracker SA1-0013 for municipality San Juan',NULL,'2025-11-19 07:02:26.912532',1),(97,'System','DeviceToken created for tracker=SA1-0013 by 22100492@slc-sflu.edu.ph',NULL,'2025-11-19 07:02:26.939144',1),(98,'Authentication','User logged in successfully',NULL,'2025-11-19 07:13:27.784823',1),(99,'Tracker Management','Registered tracker SA1-0014 for municipality San Juan',NULL,'2025-11-19 07:13:45.710152',1),(100,'System','DeviceToken created for tracker=SA1-0014 by 22100492@slc-sflu.edu.ph',NULL,'2025-11-19 07:13:45.742004',1),(101,'Authentication','User logged in successfully',NULL,'2025-11-19 07:40:15.621095',1),(102,'Tracker Management','Registered tracker SA1-0015 for municipality San Juan',NULL,'2025-11-19 07:40:26.838600',1),(103,'System','DeviceToken created for tracker=SA1-0015 by 22100492@slc-sflu.edu.ph',NULL,'2025-11-19 07:40:26.869152',1),(104,'Authentication','User logged in successfully',NULL,'2025-11-20 01:08:57.943848',1),(105,'Fisherfolk Management','Retrieved all fisherfolk records','admin','2025-11-20 01:09:03.270575',1),(106,'Fisherfolk Management','Retrieved all fisherfolk records','admin','2025-11-20 01:09:34.575846',1),(107,'Fisherfolk Management','Retrieved all fisherfolk records','admin','2025-11-20 01:16:40.291643',1),(108,'Fisherfolk Management','Retrieved all fisherfolk records','admin','2025-11-20 01:26:05.175367',1),(109,'Fisherfolk Management','Retrieved all fisherfolk records','admin','2025-11-20 01:28:12.228757',1),(110,'Fisherfolk Management','Retrieved all fisherfolk records','admin','2025-11-20 01:28:56.373191',1),(111,'Fisherfolk Management','Retrieved all fisherfolk records','admin','2025-11-20 01:29:29.824046',1),(112,'Tracker Management','Registered tracker CSF-0001 for municipality City Of San Fernando',NULL,'2025-11-20 01:41:06.051457',1),(113,'System','DeviceToken created for tracker=CSF-0001 by 22100492@slc-sflu.edu.ph',NULL,'2025-11-20 01:41:06.100053',1),(114,'Authentication','User logged in successfully',NULL,'2025-11-20 01:46:46.346900',1),(115,'Tracker Management','Registered tracker CSF-0002 for municipality City Of San Fernando',NULL,'2025-11-20 01:47:19.520791',1),(116,'System','DeviceToken created for tracker=CSF-0002 by 22100492@slc-sflu.edu.ph',NULL,'2025-11-20 01:47:19.575532',1),(117,'Fisherfolk Management','Retrieved all fisherfolk records','admin','2025-11-20 01:50:57.554056',1),(118,'Fisherfolk Management','Retrieved all fisherfolk records','admin','2025-11-20 01:53:46.588779',1),(119,'Authentication','User logged in successfully',NULL,'2025-11-20 02:13:28.271880',1),(120,'Authentication','User logged in successfully',NULL,'2025-11-20 23:42:29.737673',1),(121,'Fisherfolk Management','Retrieved all fisherfolk records','admin','2025-11-20 23:59:01.491578',1),(122,'Fisherfolk Management','Retrieved all fisherfolk records','admin','2025-11-20 23:59:05.837823',1),(123,'Authentication','User logged in successfully',NULL,'2025-11-21 00:12:18.791287',1),(124,'Fisherfolk Management','Retrieved all fisherfolk records','admin','2025-11-21 00:32:31.510365',1),(125,'Fisherfolk Management','Retrieved all fisherfolk records','admin','2025-11-21 00:33:08.240548',1),(126,'Authentication','User logged in successfully',NULL,'2025-11-21 00:56:27.152890',1),(127,'Authentication','User logged in successfully',NULL,'2025-11-21 03:34:03.414668',1),(128,'Fisherfolk Management','Retrieved all fisherfolk records','admin','2025-11-21 03:34:06.484311',1),(129,'Authentication','User logged in successfully',NULL,'2025-11-21 05:38:05.909985',1),(130,'Fisherfolk Management','Retrieved all fisherfolk records','admin','2025-11-21 05:38:27.324741',1),(131,'Fisherfolk Management','Retrieved all fisherfolk records','admin','2025-11-21 05:41:26.146275',1),(132,'Fisherfolk Management','Retrieved all fisherfolk records','admin','2025-11-21 05:54:53.604841',1),(133,'Fisherfolk Management','Retrieved all fisherfolk records','admin','2025-11-21 06:00:55.354070',1),(134,'Fisherfolk Management','Retrieved all fisherfolk records','admin','2025-11-21 06:00:57.124994',1),(135,'Fisherfolk Management','Retrieved all fisherfolk records','admin','2025-11-21 06:01:03.108594',1),(136,'Fisherfolk Management','Retrieved all fisherfolk records','admin','2025-11-21 06:02:20.179359',1),(137,'Fisherfolk Management','Retrieved all fisherfolk records','admin','2025-11-21 06:13:28.922644',1),(138,'Authentication','User logged in successfully',NULL,'2025-11-21 07:11:31.259246',1),(139,'Authentication','User logged in successfully',NULL,'2025-11-21 07:12:44.322083',1),(140,'Fisherfolk Management','Retrieved all fisherfolk records','admin','2025-11-21 07:16:36.959088',1),(141,'Fisherfolk Management','Retrieved all fisherfolk records','admin','2025-11-21 07:17:56.048122',1),(142,'Fisherfolk Management','Retrieved all fisherfolk records','admin','2025-11-21 07:34:58.685346',1),(143,'User Management','Created user cdubungen13@gmail.com as municipal_agriculturist',NULL,'2025-11-21 07:35:32.043056',1),(144,'Fisherfolk Management','Retrieved all fisherfolk records','admin','2025-11-21 07:35:43.892734',1),(145,'Authentication','User logged in successfully',NULL,'2025-11-21 07:36:54.915725',2),(146,'Account Security','User set new password (first-time login)',NULL,'2025-11-21 07:39:00.929521',2),(147,'Authentication','User logged in successfully',NULL,'2025-11-21 07:39:07.212284',2),(148,'Fisherfolk Management','Updated fisherfolk: Gojo Todoroki (6767-676767676-76767)',NULL,'2025-11-21 07:41:05.450889',2),(149,'Fisherfolk Management','Retrieved all fisherfolk records','municipal_agriculturist','2025-11-21 07:41:06.700698',2),(150,'Fisherfolk Management','Retrieved all fisherfolk records','municipal_agriculturist','2025-11-21 07:41:19.746136',2),(151,'Authentication','User logged in successfully',NULL,'2025-11-21 07:42:34.941296',1),(152,'Fisherfolk Management','Retrieved all fisherfolk records','admin','2025-11-21 07:42:39.280082',1),(153,'Fisherfolk Management','Retrieved all fisherfolk records','admin','2025-11-21 07:49:08.036373',1),(154,'Authentication','User logged in successfully',NULL,'2025-11-21 08:04:22.365774',2),(155,'Authentication','User logged in successfully',NULL,'2025-11-21 08:09:28.752069',1),(156,'Authentication','User logged in successfully',NULL,'2025-11-21 08:40:18.323392',2),(157,'Authentication','User logged in successfully',NULL,'2025-11-21 08:41:11.800620',1),(158,'Fisherfolk Management','Retrieved all fisherfolk records','admin','2025-11-21 08:42:00.965938',1),(159,'Fisherfolk Management','Retrieved all fisherfolk records','admin','2025-11-21 08:45:15.591882',1),(160,'Fisherfolk Management','Retrieved all fisherfolk records','admin','2025-11-21 08:56:43.635451',1),(161,'Authentication','User logged in successfully',NULL,'2025-11-21 08:59:56.237205',1),(162,'Authentication','User logged in successfully',NULL,'2025-11-21 09:01:45.144294',2),(163,'Authentication','User logged in successfully',NULL,'2025-11-21 09:08:28.872594',1),(164,'Authentication','User logged in successfully',NULL,'2025-11-22 13:33:37.072448',1),(165,'Fisherfolk Management','Retrieved all fisherfolk records','admin','2025-11-22 13:33:45.156061',1),(166,'DATABASE_BACKUP: database_backup_20251122_213438.sql',NULL,NULL,'2025-11-22 13:34:39.710908',1),(167,'SMART_RESTORE: database_backup_2025-11-22.sql - Imported: No new data',NULL,NULL,'2025-11-22 13:34:54.789601',1),(168,'Fisherfolk Management','Retrieved all fisherfolk records','admin','2025-11-22 13:35:26.789011',1),(169,'Fisherfolk Management','Retrieved all fisherfolk records','admin','2025-11-22 13:35:31.343128',1),(170,'Fisherfolk Management','Retrieved all fisherfolk records','admin','2025-11-22 13:36:01.123293',1),(171,'Fisherfolk Management','Retrieved all fisherfolk records','admin','2025-11-22 13:36:09.150869',1),(172,'Fisherfolk Management','Retrieved all fisherfolk records','admin','2025-11-22 13:36:17.077265',1),(173,'Fisherfolk Management','Retrieved all fisherfolk records','admin','2025-11-22 13:36:23.098648',1),(174,'Fisherfolk Management','Retrieved all fisherfolk records','admin','2025-11-22 14:01:14.516162',1),(175,'Fisherfolk Management','Retrieved all fisherfolk records','admin','2025-11-22 14:12:23.862423',1),(176,'Fisherfolk Management','Retrieved all fisherfolk records','admin','2025-11-22 14:12:31.226610',1),(177,'Fisherfolk Management','Retrieved all fisherfolk records','admin','2025-11-22 14:24:38.389480',1),(178,'Fisherfolk Management','Updated fisherfolk: Percy Dela Cruz (0808-252589898-10123)',NULL,'2025-11-22 14:25:26.560652',1),(179,'Fisherfolk Management','Retrieved all fisherfolk records','admin','2025-11-22 14:25:27.718900',1),(180,'Fisherfolk Management','Retrieved all fisherfolk records','admin','2025-11-22 14:26:10.616769',1),(181,'Fisherfolk Management','Retrieved all fisherfolk records','admin','2025-11-22 14:35:28.330883',1),(182,'Fisherfolk Management','Retrieved all fisherfolk records','admin','2025-11-22 14:39:22.782561',1);
/*!40000 ALTER TABLE `api_activitylog` ENABLE KEYS */;
UNLOCK TABLES;

--
-- Table structure for table `api_address`
--

DROP TABLE IF EXISTS `api_address`;
/*!40101 SET @saved_cs_client     = @@character_set_client */;
/*!50503 SET character_set_client = utf8mb4 */;
CREATE TABLE `api_address` (
  `address_log` int NOT NULL AUTO_INCREMENT,
  `street` varchar(255) NOT NULL,
  `barangay` varchar(100) NOT NULL,
  `municipality` varchar(100) NOT NULL,
  `province` varchar(100) NOT NULL,
  `region` varchar(100) NOT NULL,
  `residency_years` int unsigned NOT NULL,
  `barangay_verifier` varchar(100) NOT NULL,
  `position` varchar(100) NOT NULL,
  `verified_date` date DEFAULT NULL,
  `date_added` datetime(6) NOT NULL,
  `fisherfolk_id` varchar(50) NOT NULL,
  PRIMARY KEY (`address_log`),
  UNIQUE KEY `fisherfolk_id` (`fisherfolk_id`),
  CONSTRAINT `api_address_fisherfolk_id_c53fac96_fk_api_fishe` FOREIGN KEY (`fisherfolk_id`) REFERENCES `api_fisherfolk` (`registration_number`),
  CONSTRAINT `api_address_chk_1` CHECK ((`residency_years` >= 0))
) ENGINE=InnoDB AUTO_INCREMENT=12 DEFAULT CHARSET=utf8mb4 COLLATE=utf8mb4_0900_ai_ci;
/*!40101 SET character_set_client = @saved_cs_client */;

--
-- Dumping data for table `api_address`
--

LOCK TABLES `api_address` WRITE;
/*!40000 ALTER TABLE `api_address` DISABLE KEYS */;
INSERT INTO `api_address` VALUES (1,'Food','Allangigan','San Juan','La Union','Region 1',2,'Dric Dtrdtrd','Fishing Coordinator','2025-10-30','2025-11-17 05:57:02.475175','6565-876576565-46546'),(2,'Sukuna','Bato','City Of San Fernando','La Union','Region 1',58,'Camille Huei Cardenaz','Barangay Secretary','2015-12-09','2025-11-20 01:31:10.226267','6767-676767676-76767'),(3,'Sukuna','Barangay I','City Of San Fernando','La Union','Region 1',27,'Dircu Dowsha Mabunga','Barangay Captain','2024-12-12','2025-11-20 01:55:15.583021','0943-058374582-30280'),(4,'Purok 3, Barangay Road','Pagdalagan','San Fernando City','La Union','Region 1',5,'Jose Dela Cruz','Barangay Captain','2024-05-10','2025-11-22 13:35:16.132956','0000-456823654-00000'),(5,'Purok 3, Barangay Road','Pagdalagan','San Fernando City','La Union','Region 1',5,'Jose Dela Cruz','Barangay Captain','2024-05-10','2025-11-22 13:35:16.162561','1234-456823654-00000'),(6,'Purok 3, Barangay Road','Pagdalagan','San Fernando City','La Union','Region 2',6,'Jose Dela Cruz','Barangay Captain','2024-05-11','2025-11-22 13:35:16.188239','1234-456823654-00001'),(7,'Purok 3, Barangay Road','Pagdalagan','San Fernando City','La Union','Region 3',7,'Jose Dela Cruz','Barangay Captain','2024-05-12','2025-11-22 13:35:16.213287','1234-456823654-00002'),(8,'Purok 3, Barangay Road','Pagdalagan','San Fernando City','La Union','Region 4',8,'Jose Dela Cruz','Barangay Captain','2024-05-13','2025-11-22 13:35:16.238823','1234-456823654-00003'),(9,'Purok 3, Barangay Road','Pagdalagan','San Fernando City','La Union','Region 1',5,'Jose Dela Cruz','Barangay Captain','2024-05-10','2025-11-22 13:46:22.270594','3244-456823654-00000'),(10,'Runes','Poblacion Norte','Caba','La Union','Region 1',26,'Grover Underwood','Fishing Coordinator','2025-11-22','2025-11-22 14:24:37.066092','0808-252589898-10123'),(11,'Fonbuena','Poblacion Norte','Caba','La Union','Region 1',18,'Grover Underwood','Fishing Coordinator','2025-11-22','2025-11-22 14:35:27.217762','9384-759204850-20208');
/*!40000 ALTER TABLE `api_address` ENABLE KEYS */;
UNLOCK TABLES;

--
-- Table structure for table `api_adminprofile`
--

DROP TABLE IF EXISTS `api_adminprofile`;
/*!40101 SET @saved_cs_client     = @@character_set_client */;
/*!50503 SET character_set_client = utf8mb4 */;
CREATE TABLE `api_adminprofile` (
  `admin_id` int NOT NULL AUTO_INCREMENT,
  `first_name` varchar(100) NOT NULL,
  `middle_name` varchar(100) DEFAULT NULL,
  `last_name` varchar(100) NOT NULL,
  `sex` varchar(10) NOT NULL,
  `contact_number` varchar(20) NOT NULL,
  `position` varchar(100) NOT NULL,
  `status` varchar(20) NOT NULL,
  `date_added` datetime(6) NOT NULL,
  PRIMARY KEY (`admin_id`)
) ENGINE=InnoDB DEFAULT CHARSET=utf8mb4 COLLATE=utf8mb4_0900_ai_ci;
/*!40101 SET character_set_client = @saved_cs_client */;

--
-- Dumping data for table `api_adminprofile`
--

LOCK TABLES `api_adminprofile` WRITE;
/*!40000 ALTER TABLE `api_adminprofile` DISABLE KEYS */;
/*!40000 ALTER TABLE `api_adminprofile` ENABLE KEYS */;
UNLOCK TABLES;

--
-- Table structure for table `api_barangay`
--

DROP TABLE IF EXISTS `api_barangay`;
/*!40101 SET @saved_cs_client     = @@character_set_client */;
/*!50503 SET character_set_client = utf8mb4 */;
CREATE TABLE `api_barangay` (
  `barangay_id` int NOT NULL AUTO_INCREMENT,
  `name` varchar(100) NOT NULL,
  `created_at` datetime(6) NOT NULL,
  `updated_at` datetime(6) NOT NULL,
  `municipality_id` int NOT NULL,
  PRIMARY KEY (`barangay_id`),
  UNIQUE KEY `api_barangay_name_municipality_id_4e4e5b6c_uniq` (`name`,`municipality_id`),
  KEY `api_barangay_municipality_id_45528ecd_fk_api_munic` (`municipality_id`),
  CONSTRAINT `api_barangay_municipality_id_45528ecd_fk_api_munic` FOREIGN KEY (`municipality_id`) REFERENCES `api_municipality` (`municipality_id`)
) ENGINE=InnoDB AUTO_INCREMENT=574 DEFAULT CHARSET=utf8mb4 COLLATE=utf8mb4_0900_ai_ci;
/*!40101 SET character_set_client = @saved_cs_client */;

--
-- Dumping data for table `api_barangay`
--

LOCK TABLES `api_barangay` WRITE;
/*!40000 ALTER TABLE `api_barangay` DISABLE KEYS */;
INSERT INTO `api_barangay` VALUES (1,'Ambitacay','2025-11-06 13:44:16.212226','2025-11-06 13:44:16.212249',1),(2,'Macalva Central','2025-11-06 13:44:16.246789','2025-11-06 13:44:16.246812',1),(3,'Macalva Norte','2025-11-06 13:44:16.280306','2025-11-06 13:44:16.280327',1),(4,'Nazareno','2025-11-06 13:44:16.312645','2025-11-06 13:44:16.312664',1),(5,'Macalva Sur','2025-11-06 13:44:16.352110','2025-11-06 13:44:16.352151',1),(6,'Purok','2025-11-06 13:44:16.382123','2025-11-06 13:44:16.382153',1),(7,'San Agustin East','2025-11-06 13:44:16.414960','2025-11-06 13:44:16.414995',1),(8,'San Agustin Norte','2025-11-06 13:44:16.444452','2025-11-06 13:44:16.444484',1),(9,'San Antonino','2025-11-06 13:44:16.474082','2025-11-06 13:44:16.474121',1),(10,'San Agustin Sur','2025-11-06 13:44:16.507944','2025-11-06 13:44:16.507999',1),(11,'San Jose Sur','2025-11-06 13:44:16.621434','2025-11-06 13:44:16.621460',1),(12,'San Isidro','2025-11-06 13:44:16.621725','2025-11-06 13:44:16.621736',1),(13,'San Francisco','2025-11-06 13:44:16.623055','2025-11-06 13:44:16.623079',1),(14,'San Joaquin Norte','2025-11-06 13:44:16.629279','2025-11-06 13:44:16.629301',1),(15,'San Antonio','2025-11-06 13:44:16.633914','2025-11-06 13:44:16.633933',1),(16,'San Jose Norte','2025-11-06 13:44:16.646947','2025-11-06 13:44:16.646987',1),(17,'San Julian Central','2025-11-06 13:44:16.668056','2025-11-06 13:44:16.668084',1),(18,'San Joaquin Sur','2025-11-06 13:44:16.672964','2025-11-06 13:44:16.673009',1),(19,'San Julian East','2025-11-06 13:44:16.676838','2025-11-06 13:44:16.676867',1),(20,'San Juan','2025-11-06 13:44:16.682145','2025-11-06 13:44:16.682170',1),(21,'San Julian Norte','2025-11-06 13:44:16.692080','2025-11-06 13:44:16.692174',1),(22,'San Julian West','2025-11-06 13:44:16.694439','2025-11-06 13:44:16.694482',1),(23,'San Manuel Sur','2025-11-06 13:44:16.713988','2025-11-06 13:44:16.714025',1),(24,'San Nicolas Central','2025-11-06 13:44:16.726978','2025-11-06 13:44:16.727028',1),(25,'San Miguel','2025-11-06 13:44:16.730414','2025-11-06 13:44:16.730436',1),(26,'San Manuel Norte','2025-11-06 13:44:16.733948','2025-11-06 13:44:16.733979',1),(27,'San Nicolas East','2025-11-06 13:44:16.747603','2025-11-06 13:44:16.747632',1),(28,'Balawarte','2025-11-06 13:44:16.747902','2025-11-06 13:44:16.747919',1),(29,'Capas','2025-11-06 13:44:16.761678','2025-11-06 13:44:16.761701',1),(30,'San Marcos','2025-11-06 13:44:16.770119','2025-11-06 13:44:16.770155',1),(31,'Consolacion','2025-11-06 13:44:16.772935','2025-11-06 13:44:16.772957',1),(32,'San Nicolas Sur','2025-11-06 13:46:50.503155','2025-11-06 13:46:50.503179',1),(33,'San Pedro','2025-11-06 13:46:50.512467','2025-11-06 13:46:50.512490',1),(34,'San Vicente Norte','2025-11-06 13:46:50.516628','2025-11-06 13:46:50.516677',1),(35,'San Roque East','2025-11-06 13:46:50.522372','2025-11-06 13:46:50.522393',1),(36,'San Vicente Sur','2025-11-06 13:46:50.522941','2025-11-06 13:46:50.522955',1),(37,'San Roque West','2025-11-06 13:46:50.523356','2025-11-06 13:46:50.523367',1),(38,'Santa Ana','2025-11-06 13:46:50.543942','2025-11-06 13:46:50.543986',1),(39,'Santa Fe','2025-11-06 13:46:50.570419','2025-11-06 13:46:50.570459',1),(40,'Santa Barbara','2025-11-06 13:46:50.570894','2025-11-06 13:46:50.570908',1),(41,'Santa Monica','2025-11-06 13:46:50.576778','2025-11-06 13:46:50.576808',1),(42,'Santa Rita (Nalinac)','2025-11-06 13:46:50.581120','2025-11-06 13:46:50.581162',1),(43,'Santa Maria','2025-11-06 13:46:50.582880','2025-11-06 13:46:50.582908',1),(44,'Santa Rita East','2025-11-06 13:46:50.596829','2025-11-06 13:46:50.596861',1),(45,'San Nicolas Norte','2025-11-06 13:46:50.621075','2025-11-06 13:46:50.621100',1),(46,'Santa Rita Norte','2025-11-06 13:46:50.621355','2025-11-06 13:46:50.621365',1),(47,'Santa Rita Sur','2025-11-06 13:46:50.625945','2025-11-06 13:46:50.625967',1),(48,'Santa Rita West','2025-11-06 13:46:50.634307','2025-11-06 13:46:50.634336',1),(49,'San Nicolas West','2025-11-06 13:46:50.638625','2025-11-06 13:46:50.638650',1),(50,'Alaska','2025-11-06 13:55:07.727479','2025-11-06 13:55:07.727517',2),(51,'Basca','2025-11-06 13:55:07.727832','2025-11-06 13:55:07.727849',2),(52,'Gallano','2025-11-06 13:55:07.760283','2025-11-06 13:55:07.760302',2),(53,'Dulao','2025-11-06 13:55:07.760550','2025-11-06 13:55:07.760566',2),(54,'Manga','2025-11-06 13:55:07.792918','2025-11-06 13:55:07.792948',2),(55,'Macabato','2025-11-06 13:55:07.793184','2025-11-06 13:55:07.793196',2),(56,'San Benito Sur','2025-11-06 13:55:07.825504','2025-11-06 13:55:07.825534',2),(57,'San Eugenio','2025-11-06 13:55:07.825798','2025-11-06 13:55:07.825808',2),(58,'San Simon East','2025-11-06 13:55:07.858188','2025-11-06 13:55:07.858224',2),(59,'San Juan West','2025-11-06 13:55:07.858509','2025-11-06 13:55:07.858523',2),(60,'San Simon West','2025-11-06 13:55:07.891417','2025-11-06 13:55:07.891453',2),(61,'Santa Cecilia','2025-11-06 13:55:07.891726','2025-11-06 13:55:07.891737',2),(62,'Santa Lucia','2025-11-06 13:55:07.925027','2025-11-06 13:55:07.925051',2),(63,'Santa Rita East','2025-11-06 13:55:07.925303','2025-11-06 13:55:07.925313',2),(64,'Santa Rita West','2025-11-06 13:55:07.959044','2025-11-06 13:55:07.959065',2),(65,'Santo Rosario West','2025-11-06 13:55:07.959304','2025-11-06 13:55:07.959315',2),(66,'Samara','2025-11-06 13:55:07.990826','2025-11-06 13:55:07.990868',2),(67,'Santo Rosario East','2025-11-06 13:55:07.991143','2025-11-06 13:55:07.991156',2),(68,'Pangao-aoan West','2025-11-06 13:55:08.028797','2025-11-06 13:55:08.028829',2),(69,'Poblacion','2025-11-06 13:55:08.029064','2025-11-06 13:55:08.029074',2),(70,'San Juan East','2025-11-06 13:55:08.042384','2025-11-06 13:55:08.042413',2),(71,'Pangao-aoan East','2025-11-06 13:55:08.042678','2025-11-06 13:55:08.042688',2),(72,'San Benito Norte','2025-11-06 13:55:08.047893','2025-11-06 13:55:08.047911',2),(73,'San Antonio','2025-11-06 13:55:08.048238','2025-11-06 13:55:08.048248',2),(74,'Agtipal','2025-11-07 00:44:05.245895','2025-11-07 00:44:05.245923',3),(75,'Santa Cruz','2025-11-07 00:44:05.268560','2025-11-07 00:44:05.268577',3),(76,'Santa Rita','2025-11-07 00:44:05.287891','2025-11-07 00:44:05.287907',3),(77,'Bacqui','2025-11-07 00:44:05.308494','2025-11-07 00:44:05.308511',3),(78,'Sapilang','2025-11-07 00:44:05.327003','2025-11-07 00:44:05.327018',3),(79,'Sayoan','2025-11-07 00:44:05.348698','2025-11-07 00:44:05.348714',3),(80,'Sipulo','2025-11-07 00:44:05.367131','2025-11-07 00:44:05.367146',3),(81,'Tammocalao','2025-11-07 00:44:05.386799','2025-11-07 00:44:05.386818',3),(82,'Ubbog','2025-11-07 00:44:05.409227','2025-11-07 00:44:05.409242',3),(83,'Oya-Oy','2025-11-07 00:44:05.428076','2025-11-07 00:44:05.428090',3),(84,'Bacsil','2025-11-07 00:44:05.447791','2025-11-07 00:44:05.447806',3),(85,'Bagutot','2025-11-07 00:44:05.467403','2025-11-07 00:44:05.467431',3),(86,'Ballogo','2025-11-07 00:44:05.487183','2025-11-07 00:44:05.487198',3),(87,'Zaragosa','2025-11-07 00:44:05.506004','2025-11-07 00:44:05.506018',3),(88,'Baroro','2025-11-07 00:44:05.524965','2025-11-07 00:44:05.524980',3),(89,'Bitalag','2025-11-07 00:44:05.556705','2025-11-07 00:44:05.556722',3),(90,'Maragayap','2025-11-07 00:44:05.557912','2025-11-07 00:44:05.557925',3),(91,'Bulala','2025-11-07 00:44:05.560279','2025-11-07 00:44:05.560290',3),(92,'Bussaoit','2025-11-07 00:44:05.561398','2025-11-07 00:44:05.561412',3),(93,'Burayoc','2025-11-07 00:44:05.561977','2025-11-07 00:44:05.561989',3),(94,'Cabaroan','2025-11-07 00:44:05.565981','2025-11-07 00:44:05.565996',3),(95,'Cabarsican','2025-11-07 00:44:05.587790','2025-11-07 00:44:05.587808',3),(96,'Cabugao','2025-11-07 00:44:05.594944','2025-11-07 00:44:05.594972',3),(97,'Mabanengbeng 1st','2025-11-07 00:44:05.598648','2025-11-07 00:44:05.598670',3),(98,'Lisqueb','2025-11-07 00:44:05.602131','2025-11-07 00:44:05.602147',3),(99,'Calautit','2025-11-07 00:44:05.602416','2025-11-07 00:44:05.602429',3),(100,'Mabanengbeng 2nd','2025-11-07 00:44:05.609662','2025-11-07 00:44:05.609680',3),(101,'Nangalisan','2025-11-07 00:44:05.615894','2025-11-07 00:44:05.615921',3),(102,'Nagatiran','2025-11-07 00:44:05.623386','2025-11-07 00:44:05.623404',3),(103,'Nagsaraboan','2025-11-07 00:44:05.631985','2025-11-07 00:44:05.632006',3),(104,'Arosip','2025-11-07 00:44:05.633769','2025-11-07 00:44:05.633784',3),(105,'Nagsimbaanan','2025-11-07 00:44:05.639246','2025-11-07 00:44:05.639269',3),(106,'Narra','2025-11-07 00:44:05.639704','2025-11-07 00:44:05.639720',3),(107,'Ortega','2025-11-07 00:44:05.648809','2025-11-07 00:44:05.648847',3),(108,'Paagan','2025-11-07 00:44:05.653084','2025-11-07 00:44:05.653108',3),(109,'Pang-Pang','2025-11-07 00:44:05.661229','2025-11-07 00:44:05.661247',3),(110,'Pandan','2025-11-07 00:44:05.661487','2025-11-07 00:44:05.661496',3),(111,'Quirino','2025-11-07 00:44:05.673809','2025-11-07 00:44:05.673829',3),(112,'Poblacion','2025-11-07 00:44:05.674118','2025-11-07 00:44:05.674133',3),(113,'Salincob','2025-11-07 00:44:05.683125','2025-11-07 00:44:05.683148',3),(114,'Raois','2025-11-07 00:44:05.683420','2025-11-07 00:44:05.683431',3),(115,'San Martin','2025-11-07 00:44:05.688927','2025-11-07 00:44:05.688945',3),(116,'Suyo','2025-11-07 00:48:14.069036','2025-11-07 00:48:14.069054',4),(117,'Dagup','2025-11-07 00:48:14.072735','2025-11-07 00:48:14.072749',4),(118,'Tagudtud','2025-11-07 00:48:14.073599','2025-11-07 00:48:14.073612',4),(119,'Alibangsay','2025-11-07 00:48:14.073883','2025-11-07 00:48:14.073892',4),(120,'Cardiz','2025-11-07 00:48:14.077322','2025-11-07 00:48:14.077336',4),(121,'Libbo','2025-11-07 00:48:14.079602','2025-11-07 00:48:14.079615',4),(122,'Tio-Angan','2025-11-07 00:48:14.097752','2025-11-07 00:48:14.097767',4),(123,'Wallayan','2025-11-07 00:48:14.100569','2025-11-07 00:48:14.100601',4),(124,'Baay','2025-11-07 00:48:14.105435','2025-11-07 00:48:14.105469',4),(125,'Cambaly','2025-11-07 00:48:14.109546','2025-11-07 00:48:14.109572',4),(126,'Almieda','2025-11-07 00:54:24.503213','2025-11-07 00:54:24.503229',5),(127,'Bungol','2025-11-07 00:54:24.526294','2025-11-07 00:54:24.526316',5),(128,'Butubut Este','2025-11-07 00:54:24.550138','2025-11-07 00:54:24.550167',5),(129,'Butubut Norte','2025-11-07 00:54:24.571298','2025-11-07 00:54:24.571314',5),(130,'Butubut Oeste','2025-11-07 00:54:24.590640','2025-11-07 00:54:24.590655',5),(131,'Butubut Sur','2025-11-07 00:54:24.610089','2025-11-07 00:54:24.610104',5),(132,'Cabuaan Oeste','2025-11-07 00:54:24.628524','2025-11-07 00:54:24.628537',5),(133,'Calliat','2025-11-07 00:54:24.647512','2025-11-07 00:54:24.647547',5),(134,'Antonino','2025-11-07 00:54:24.666824','2025-11-07 00:54:24.666839',5),(135,'Apatut','2025-11-07 00:54:24.686537','2025-11-07 00:54:24.686572',5),(136,'Calungbuyan','2025-11-07 00:54:24.706047','2025-11-07 00:54:24.706062',5),(137,'Camiling','2025-11-07 00:54:24.726362','2025-11-07 00:54:24.726377',5),(138,'Dr. Camilo Osias','2025-11-07 00:54:24.728209','2025-11-07 00:54:24.728221',5),(139,'Guinaburan','2025-11-07 00:54:24.750338','2025-11-07 00:54:24.750360',5),(140,'Ar-Arampang','2025-11-07 00:54:24.752826','2025-11-07 00:54:24.752838',5),(141,'Baracbac Este','2025-11-07 00:54:24.772762','2025-11-07 00:54:24.772778',5),(142,'Baracbac Oeste','2025-11-07 00:54:24.772981','2025-11-07 00:54:24.772991',5),(143,'Bulbulala','2025-11-07 00:54:24.794336','2025-11-07 00:54:24.794356',5),(144,'Bet-Ang','2025-11-07 00:54:24.794669','2025-11-07 00:54:24.794688',5),(145,'Nalasin','2025-11-07 00:54:24.816378','2025-11-07 00:54:24.816395',5),(146,'Nagsabaran Norte','2025-11-07 00:54:24.816714','2025-11-07 00:54:24.816725',5),(147,'Masupe','2025-11-07 00:54:24.816983','2025-11-07 00:54:24.816993',5),(148,'Nagsabaran Sur','2025-11-07 00:54:24.819539','2025-11-07 00:54:24.819549',5),(149,'Napaset','2025-11-07 00:54:24.826983','2025-11-07 00:54:24.827003',5),(150,'Pagbennecan','2025-11-07 00:54:24.827222','2025-11-07 00:54:24.827232',5),(151,'Pantar Norte','2025-11-07 00:54:24.845252','2025-11-07 00:54:24.845269',5),(152,'Pantar Sur','2025-11-07 00:54:24.845578','2025-11-07 00:54:24.845594',5),(153,'Pa-O','2025-11-07 00:54:24.847803','2025-11-07 00:54:24.847835',5),(154,'Pagleddegan','2025-11-07 00:54:24.851125','2025-11-07 00:54:24.851141',5),(155,'Sinapangan Norte','2025-11-07 00:56:16.890248','2025-11-07 00:56:16.890265',5),(156,'Patpata','2025-11-07 00:56:16.890517','2025-11-07 00:56:16.890528',5),(157,'Sablut','2025-11-07 00:56:16.891518','2025-11-07 00:56:16.891531',5),(158,'Sinapangan Sur','2025-11-07 00:56:16.895928','2025-11-07 00:56:16.895944',5),(159,'Paraoir','2025-11-07 00:56:16.897202','2025-11-07 00:56:16.897218',5),(160,'San Pablo','2025-11-07 00:56:16.899546','2025-11-07 00:56:16.899561',5),(161,'Tallipugo','2025-11-07 00:56:16.914666','2025-11-07 00:56:16.914683',5),(162,'Alzate','2025-11-07 01:06:53.881680','2025-11-07 01:06:53.881696',6),(163,'Agdeppa','2025-11-07 01:06:53.881896','2025-11-07 01:06:53.881906',6),(164,'Maria Cristina West','2025-11-07 01:06:53.904323','2025-11-07 01:06:53.904340',6),(165,'Mindoro','2025-11-07 01:06:53.904556','2025-11-07 01:06:53.904566',6),(166,'Nagsabaran','2025-11-07 01:06:53.925595','2025-11-07 01:06:53.925609',6),(167,'Paratong Norte','2025-11-07 01:06:53.925817','2025-11-07 01:06:53.925825',6),(168,'Paratong No. 3','2025-11-07 01:06:53.947134','2025-11-07 01:06:53.947161',6),(169,'Paratong No. 4','2025-11-07 01:06:53.948034','2025-11-07 01:06:53.948046',6),(170,'Central East No. 1','2025-11-07 01:06:53.968243','2025-11-07 01:06:53.968259',6),(171,'Central East No. 2','2025-11-07 01:06:53.968498','2025-11-07 01:06:53.968511',6),(172,'Central West No. 1','2025-11-07 01:06:53.991087','2025-11-07 01:06:53.991102',6),(173,'Bangaoilan East','2025-11-07 01:06:53.991307','2025-11-07 01:06:53.991316',6),(174,'Bangaoilan West','2025-11-07 01:06:54.012414','2025-11-07 01:06:54.012442',6),(175,'Barraca','2025-11-07 01:06:54.012722','2025-11-07 01:06:54.012736',6),(176,'Central West No. 2','2025-11-07 01:06:54.035782','2025-11-07 01:06:54.035798',6),(177,'Central West No. 3','2025-11-07 01:06:54.036027','2025-11-07 01:06:54.036037',6),(178,'Reyna Regente','2025-11-07 01:06:54.056167','2025-11-07 01:06:54.056181',6),(179,'Quintarong','2025-11-07 01:06:54.056386','2025-11-07 01:06:54.056395',6),(180,'Rissing','2025-11-07 01:06:54.079181','2025-11-07 01:06:54.079197',6),(181,'San Blas','2025-11-07 01:06:54.079424','2025-11-07 01:06:54.079435',6),(182,'San Cristobal','2025-11-07 01:06:54.101516','2025-11-07 01:06:54.101545',6),(183,'Sinapangan Norte','2025-11-07 01:06:54.101826','2025-11-07 01:06:54.101841',6),(184,'Sinapangan Sur','2025-11-07 01:06:54.122807','2025-11-07 01:06:54.122826',6),(185,'Ubbog','2025-11-07 01:06:54.123068','2025-11-07 01:06:54.123079',6),(186,'Caggao','2025-11-07 01:06:54.143107','2025-11-07 01:06:54.143128',6),(187,'Cadapli','2025-11-07 01:06:54.143357','2025-11-07 01:06:54.143367',6),(188,'General Prim East','2025-11-07 01:06:54.164159','2025-11-07 01:06:54.164182',6),(189,'Consuegra','2025-11-07 01:06:54.164927','2025-11-07 01:06:54.164938',6),(190,'General Prim West','2025-11-07 01:06:54.192192','2025-11-07 01:06:54.192209',6),(191,'General Terrero','2025-11-07 01:06:54.193660','2025-11-07 01:06:54.193672',6),(192,'Luzong Norte','2025-11-07 01:06:54.195824','2025-11-07 01:06:54.195847',6),(193,'Maria Cristina East','2025-11-07 01:06:54.199128','2025-11-07 01:06:54.199147',6),(194,'Luzong Sur','2025-11-07 01:06:54.200126','2025-11-07 01:06:54.200142',6),(195,'Acao','2025-11-07 01:13:47.677775','2025-11-07 01:13:47.677793',7),(196,'Baccuit Norte','2025-11-07 01:13:47.678014','2025-11-07 01:13:47.678024',7),(197,'Bagbag','2025-11-07 01:13:47.699763','2025-11-07 01:13:47.699779',7),(198,'Baccuit Sur','2025-11-07 01:13:47.699998','2025-11-07 01:13:47.700011',7),(199,'Guerrero','2025-11-07 01:13:47.722339','2025-11-07 01:13:47.722363',7),(200,'Ballay','2025-11-07 01:13:47.722663','2025-11-07 01:13:47.722676',7),(201,'Bawanta','2025-11-07 01:13:47.744762','2025-11-07 01:13:47.744781',7),(202,'Nagrebcan','2025-11-07 01:13:47.745009','2025-11-07 01:13:47.745020',7),(203,'Boy-Utan','2025-11-07 01:13:47.766090','2025-11-07 01:13:47.766106',7),(204,'Bucayab','2025-11-07 01:13:47.766310','2025-11-07 01:13:47.766319',7),(205,'Cabisilan','2025-11-07 01:13:47.790706','2025-11-07 01:13:47.790722',7),(206,'Cabalayangan','2025-11-07 01:13:47.790932','2025-11-07 01:13:47.790941',7),(207,'Carmay','2025-11-07 01:13:47.813450','2025-11-07 01:13:47.813466',7),(208,'Calumbaya','2025-11-07 01:13:47.813669','2025-11-07 01:13:47.813679',7),(209,'Casilagan','2025-11-07 01:13:47.834012','2025-11-07 01:13:47.834027',7),(210,'Central East','2025-11-07 01:13:47.836584','2025-11-07 01:13:47.836598',7),(211,'Dili','2025-11-07 01:13:47.856011','2025-11-07 01:13:47.856033',7),(212,'Central West','2025-11-07 01:13:47.856270','2025-11-07 01:13:47.856279',7),(213,'Disso-Or','2025-11-07 01:13:47.876653','2025-11-07 01:13:47.876669',7),(214,'Pagdalagan Sur','2025-11-07 01:13:47.876874','2025-11-07 01:13:47.876884',7),(215,'Palintucang','2025-11-07 01:13:47.900342','2025-11-07 01:13:47.900359',7),(216,'Palugsi-Limmansangan','2025-11-07 01:13:47.900574','2025-11-07 01:13:47.900583',7),(217,'Parian Oeste','2025-11-07 01:13:47.922765','2025-11-07 01:13:47.922786',7),(218,'Parian Este','2025-11-07 01:13:47.923041','2025-11-07 01:13:47.923051',7),(219,'Paringao','2025-11-07 01:13:47.945775','2025-11-07 01:13:47.945801',7),(220,'Payocpoc Norte Este','2025-11-07 01:13:47.946128','2025-11-07 01:13:47.946146',7),(221,'Payocpoc Norte Oeste','2025-11-07 01:13:47.967744','2025-11-07 01:13:47.967766',7),(222,'Payocpoc Sur','2025-11-07 01:13:47.968061','2025-11-07 01:13:47.968081',7),(223,'Quinavite','2025-11-07 01:13:47.997681','2025-11-07 01:13:47.997696',7),(224,'Pugo','2025-11-07 01:13:47.999273','2025-11-07 01:13:47.999285',7),(225,'Pilar','2025-11-07 01:13:48.001083','2025-11-07 01:13:48.001098',7),(226,'Pudoc','2025-11-07 01:13:48.004978','2025-11-07 01:13:48.004994',7),(227,'Pottot','2025-11-07 01:13:48.007329','2025-11-07 01:13:48.007343',7),(228,'Lower San Agustin','2025-11-07 01:13:48.007581','2025-11-07 01:13:48.007591',7),(229,'Santiago','2025-11-07 01:13:48.032595','2025-11-07 01:13:48.032611',7),(230,'Upper San Agustin','2025-11-07 01:13:48.033065','2025-11-07 01:13:48.033082',7),(231,'Taberna','2025-11-07 01:13:48.033986','2025-11-07 01:13:48.033997',7),(232,'Santa Monica','2025-11-07 01:13:48.035371','2025-11-07 01:13:48.035386',7),(233,'Urayong','2025-11-07 01:13:48.037569','2025-11-07 01:13:48.037582',7),(234,'Bilis','2025-11-07 01:18:19.094237','2025-11-07 01:18:19.094253',8),(235,'Imelda','2025-11-07 01:18:19.096047','2025-11-07 01:18:19.096063',8),(236,'Dalacdac','2025-11-07 01:18:19.098570','2025-11-07 01:18:19.098585',8),(237,'Agpay','2025-11-07 01:18:19.100314','2025-11-07 01:18:19.100329',8),(238,'Delles','2025-11-07 01:18:19.102913','2025-11-07 01:18:19.102928',8),(239,'Libtong','2025-11-07 01:18:19.103612','2025-11-07 01:18:19.103624',8),(240,'Caoayan','2025-11-07 01:18:19.130768','2025-11-07 01:18:19.130793',8),(241,'Linuan','2025-11-07 01:18:19.132254','2025-11-07 01:18:19.132272',8),(242,'Old Poblacion','2025-11-07 01:18:19.135514','2025-11-07 01:18:19.135529',8),(243,'New Poblacion','2025-11-07 01:18:19.136920','2025-11-07 01:18:19.136932',8),(245,'Lower Tumapoc','2025-11-07 01:19:07.087066','2025-11-07 01:19:07.087081',8),(246,'Upper Tumapoc','2025-11-07 01:19:07.087278','2025-11-07 01:19:07.087287',8),(247,'San Carlos','2025-11-07 01:22:28.292226','2025-11-07 01:22:28.292241',9),(248,'San Cornelio','2025-11-07 01:22:28.296419','2025-11-07 01:22:28.296433',9),(249,'Bautista','2025-11-07 01:22:28.297613','2025-11-07 01:22:28.297627',9),(250,'Poblacion Sur','2025-11-07 01:22:28.299515','2025-11-07 01:22:28.299531',9),(251,'Poblacion Norte','2025-11-07 01:22:28.303814','2025-11-07 01:22:28.303833',9),(252,'Gana','2025-11-07 01:22:28.308141','2025-11-07 01:22:28.308159',9),(253,'Juan Cartas','2025-11-07 01:22:28.316991','2025-11-07 01:22:28.317024',9),(254,'Liquicia','2025-11-07 01:22:28.327703','2025-11-07 01:22:28.327721',9),(255,'San Fermin','2025-11-07 01:22:28.327947','2025-11-07 01:22:28.327957',9),(256,'Las-Ud','2025-11-07 01:22:28.333257','2025-11-07 01:22:28.333279',9),(257,'San Gregorio','2025-11-07 01:22:28.346637','2025-11-07 01:22:28.346669',9),(258,'San Jose','2025-11-07 01:22:28.347034','2025-11-07 01:22:28.347052',9),(259,'Santiago Norte','2025-11-07 01:22:28.354794','2025-11-07 01:22:28.354814',9),(260,'Urayong','2025-11-07 01:22:28.365380','2025-11-07 01:22:28.365398',9),(261,'Sobredillo','2025-11-07 01:22:28.368284','2025-11-07 01:22:28.368300',9),(262,'Santiago Sur','2025-11-07 01:22:28.369024','2025-11-07 01:22:28.369035',9),(263,'Wenceslao','2025-11-07 01:22:28.373734','2025-11-07 01:22:28.373751',9),(264,'Abut','2025-11-07 01:30:07.496599','2025-11-07 01:30:07.496616',10),(265,'Apaleng','2025-11-07 01:30:07.499676','2025-11-07 01:30:07.499699',10),(266,'Nagyubuyuban','2025-11-07 01:30:07.519104','2025-11-07 01:30:07.519125',10),(267,'Namtutan','2025-11-07 01:30:07.521974','2025-11-07 01:30:07.521992',10),(268,'Narra Oeste','2025-11-07 01:30:07.542706','2025-11-07 01:30:07.542728',10),(269,'Narra Este','2025-11-07 01:30:07.543694','2025-11-07 01:30:07.543710',10),(270,'Pacpaco','2025-11-07 01:30:07.565626','2025-11-07 01:30:07.565641',10),(271,'Pagdalagan','2025-11-07 01:30:07.565849','2025-11-07 01:30:07.565861',10),(272,'Pagdaraoan','2025-11-07 01:30:07.589738','2025-11-07 01:30:07.589756',10),(273,'Pagudpud','2025-11-07 01:30:07.590027','2025-11-07 01:30:07.590042',10),(274,'Pao Norte','2025-11-07 01:30:07.610484','2025-11-07 01:30:07.610500',10),(275,'Pao Sur','2025-11-07 01:30:07.611231','2025-11-07 01:30:07.611246',10),(276,'Pias','2025-11-07 01:30:07.634524','2025-11-07 01:30:07.634539',10),(277,'Parian','2025-11-07 01:30:07.634810','2025-11-07 01:30:07.634827',10),(278,'Puspus','2025-11-07 01:30:07.658256','2025-11-07 01:30:07.658276',10),(279,'Poro','2025-11-07 01:30:07.658534','2025-11-07 01:30:07.658545',10),(280,'Sacyud','2025-11-07 01:30:07.680943','2025-11-07 01:30:07.680960',10),(281,'Sagayad','2025-11-07 01:30:07.681189','2025-11-07 01:30:07.681203',10),(282,'San Francisco','2025-11-07 01:30:07.703448','2025-11-07 01:30:07.703481',10),(283,'San Agustin','2025-11-07 01:30:07.703776','2025-11-07 01:30:07.703789',10),(284,'Bacsil','2025-11-07 01:30:07.725737','2025-11-07 01:30:07.725752',10),(285,'Santiago Norte','2025-11-07 01:30:07.725953','2025-11-07 01:30:07.725962',10),(286,'Santiago Sur','2025-11-07 01:30:07.759097','2025-11-07 01:30:07.759119',10),(287,'San Vicente','2025-11-07 01:30:07.759324','2025-11-07 01:30:07.759334',10),(288,'Sevilla','2025-11-07 01:30:07.779343','2025-11-07 01:30:07.779360',10),(289,'Saoay','2025-11-07 01:30:07.779567','2025-11-07 01:30:07.779576',10),(290,'Tanquigan','2025-11-07 01:30:07.809332','2025-11-07 01:30:07.809354',10),(291,'Siboan-Otong','2025-11-07 01:30:07.813372','2025-11-07 01:30:07.813385',10),(292,'Bangcusay','2025-11-07 01:30:07.814321','2025-11-07 01:30:07.814333',10),(293,'Bangbangolan','2025-11-07 01:30:07.814709','2025-11-07 01:30:07.814719',10),(294,'Barangay I','2025-11-07 01:30:07.818120','2025-11-07 01:30:07.818143',10),(295,'Tanqui','2025-11-07 01:30:07.821873','2025-11-07 01:30:07.821901',10),(296,'Barangay III','2025-11-07 01:30:07.836450','2025-11-07 01:30:07.836474',10),(297,'Barangay IV','2025-11-07 01:30:07.844051','2025-11-07 01:30:07.844067',10),(298,'Baraoas','2025-11-07 01:30:07.848151','2025-11-07 01:30:07.848168',10),(299,'Barangay II','2025-11-07 01:30:07.852309','2025-11-07 01:30:07.852325',10),(300,'Bato','2025-11-07 01:30:07.853624','2025-11-07 01:30:07.853648',10),(301,'Biday','2025-11-07 01:30:07.860031','2025-11-07 01:30:07.860048',10),(302,'Birunget','2025-11-07 01:30:07.866529','2025-11-07 01:30:07.866555',10),(303,'Bungro','2025-11-07 01:30:07.871474','2025-11-07 01:30:07.871509',10),(304,'Cadaclan','2025-11-07 01:30:07.884276','2025-11-07 01:30:07.884294',10),(305,'Cabaroan','2025-11-07 01:30:07.885230','2025-11-07 01:30:07.885245',10),(306,'Cabarsican','2025-11-07 01:30:07.887264','2025-11-07 01:30:07.887290',10),(307,'Calabugao','2025-11-07 01:30:07.891225','2025-11-07 01:30:07.891239',10),(308,'Camansi','2025-11-07 01:30:07.899349','2025-11-07 01:30:07.899367',10),(309,'Canaoay','2025-11-07 01:30:07.899594','2025-11-07 01:30:07.899604',10),(310,'Carlatan','2025-11-07 01:30:07.921799','2025-11-07 01:30:07.921823',10),(311,'Catbangen','2025-11-07 01:30:07.922564','2025-11-07 01:30:07.922577',10),(312,'Dallangayan Oeste','2025-11-07 01:30:07.922915','2025-11-07 01:30:07.922928',10),(313,'Dallangayan Este','2025-11-07 01:30:07.928998','2025-11-07 01:30:07.929017',10),(314,'Dalumpinas Este','2025-11-07 01:30:07.931818','2025-11-07 01:30:07.931841',10),(315,'Dalumpinas Oeste','2025-11-07 01:30:07.935301','2025-11-07 01:30:07.935328',10),(316,'Ilocanos Norte','2025-11-07 01:30:07.950163','2025-11-07 01:30:07.950181',10),(317,'Langcuas','2025-11-07 01:30:07.950419','2025-11-07 01:30:07.950432',10),(318,'Ilocanos Sur','2025-11-07 01:30:07.955463','2025-11-07 01:30:07.955500',10),(319,'Lingsat','2025-11-07 01:30:07.960430','2025-11-07 01:30:07.960459',10),(320,'Mameltac','2025-11-07 01:30:07.967647','2025-11-07 01:30:07.967666',10),(321,'Madayegdeg','2025-11-07 01:30:07.967895','2025-11-07 01:30:07.967906',10),(322,'Masicong','2025-11-07 01:30:07.976806','2025-11-07 01:30:07.976829',10),(323,'Alcala','2025-11-07 01:36:17.228191','2025-11-07 01:36:17.228208',11),(324,'Bungro','2025-11-07 01:36:17.231364','2025-11-07 01:36:17.231385',11),(325,'Buselbusel','2025-11-07 01:36:17.253475','2025-11-07 01:36:17.253491',11),(326,'Cabalitocan','2025-11-07 01:36:17.253689','2025-11-07 01:36:17.253698',11),(327,'Cantoria No. 3','2025-11-07 01:36:17.274518','2025-11-07 01:36:17.274533',11),(328,'Cantoria No. 1','2025-11-07 01:36:17.274735','2025-11-07 01:36:17.274745',11),(329,'Cantoria No. 2','2025-11-07 01:36:17.301147','2025-11-07 01:36:17.301169',11),(330,'Cantoria No. 4','2025-11-07 01:36:17.301430','2025-11-07 01:36:17.301444',11),(331,'Magallanes','2025-11-07 01:36:17.329265','2025-11-07 01:36:17.329283',11),(332,'Carisquis','2025-11-07 01:36:17.331742','2025-11-07 01:36:17.331763',11),(333,'Darigayos','2025-11-07 01:36:17.350920','2025-11-07 01:36:17.350936',11),(334,'Ayaoan','2025-11-07 01:36:17.351137','2025-11-07 01:36:17.351147',11),(335,'Barrientos','2025-11-07 01:36:17.372982','2025-11-07 01:36:17.372999',11),(336,'Magsiping','2025-11-07 01:36:17.373228','2025-11-07 01:36:17.373239',11),(337,'Mamay','2025-11-07 01:36:17.394723','2025-11-07 01:36:17.394739',11),(338,'Barangobong','2025-11-07 01:36:17.394968','2025-11-07 01:36:17.394978',11),(339,'Nagrebcan','2025-11-07 01:36:17.417637','2025-11-07 01:36:17.417654',11),(340,'Nalvo Norte','2025-11-07 01:36:17.417915','2025-11-07 01:36:17.417926',11),(341,'Nalvo Sur','2025-11-07 01:36:17.438293','2025-11-07 01:36:17.438309',11),(342,'Napaset','2025-11-07 01:36:17.438521','2025-11-07 01:36:17.438532',11),(343,'Oaqui No. 2','2025-11-07 01:36:17.461559','2025-11-07 01:36:17.461574',11),(344,'Oaqui No. 1','2025-11-07 01:36:17.461801','2025-11-07 01:36:17.461813',11),(345,'Oaqui No. 4','2025-11-07 01:36:17.484803','2025-11-07 01:36:17.484822',11),(346,'Oaqui No. 3','2025-11-07 01:36:17.485228','2025-11-07 01:36:17.485244',11),(347,'Pila','2025-11-07 01:36:17.506224','2025-11-07 01:36:17.506240',11),(348,'Pitpitac','2025-11-07 01:36:17.506442','2025-11-07 01:36:17.506452',11),(349,'Rimos No. 2','2025-11-07 01:36:17.527735','2025-11-07 01:36:17.527754',11),(350,'Rimos No. 1','2025-11-07 01:36:17.527971','2025-11-07 01:36:17.527980',11),(351,'Rimos No. 5','2025-11-07 01:36:17.545393','2025-11-07 01:36:17.545421',11),(352,'Rimos No. 3','2025-11-07 01:36:17.547840','2025-11-07 01:36:17.547870',11),(353,'Rissing','2025-11-07 01:36:17.551231','2025-11-07 01:36:17.551248',11),(354,'Rimos No. 4','2025-11-07 01:36:17.553970','2025-11-07 01:36:17.553991',11),(355,'Salcedo','2025-11-07 01:36:17.559860','2025-11-07 01:36:17.559879',11),(356,'Santo Domingo Norte','2025-11-07 01:36:17.563132','2025-11-07 01:36:17.563153',11),(357,'Suyo','2025-11-07 01:36:17.580042','2025-11-07 01:36:17.580060',11),(358,'Santo Domingo Sur','2025-11-07 01:36:17.582357','2025-11-07 01:36:17.582377',11),(359,'Sucoc Norte','2025-11-07 01:36:17.584357','2025-11-07 01:36:17.584370',11),(360,'Sucoc Sur','2025-11-07 01:36:17.587742','2025-11-07 01:36:17.587759',11),(361,'Victoria','2025-11-07 01:36:17.593587','2025-11-07 01:36:17.593605',11),(362,'Tallaoen','2025-11-07 01:36:17.594578','2025-11-07 01:36:17.594595',11),(363,'Al-alinao Norte','2025-11-07 02:03:23.642065','2025-11-07 02:03:23.642084',12),(364,'Aguioas','2025-11-07 02:03:23.642291','2025-11-07 02:03:23.642302',12),(365,'Balecbec','2025-11-07 02:03:23.664273','2025-11-07 02:03:23.664291',12),(366,'Angin','2025-11-07 02:03:23.664539','2025-11-07 02:03:23.664548',12),(367,'Bancagan','2025-11-07 02:03:23.686243','2025-11-07 02:03:23.686258',12),(368,'Baraoas Norte','2025-11-07 02:03:23.688187','2025-11-07 02:03:23.688198',12),(369,'Baraoas Sur','2025-11-07 02:03:23.710072','2025-11-07 02:03:23.710101',12),(370,'Bariquir','2025-11-07 02:03:23.710353','2025-11-07 02:03:23.710363',12),(371,'Bato','2025-11-07 02:03:23.732688','2025-11-07 02:03:23.732706',12),(372,'Bimmotobot','2025-11-07 02:03:23.732910','2025-11-07 02:03:23.732920',12),(373,'Cabaritan Norte','2025-11-07 02:03:23.754119','2025-11-07 02:03:23.754136',12),(374,'Cabaritan Sur','2025-11-07 02:03:23.754394','2025-11-07 02:03:23.754405',12),(375,'Casilagan','2025-11-07 02:03:23.775137','2025-11-07 02:03:23.775152',12),(376,'Dal-Lipaoen','2025-11-07 02:03:23.775360','2025-11-07 02:03:23.775370',12),(377,'Daramuangan','2025-11-07 02:03:23.797525','2025-11-07 02:03:23.797540',12),(378,'Al-alinao Sur','2025-11-07 02:03:23.797767','2025-11-07 02:03:23.797779',12),(379,'Gusing Norte','2025-11-07 02:03:23.823693','2025-11-07 02:03:23.823709',12),(380,'Guesset','2025-11-07 02:03:23.827239','2025-11-07 02:03:23.827262',12),(381,'Gusing Sur','2025-11-07 02:03:23.850620','2025-11-07 02:03:23.850637',12),(382,'Imelda','2025-11-07 02:03:23.852731','2025-11-07 02:03:23.852744',12),(383,'Lioac Norte','2025-11-07 02:03:23.874752','2025-11-07 02:03:23.874774',12),(384,'Lioac Sur','2025-11-07 02:03:23.875082','2025-11-07 02:03:23.875102',12),(385,'Mamat-ing Norte','2025-11-07 02:03:23.900748','2025-11-07 02:03:23.900765',12),(386,'Mamat-ing Sur','2025-11-07 02:03:23.901005','2025-11-07 02:03:23.901016',12),(387,'Nagsidorisan','2025-11-07 02:03:23.921500','2025-11-07 02:03:23.921518',12),(388,'Natividad','2025-11-07 02:03:23.921765','2025-11-07 02:03:23.921777',12),(389,'Ortiz','2025-11-07 02:03:23.942806','2025-11-07 02:03:23.942831',12),(390,'Mangungunay','2025-11-07 02:03:23.943206','2025-11-07 02:03:23.943231',12),(391,'Ribsuan','2025-11-07 02:03:23.966331','2025-11-07 02:03:23.966347',12),(392,'Sili','2025-11-07 02:03:23.968741','2025-11-07 02:03:23.968753',12),(393,'San Antonio','2025-11-07 02:03:23.969672','2025-11-07 02:03:23.969690',12),(394,'San Isidro','2025-11-07 02:03:23.974180','2025-11-07 02:03:23.974198',12),(395,'Saguidan Sur','2025-11-07 02:03:23.978573','2025-11-07 02:03:23.978604',12),(396,'Saguidan Norte','2025-11-07 02:03:23.982209','2025-11-07 02:03:23.982230',12),(397,'Ambaracao Sur','2025-11-07 02:03:23.993823','2025-11-07 02:03:23.993843',12),(398,'Ambaracao Norte','2025-11-07 02:03:23.994116','2025-11-07 02:03:23.994128',12),(399,'Tuddingan','2025-11-07 02:03:23.997185','2025-11-07 02:03:23.997199',12),(400,'Maoasoas Sur','2025-11-07 02:05:51.302479','2025-11-07 02:05:51.302502',13),(401,'Duplas','2025-11-07 02:05:51.303972','2025-11-07 02:05:51.303989',13),(402,'Ambalite','2025-11-07 02:05:51.305578','2025-11-07 02:05:51.305593',13),(403,'Ambangonan','2025-11-07 02:05:51.312609','2025-11-07 02:05:51.312630',13),(404,'Cares','2025-11-07 02:05:51.314151','2025-11-07 02:05:51.314166',13),(405,'Maoasoas Norte','2025-11-07 02:05:51.314417','2025-11-07 02:05:51.314428',13),(406,'Cuenca','2025-11-07 02:05:51.333658','2025-11-07 02:05:51.333677',13),(407,'Palina','2025-11-07 02:05:51.334013','2025-11-07 02:05:51.334025',13),(408,'Poblacion East','2025-11-07 02:05:51.336675','2025-11-07 02:05:51.336693',13),(409,'San Luis','2025-11-07 02:05:51.346790','2025-11-07 02:05:51.346818',13),(410,'Poblacion West','2025-11-07 02:05:51.347136','2025-11-07 02:05:51.347148',13),(411,'Saytan','2025-11-07 02:05:51.350937','2025-11-07 02:05:51.350952',13),(412,'Tavora East','2025-11-07 02:05:51.360495','2025-11-07 02:05:51.360524',13),(413,'Tavora Proper','2025-11-07 02:05:51.360858','2025-11-07 02:05:51.360872',13),(414,'Ambangonan','2025-11-07 02:11:27.525845','2025-11-07 02:11:27.525862',14),(415,'Alipang','2025-11-07 02:11:27.526080','2025-11-07 02:11:27.526090',14),(416,'Casilagan','2025-11-07 02:11:27.546221','2025-11-07 02:11:27.546236',14),(417,'Carunuan West','2025-11-07 02:11:27.546446','2025-11-07 02:11:27.546456',14),(418,'Concepcion','2025-11-07 02:11:27.570438','2025-11-07 02:11:27.570465',14),(419,'Cataguingtingan','2025-11-07 02:11:27.570821','2025-11-07 02:11:27.570838',14),(420,'Amlang','2025-11-07 02:11:27.594023','2025-11-07 02:11:27.594043',14),(421,'Damortis','2025-11-07 02:11:27.594280','2025-11-07 02:11:27.594292',14),(422,'Gumot-Nagcolaran','2025-11-07 02:11:27.618807','2025-11-07 02:11:27.618824',14),(423,'Inabaan Norte','2025-11-07 02:11:27.619053','2025-11-07 02:11:27.619063',14),(424,'Bacani','2025-11-07 02:11:27.640301','2025-11-07 02:11:27.640320',14),(425,'Bangar','2025-11-07 02:11:27.641275','2025-11-07 02:11:27.641290',14),(426,'Bani','2025-11-07 02:11:27.663491','2025-11-07 02:11:27.663520',14),(427,'Benteng-Sapilang','2025-11-07 02:11:27.663800','2025-11-07 02:11:27.663812',14),(428,'Camp One','2025-11-07 02:11:27.687922','2025-11-07 02:11:27.687950',14),(429,'Cadumanian','2025-11-07 02:11:27.690566','2025-11-07 02:11:27.690579',14),(430,'Inabaan Sur','2025-11-07 02:11:27.709946','2025-11-07 02:11:27.709966',14),(431,'Carunuan East','2025-11-07 02:11:27.710229','2025-11-07 02:11:27.710242',14),(432,'Nangcamotian','2025-11-07 02:11:27.732095','2025-11-07 02:11:27.732112',14),(433,'Nagtagaan','2025-11-07 02:11:27.732862','2025-11-07 02:11:27.732874',14),(434,'Parasapas','2025-11-07 02:11:27.753712','2025-11-07 02:11:27.753727',14),(435,'Poblacion East','2025-11-07 02:11:27.754004','2025-11-07 02:11:27.754024',14),(436,'Puzon','2025-11-07 02:11:27.777539','2025-11-07 02:11:27.777555',14),(437,'Poblacion West','2025-11-07 02:11:27.777767','2025-11-07 02:11:27.777778',14),(438,'San Jose','2025-11-07 02:11:27.798473','2025-11-07 02:11:27.798491',14),(439,'Rabon','2025-11-07 02:11:27.798773','2025-11-07 02:11:27.798786',14),(440,'Marcos','2025-11-07 02:11:27.820310','2025-11-07 02:11:27.820330',14),(441,'Subusub','2025-11-07 02:11:27.820582','2025-11-07 02:11:27.820592',14),(442,'Udiao','2025-11-07 02:11:27.840135','2025-11-07 02:11:27.840166',14),(443,'Tay-ac','2025-11-07 02:11:27.840494','2025-11-07 02:11:27.840506',14),(444,'Tanglag','2025-11-07 02:11:27.844858','2025-11-07 02:11:27.844880',14),(445,'Tabtabungao','2025-11-07 02:11:27.846460','2025-11-07 02:11:27.846475',14),(446,'Vila','2025-11-07 02:11:27.852261','2025-11-07 02:11:27.852280',14),(447,'Amontoc','2025-11-07 02:14:17.527166','2025-11-07 02:14:17.527182',15),(448,'Lipay Sur','2025-11-07 02:14:17.527399','2025-11-07 02:14:17.527408',15),(449,'Lipay Proper','2025-11-07 02:14:17.528698','2025-11-07 02:14:17.528715',15),(450,'Poblacion','2025-11-07 02:14:17.532058','2025-11-07 02:14:17.532071',15),(451,'Lon-oy','2025-11-07 02:14:17.532281','2025-11-07 02:14:17.532292',15),(452,'Lipay Norte','2025-11-07 02:14:17.535096','2025-11-07 02:14:17.535118',15),(453,'Bucao','2025-11-07 02:14:17.563384','2025-11-07 02:14:17.563403',15),(454,'Bumbuneg','2025-11-07 02:14:17.565448','2025-11-07 02:14:17.565464',15),(455,'Polipol','2025-11-07 02:14:17.567609','2025-11-07 02:14:17.567624',15),(456,'Balbalayang','2025-11-07 02:14:17.568280','2025-11-07 02:14:17.568292',15),(457,'Apayao','2025-11-07 02:14:17.572414','2025-11-07 02:14:17.572430',15),(458,'Bayabas','2025-11-07 02:14:17.572680','2025-11-07 02:14:17.572690',15),(459,'Lipay Este','2025-11-07 02:14:17.588757','2025-11-07 02:14:17.588773',15),(460,'Lacong','2025-11-07 02:14:17.591099','2025-11-07 02:14:17.591110',15),(461,'Daking','2025-11-07 02:14:17.594650','2025-11-07 02:14:17.594674',15),(462,'Allangigan','2025-11-07 02:19:25.438735','2025-11-07 02:19:25.438757',16),(463,'Cacapian','2025-11-07 02:19:25.441573','2025-11-07 02:19:25.441586',16),(464,'Caculangan','2025-11-07 02:19:25.465952','2025-11-07 02:19:25.465968',16),(465,'Calincamasan','2025-11-07 02:19:25.466199','2025-11-07 02:19:25.466210',16),(466,'Casilagan','2025-11-07 02:19:25.487368','2025-11-07 02:19:25.487383',16),(467,'Catdongan','2025-11-07 02:19:25.487643','2025-11-07 02:19:25.487658',16),(468,'Dangdangla','2025-11-07 02:19:25.513315','2025-11-07 02:19:25.513334',16),(469,'Dinanum','2025-11-07 02:19:25.513598','2025-11-07 02:19:25.513609',16),(470,'Dasay','2025-11-07 02:19:25.534031','2025-11-07 02:19:25.534047',16),(471,'Duplas','2025-11-07 02:19:25.536293','2025-11-07 02:19:25.536306',16),(472,'Ili Norte','2025-11-07 02:19:25.556292','2025-11-07 02:19:25.556310',16),(473,'Guinguinabang','2025-11-07 02:19:25.556603','2025-11-07 02:19:25.556615',16),(474,'Legleg','2025-11-07 02:19:25.577453','2025-11-07 02:19:25.577483',16),(475,'Ili Sur','2025-11-07 02:19:25.577748','2025-11-07 02:19:25.577759',16),(476,'Lubing','2025-11-07 02:19:25.599953','2025-11-07 02:19:25.599971',16),(477,'Aludaid','2025-11-07 02:19:25.600209','2025-11-07 02:19:25.600219',16),(478,'Nagyubuyuban','2025-11-07 02:19:25.630155','2025-11-07 02:19:25.630185',16),(479,'Nadsaag','2025-11-07 02:19:25.633188','2025-11-07 02:19:25.633209',16),(480,'Naguituban','2025-11-07 02:19:25.654820','2025-11-07 02:19:25.654836',16),(481,'Naguirangan','2025-11-07 02:19:25.655050','2025-11-07 02:19:25.655059',16),(482,'Nagsabaran','2025-11-07 02:19:25.676108','2025-11-07 02:19:25.676125',16),(483,'Pacpacac','2025-11-07 02:19:25.676428','2025-11-07 02:19:25.676444',16),(484,'Panicsican','2025-11-07 02:19:25.698317','2025-11-07 02:19:25.698337',16),(485,'Oaquing','2025-11-07 02:19:25.698601','2025-11-07 02:19:25.698613',16),(486,'San Felipe','2025-11-07 02:19:25.721317','2025-11-07 02:19:25.721332',16),(487,'Pagdildilan','2025-11-07 02:19:25.721553','2025-11-07 02:19:25.721564',16),(488,'Quidem','2025-11-07 02:19:25.751184','2025-11-07 02:19:25.751210',16),(489,'Bacsayan','2025-11-07 02:19:25.756520','2025-11-07 02:19:25.756533',16),(490,'Santa Rosa','2025-11-07 02:19:25.757389','2025-11-07 02:19:25.757403',16),(491,'Saracat','2025-11-07 02:19:25.759645','2025-11-07 02:19:25.759664',16),(492,'Santo Rosario','2025-11-07 02:19:25.766064','2025-11-07 02:19:25.766082',16),(493,'Sinapangan','2025-11-07 02:19:25.766314','2025-11-07 02:19:25.766325',16),(494,'Caarusipan','2025-11-07 02:19:25.787539','2025-11-07 02:19:25.787559',16),(495,'Bugbugcao','2025-11-07 02:19:25.788725','2025-11-07 02:19:25.788738',16),(496,'Balballosa','2025-11-07 02:19:25.792119','2025-11-07 02:19:25.792154',16),(497,'Bambanay','2025-11-07 02:19:25.794637','2025-11-07 02:19:25.794657',16),(498,'Taboc','2025-11-07 02:19:25.801656','2025-11-07 02:19:25.801677',16),(499,'Cabaroan','2025-11-07 02:19:25.804327','2025-11-07 02:19:25.804349',16),(500,'Talogtog','2025-11-07 02:19:25.815890','2025-11-07 02:19:25.815909',16),(501,'Urbiztondo','2025-11-07 02:19:25.816196','2025-11-07 02:19:25.816208',16),(502,'Cabugnayan','2025-11-07 02:19:25.819085','2025-11-07 02:19:25.819098',16),(503,'Poblacion','2025-11-07 02:21:46.656174','2025-11-07 02:21:46.656191',17),(504,'Lettac Sur','2025-11-07 02:21:46.658569','2025-11-07 02:21:46.658588',17),(505,'Paagan','2025-11-07 02:21:46.660726','2025-11-07 02:21:46.660741',17),(506,'Mangaan','2025-11-07 02:21:46.663209','2025-11-07 02:21:46.663221',17),(507,'Lettac Norte','2025-11-07 02:21:46.664335','2025-11-07 02:21:46.664350',17),(508,'Corrooy','2025-11-07 02:21:46.664651','2025-11-07 02:21:46.664665',17),(509,'Ramot','2025-11-07 02:21:46.689544','2025-11-07 02:21:46.689561',17),(510,'Sapdaan','2025-11-07 02:21:46.689928','2025-11-07 02:21:46.689940',17),(511,'Puguil','2025-11-07 02:21:46.691873','2025-11-07 02:21:46.691885',17),(512,'Sasaba','2025-11-07 02:21:46.693617','2025-11-07 02:21:46.693628',17),(513,'Tubaday','2025-11-07 02:21:46.694488','2025-11-07 02:21:46.694502',17),(514,'Ambitacay','2025-11-07 02:29:32.505796','2025-11-07 02:29:32.505811',18),(515,'Fernando','2025-11-07 02:29:32.506023','2025-11-07 02:29:32.506034',18),(516,'Linong','2025-11-07 02:29:32.526573','2025-11-07 02:29:32.526592',18),(517,'Lomboy','2025-11-07 02:29:32.526881','2025-11-07 02:29:32.526895',18),(518,'Malabago','2025-11-07 02:29:32.548053','2025-11-07 02:29:32.548071',18),(519,'Bail','2025-11-07 02:29:32.548303','2025-11-07 02:29:32.548313',18),(520,'Namboongan','2025-11-07 02:29:32.569212','2025-11-07 02:29:32.569227',18),(521,'Namonitan','2025-11-07 02:29:32.569435','2025-11-07 02:29:32.569446',18),(522,'Balaoc','2025-11-07 02:29:32.589346','2025-11-07 02:29:32.589362',18),(523,'Narvacan','2025-11-07 02:29:32.589662','2025-11-07 02:29:32.589680',18),(524,'Balsaan','2025-11-07 02:29:32.610442','2025-11-07 02:29:32.610457',18),(525,'Baybay','2025-11-07 02:29:32.610675','2025-11-07 02:29:32.610685',18),(526,'Casantaan','2025-11-07 02:29:32.631664','2025-11-07 02:29:32.631681',18),(527,'Cabaruan','2025-11-07 02:29:32.632033','2025-11-07 02:29:32.632047',18),(528,'Casilagan','2025-11-07 02:29:32.652535','2025-11-07 02:29:32.652559',18),(529,'Cupang','2025-11-07 02:29:32.652801','2025-11-07 02:29:32.652813',18),(530,'Damortis','2025-11-07 02:29:32.674933','2025-11-07 02:29:32.674952',18),(531,'Patac','2025-11-07 02:29:32.677216','2025-11-07 02:29:32.677229',18),(532,'Pongpong','2025-11-07 02:29:32.695518','2025-11-07 02:29:32.695533',18),(533,'Poblacion','2025-11-07 02:29:32.695769','2025-11-07 02:29:32.695779',18),(534,'Raois','2025-11-07 02:29:32.717335','2025-11-07 02:29:32.717352',18),(535,'Tubod','2025-11-07 02:29:32.717625','2025-11-07 02:29:32.717635',18),(536,'Ubagan','2025-11-07 02:29:32.737634','2025-11-07 02:29:32.737650',18),(537,'Tococ','2025-11-07 02:29:32.737864','2025-11-07 02:29:32.737875',18),(538,'Bigbiga','2025-11-07 02:38:58.979706','2025-11-07 02:38:58.979726',19),(539,'Namaltugan','2025-11-07 02:38:58.998553','2025-11-07 02:38:58.998568',19),(540,'Bulalaan','2025-11-07 02:38:59.019259','2025-11-07 02:38:59.019275',19),(541,'Castro','2025-11-07 02:38:59.039791','2025-11-07 02:38:59.039807',19),(542,'Duplas','2025-11-07 02:38:59.058735','2025-11-07 02:38:59.058752',19),(543,'Ilocano','2025-11-07 02:38:59.077512','2025-11-07 02:38:59.077529',19),(544,'Ipet','2025-11-07 02:38:59.096526','2025-11-07 02:38:59.096542',19),(545,'Maliclico','2025-11-07 02:38:59.115914','2025-11-07 02:38:59.115937',19),(546,'Old Central','2025-11-07 02:38:59.135601','2025-11-07 02:38:59.135616',19),(547,'Poblacion','2025-11-07 02:38:59.154066','2025-11-07 02:38:59.154081',19),(548,'Porporiket','2025-11-07 02:38:59.172958','2025-11-07 02:38:59.172973',19),(549,'San Francisco Norte','2025-11-07 02:38:59.192226','2025-11-07 02:38:59.192247',19),(550,'San Francisco Sur','2025-11-07 02:38:59.211593','2025-11-07 02:38:59.211614',19),(551,'San Jose','2025-11-07 02:38:59.230033','2025-11-07 02:38:59.230049',19),(552,'Sengngat','2025-11-07 02:38:59.248314','2025-11-07 02:38:59.248329',19),(553,'Turod','2025-11-07 02:38:59.266540','2025-11-07 02:38:59.266555',19),(554,'Up-uplas','2025-11-07 02:38:59.285942','2025-11-07 02:38:59.285957',19),(555,'Amallapay','2025-11-07 02:42:51.326121','2025-11-07 02:42:51.326138',20),(556,'Halog East','2025-11-07 02:42:51.326928','2025-11-07 02:42:51.326939',20),(557,'Gonzales','2025-11-07 02:42:51.329836','2025-11-07 02:42:51.329854',20),(558,'Halog West','2025-11-07 02:42:51.351992','2025-11-07 02:42:51.352016',20),(559,'Leones East','2025-11-07 02:42:51.355834','2025-11-07 02:42:51.355852',20),(560,'Leones West','2025-11-07 02:42:51.356142','2025-11-07 02:42:51.356155',20),(561,'Magsaysay','2025-11-07 02:42:51.383914','2025-11-07 02:42:51.383932',20),(562,'Anduyan','2025-11-07 02:42:51.387054','2025-11-07 02:42:51.387068',20),(563,'Linapew','2025-11-07 02:42:51.387381','2025-11-07 02:42:51.387404',20),(564,'Rizal','2025-11-07 02:42:51.409269','2025-11-07 02:42:51.409284',20),(565,'Pideg','2025-11-07 02:42:51.409512','2025-11-07 02:42:51.409523',20),(566,'Poblacion','2025-11-07 02:42:51.411180','2025-11-07 02:42:51.411191',20),(567,'Santa Teresa','2025-11-07 02:42:51.433363','2025-11-07 02:42:51.433380',20),(568,'Caoigue','2025-11-07 02:42:51.433601','2025-11-07 02:42:51.433612',20),(569,'Lloren','2025-11-07 02:42:51.436152','2025-11-07 02:42:51.436166',20),(570,'Francia West','2025-11-07 02:42:51.456848','2025-11-07 02:42:51.456864',20),(571,'Francia Sur','2025-11-07 02:42:51.457768','2025-11-07 02:42:51.457780',20),(572,'Garcia','2025-11-07 02:42:51.460171','2025-11-07 02:42:51.460185',20),(573,'camille','2025-11-20 02:15:50.689663','2025-11-20 02:15:50.689703',21);
/*!40000 ALTER TABLE `api_barangay` ENABLE KEYS */;
UNLOCK TABLES;

--
-- Table structure for table `api_barangayverifier`
--

DROP TABLE IF EXISTS `api_barangayverifier`;
/*!40101 SET @saved_cs_client     = @@character_set_client */;
/*!50503 SET character_set_client = utf8mb4 */;
CREATE TABLE `api_barangayverifier` (
  `id` bigint NOT NULL AUTO_INCREMENT,
  `position` varchar(50) NOT NULL,
  `first_name` varchar(100) NOT NULL,
  `middle_name` varchar(100) DEFAULT NULL,
  `last_name` varchar(100) NOT NULL,
  `is_active` tinyint(1) NOT NULL,
  `created_at` datetime(6) NOT NULL,
  `updated_at` datetime(6) NOT NULL,
  `barangay_id` int NOT NULL,
  `municipality_id` int NOT NULL,
  PRIMARY KEY (`id`),
  UNIQUE KEY `api_barangayverifier_barangay_id_position_61ecfff4_uniq` (`barangay_id`,`position`),
  KEY `api_barangayverifier_municipality_id_88279fe5_fk_api_munic` (`municipality_id`),
  CONSTRAINT `api_barangayverifier_barangay_id_51d0f555_fk_api_baran` FOREIGN KEY (`barangay_id`) REFERENCES `api_barangay` (`barangay_id`),
  CONSTRAINT `api_barangayverifier_municipality_id_88279fe5_fk_api_munic` FOREIGN KEY (`municipality_id`) REFERENCES `api_municipality` (`municipality_id`)
) ENGINE=InnoDB AUTO_INCREMENT=8 DEFAULT CHARSET=utf8mb4 COLLATE=utf8mb4_0900_ai_ci;
/*!40101 SET character_set_client = @saved_cs_client */;

--
-- Dumping data for table `api_barangayverifier`
--

LOCK TABLES `api_barangayverifier` WRITE;
/*!40000 ALTER TABLE `api_barangayverifier` DISABLE KEYS */;
INSERT INTO `api_barangayverifier` VALUES (1,'Barangay Captain','KELVIN','','BANZO',1,'2025-11-17 05:37:07.475190','2025-11-17 05:37:07.475214',491,16),(2,'Barangay Captain','GHGFHGFH','GFDG','GFCGF',1,'2025-11-17 05:37:51.359788','2025-11-17 05:37:51.359806',462,16),(3,'Barangay Secretary','LORRAIN','','IUGYUG',1,'2025-11-17 05:38:40.783955','2025-11-17 05:38:40.783996',462,16),(4,'Fishing Coordinator','DRIC','','DTRDTRD',1,'2025-11-17 05:39:03.808582','2025-11-17 05:39:03.808613',462,16),(5,'Barangay Secretary','Camille','Huei','Cardenaz',1,'2025-11-20 01:28:07.912045','2025-11-20 01:28:07.912077',300,10),(6,'Barangay Captain','Dircu','Dowsha','Mabunga',1,'2025-11-20 01:53:43.243905','2025-11-20 01:53:43.243942',294,10),(7,'Fishing Coordinator','Grover','','Underwood',1,'2025-11-22 14:23:12.535640','2025-11-22 14:23:12.535682',251,9);
/*!40000 ALTER TABLE `api_barangayverifier` ENABLE KEYS */;
UNLOCK TABLES;

--
-- Table structure for table `api_birukbilugtracker`
--

DROP TABLE IF EXISTS `api_birukbilugtracker`;
/*!40101 SET @saved_cs_client     = @@character_set_client */;
/*!50503 SET character_set_client = utf8mb4 */;
CREATE TABLE `api_birukbilugtracker` (
  `BirukBilugID` varchar(50) NOT NULL,
  `municipality` varchar(100) NOT NULL,
  `status` varchar(20) NOT NULL,
  `date_added` datetime(6) NOT NULL,
  `provisional` tinyint(1) NOT NULL,
  `boat_id` varchar(50) DEFAULT NULL,
  PRIMARY KEY (`BirukBilugID`),
  UNIQUE KEY `boat_id` (`boat_id`),
  CONSTRAINT `api_birukbilugtracker_boat_id_b2210d6e_fk_api_boat_mfbr_number` FOREIGN KEY (`boat_id`) REFERENCES `api_boat` (`mfbr_number`)
) ENGINE=InnoDB DEFAULT CHARSET=utf8mb4 COLLATE=utf8mb4_0900_ai_ci;
/*!40101 SET character_set_client = @saved_cs_client */;

--
-- Dumping data for table `api_birukbilugtracker`
--

LOCK TABLES `api_birukbilugtracker` WRITE;
/*!40000 ALTER TABLE `api_birukbilugtracker` DISABLE KEYS */;
INSERT INTO `api_birukbilugtracker` VALUES ('CSF-0001','City Of San Fernando','assigned','2025-11-20 01:41:06.050076',1,'LU-CSF-067'),('CSF-0002','City Of San Fernando','assigned','2025-11-20 01:47:19.519207',1,'LU-CSF-930'),('SA1-0001','San Juan','available','2025-11-19 03:54:30.338708',1,NULL),('SA1-0002','San Juan','available','2025-11-19 04:07:43.959152',1,NULL),('SA1-0003','San Juan','available','2025-11-19 04:27:16.386401',1,NULL),('SA1-0004','San Juan','available','2025-11-19 04:32:21.518403',1,NULL),('SA1-0005','San Juan','available','2025-11-19 05:29:32.722282',1,NULL),('SA1-0006','San Juan','available','2025-11-19 05:36:09.597733',1,NULL),('SA1-0007','San Juan','available','2025-11-19 05:45:41.138803',1,NULL),('SA1-0008','San Juan','available','2025-11-19 05:58:34.057121',1,NULL),('SA1-0009','San Juan','available','2025-11-19 06:04:55.608760',1,NULL),('SA1-0010','San Juan','available','2025-11-19 06:25:28.369140',1,NULL),('SA1-0011','San Juan','available','2025-11-19 06:32:44.855870',1,NULL),('SA1-0012','San Juan','available','2025-11-19 06:45:40.882457',1,NULL),('SA1-0013','San Juan','available','2025-11-19 07:02:26.911645',1,NULL),('SA1-0014','San Juan','available','2025-11-19 07:13:45.709124',1,NULL),('SA1-0015','San Juan','available','2025-11-19 07:40:26.837739',1,NULL),('SAN-0001','San Gabriel','available','2025-11-18 15:29:08.937567',1,NULL),('SAN-0002','San Gabriel','available','2025-11-18 15:32:41.186147',1,NULL),('SAN-0003','San Gabriel','available','2025-11-18 15:34:17.168689',1,NULL),('SAN-0004','San Gabriel','available','2025-11-18 15:52:50.402721',1,NULL),('SJU-0001','San Juan','assigned','2025-11-17 06:00:41.695960',1,'LU-SJN-111');
/*!40000 ALTER TABLE `api_birukbilugtracker` ENABLE KEYS */;
UNLOCK TABLES;

--
-- Table structure for table `api_boat`
--

DROP TABLE IF EXISTS `api_boat`;
/*!40101 SET @saved_cs_client     = @@character_set_client */;
/*!50503 SET character_set_client = utf8mb4 */;
CREATE TABLE `api_boat` (
  `mfbr_number` varchar(50) NOT NULL,
  `application_date` date NOT NULL,
  `type_of_registration` varchar(100) NOT NULL,
  `type_of_ownership` varchar(100) NOT NULL,
  `boat_name` varchar(100) NOT NULL,
  `boat_type` varchar(50) NOT NULL,
  `fishing_ground` varchar(100) NOT NULL,
  `fma_number` varchar(50) NOT NULL,
  `built_place` varchar(100) NOT NULL,
  `no_fishers` int NOT NULL,
  `material_used` varchar(100) NOT NULL,
  `homeport` varchar(100) NOT NULL,
  `built_year` int NOT NULL,
  `engine_make` varchar(100) NOT NULL,
  `serial_number` varchar(100) NOT NULL,
  `horsepower` varchar(50) NOT NULL,
  `registered_municipality` varchar(100) DEFAULT NULL,
  `is_active` tinyint(1) NOT NULL,
  `date_added` datetime(6) NOT NULL,
  `boat_image` varchar(100) DEFAULT NULL,
  `fisherfolk_registration_number_id` varchar(50) NOT NULL,
  PRIMARY KEY (`mfbr_number`),
  KEY `api_boat_fisherfolk_registrat_4ce97038_fk_api_fishe` (`fisherfolk_registration_number_id`),
  CONSTRAINT `api_boat_fisherfolk_registrat_4ce97038_fk_api_fishe` FOREIGN KEY (`fisherfolk_registration_number_id`) REFERENCES `api_fisherfolk` (`registration_number`)
) ENGINE=InnoDB DEFAULT CHARSET=utf8mb4 COLLATE=utf8mb4_0900_ai_ci;
/*!40101 SET character_set_client = @saved_cs_client */;

--
-- Dumping data for table `api_boat`
--

LOCK TABLES `api_boat` WRITE;
/*!40000 ALTER TABLE `api_boat` DISABLE KEYS */;
INSERT INTO `api_boat` VALUES ('LU-CSF-067','2025-11-20','New/Initial Registration','Individual','Kelvinlakitite','Motorized','City Of San Fernando','Fma-6','Japan',6,'Fiber Glass','Lingayen Gulf',2003,'Supremo','09090967','16','City Of San Fernando',1,'2025-11-20 01:36:18.114055','boats/be8e686f-b318-4ed7-aaec-7e484963dd1e.jpg','6767-676767676-76767'),('LU-CSF-125','2025-11-10','New/Initial Registration','Individual','BackendMatchBoat3','Motorized','San Fernando','123456','BackendPlace',5,'Composite','San Fernando Port',2025,'Honda','1122','50','San Fernando City',1,'2025-11-22 14:02:09.151585','','3244-456823654-00000'),('LU-CSF-930','2025-11-20','New/Initial Registration','Individual','Pinkieeee','Non-Motorized','City Of San Fernando','Fma-6','Japan',6,'Wood','Lingayen Gulf',2020,'Briggs & Stratton','09090967','16','City Of San Fernando',1,'2025-11-20 01:56:58.645788','boats/4b6e6501-83f9-4f32-90bb-a496adee92b5.jpg','0943-058374582-30280'),('LU-SJN-111','2025-11-17','New/Initial Registration','Individual','Zoro','Motorized','San Juan','Fma-6','Onepiece',1,'Wood','Lingayen Gulf',2020,'Supremo','12312','16','San Juan',1,'2025-11-17 05:59:07.926625','boats/muichiro-tokito-3840x2160-22499.png','6565-876576565-46546');
/*!40000 ALTER TABLE `api_boat` ENABLE KEYS */;
UNLOCK TABLES;

--
-- Table structure for table `api_boatgearassignment`
--

DROP TABLE IF EXISTS `api_boatgearassignment`;
/*!40101 SET @saved_cs_client     = @@character_set_client */;
/*!50503 SET character_set_client = utf8mb4 */;
CREATE TABLE `api_boatgearassignment` (
  `id` bigint NOT NULL AUTO_INCREMENT,
  `boat_id` varchar(50) NOT NULL,
  PRIMARY KEY (`id`),
  KEY `api_boatgearassignment_boat_id_2e854ddc_fk_api_boat_mfbr_number` (`boat_id`),
  CONSTRAINT `api_boatgearassignment_boat_id_2e854ddc_fk_api_boat_mfbr_number` FOREIGN KEY (`boat_id`) REFERENCES `api_boat` (`mfbr_number`)
) ENGINE=InnoDB AUTO_INCREMENT=4 DEFAULT CHARSET=utf8mb4 COLLATE=utf8mb4_0900_ai_ci;
/*!40101 SET character_set_client = @saved_cs_client */;

--
-- Dumping data for table `api_boatgearassignment`
--

LOCK TABLES `api_boatgearassignment` WRITE;
/*!40000 ALTER TABLE `api_boatgearassignment` DISABLE KEYS */;
INSERT INTO `api_boatgearassignment` VALUES (2,'LU-CSF-067'),(3,'LU-CSF-930'),(1,'LU-SJN-111');
/*!40000 ALTER TABLE `api_boatgearassignment` ENABLE KEYS */;
UNLOCK TABLES;

--
-- Table structure for table `api_boatgearsubtypeassignment`
--

DROP TABLE IF EXISTS `api_boatgearsubtypeassignment`;
/*!40101 SET @saved_cs_client     = @@character_set_client */;
/*!50503 SET character_set_client = utf8mb4 */;
CREATE TABLE `api_boatgearsubtypeassignment` (
  `id` bigint NOT NULL AUTO_INCREMENT,
  `is_present` tinyint(1) NOT NULL,
  `quantity` int DEFAULT NULL,
  `boat_gear_assignment_id` bigint NOT NULL,
  `gear_subtype_id` bigint NOT NULL,
  PRIMARY KEY (`id`),
  KEY `api_boatgearsubtypea_boat_gear_assignment_8983c49f_fk_api_boatg` (`boat_gear_assignment_id`),
  KEY `api_boatgearsubtypea_gear_subtype_id_4ab9fe6f_fk_api_gears` (`gear_subtype_id`),
  CONSTRAINT `api_boatgearsubtypea_boat_gear_assignment_8983c49f_fk_api_boatg` FOREIGN KEY (`boat_gear_assignment_id`) REFERENCES `api_boatgearassignment` (`id`),
  CONSTRAINT `api_boatgearsubtypea_gear_subtype_id_4ab9fe6f_fk_api_gears` FOREIGN KEY (`gear_subtype_id`) REFERENCES `api_gearsubtype` (`id`)
) ENGINE=InnoDB DEFAULT CHARSET=utf8mb4 COLLATE=utf8mb4_0900_ai_ci;
/*!40101 SET character_set_client = @saved_cs_client */;

--
-- Dumping data for table `api_boatgearsubtypeassignment`
--

LOCK TABLES `api_boatgearsubtypeassignment` WRITE;
/*!40000 ALTER TABLE `api_boatgearsubtypeassignment` DISABLE KEYS */;
/*!40000 ALTER TABLE `api_boatgearsubtypeassignment` ENABLE KEYS */;
UNLOCK TABLES;

--
-- Table structure for table `api_boatgeartypeassignment`
--

DROP TABLE IF EXISTS `api_boatgeartypeassignment`;
/*!40101 SET @saved_cs_client     = @@character_set_client */;
/*!50503 SET character_set_client = utf8mb4 */;
CREATE TABLE `api_boatgeartypeassignment` (
  `id` bigint NOT NULL AUTO_INCREMENT,
  `is_present` tinyint(1) NOT NULL,
  `boat_gear_assignment_id` bigint NOT NULL,
  `gear_type_id` bigint NOT NULL,
  PRIMARY KEY (`id`),
  KEY `api_boatgeartypeassi_boat_gear_assignment_ce68488e_fk_api_boatg` (`boat_gear_assignment_id`),
  KEY `api_boatgeartypeassi_gear_type_id_f7b47a8d_fk_api_geart` (`gear_type_id`),
  CONSTRAINT `api_boatgeartypeassi_boat_gear_assignment_ce68488e_fk_api_boatg` FOREIGN KEY (`boat_gear_assignment_id`) REFERENCES `api_boatgearassignment` (`id`),
  CONSTRAINT `api_boatgeartypeassi_gear_type_id_f7b47a8d_fk_api_geart` FOREIGN KEY (`gear_type_id`) REFERENCES `api_geartype` (`id`)
) ENGINE=InnoDB DEFAULT CHARSET=utf8mb4 COLLATE=utf8mb4_0900_ai_ci;
/*!40101 SET character_set_client = @saved_cs_client */;

--
-- Dumping data for table `api_boatgeartypeassignment`
--

LOCK TABLES `api_boatgeartypeassignment` WRITE;
/*!40000 ALTER TABLE `api_boatgeartypeassignment` DISABLE KEYS */;
/*!40000 ALTER TABLE `api_boatgeartypeassignment` ENABLE KEYS */;
UNLOCK TABLES;

--
-- Table structure for table `api_boatmeasurements`
--

DROP TABLE IF EXISTS `api_boatmeasurements`;
/*!40101 SET @saved_cs_client     = @@character_set_client */;
/*!50503 SET character_set_client = utf8mb4 */;
CREATE TABLE `api_boatmeasurements` (
  `boat_measure_id` int NOT NULL AUTO_INCREMENT,
  `registered_length` decimal(10,2) NOT NULL,
  `registered_breadth` decimal(10,2) NOT NULL,
  `registered_depth` decimal(10,2) NOT NULL,
  `tonnage_length` decimal(10,2) NOT NULL,
  `tonnage_breadth` decimal(10,2) NOT NULL,
  `tonnage_depth` decimal(10,2) NOT NULL,
  `gross_tonnage` decimal(10,2) NOT NULL,
  `net_tonnage` decimal(10,2) NOT NULL,
  `date_added` datetime(6) NOT NULL,
  `boat_id` varchar(50) NOT NULL,
  PRIMARY KEY (`boat_measure_id`),
  UNIQUE KEY `boat_id` (`boat_id`),
  CONSTRAINT `api_boatmeasurements_boat_id_283f3e8c_fk_api_boat_mfbr_number` FOREIGN KEY (`boat_id`) REFERENCES `api_boat` (`mfbr_number`)
) ENGINE=InnoDB AUTO_INCREMENT=4 DEFAULT CHARSET=utf8mb4 COLLATE=utf8mb4_0900_ai_ci;
/*!40101 SET character_set_client = @saved_cs_client */;

--
-- Dumping data for table `api_boatmeasurements`
--

LOCK TABLES `api_boatmeasurements` WRITE;
/*!40000 ALTER TABLE `api_boatmeasurements` DISABLE KEYS */;
INSERT INTO `api_boatmeasurements` VALUES (1,3.00,3.00,3.00,3.00,3.00,3.00,6.68,6.01,'2025-11-17 05:59:08.271857','LU-SJN-111'),(2,6.00,3.00,7.00,3.00,1.00,2.00,1.48,1.34,'2025-11-20 01:36:18.487290','LU-CSF-067'),(3,6.00,3.00,7.00,3.00,1.00,2.00,1.48,1.34,'2025-11-20 01:56:59.032954','LU-CSF-930');
/*!40000 ALTER TABLE `api_boatmeasurements` ENABLE KEYS */;
UNLOCK TABLES;

--
-- Table structure for table `api_boundarycrossing`
--

DROP TABLE IF EXISTS `api_boundarycrossing`;
/*!40101 SET @saved_cs_client     = @@character_set_client */;
/*!50503 SET character_set_client = utf8mb4 */;
CREATE TABLE `api_boundarycrossing` (
  `id` bigint NOT NULL AUTO_INCREMENT,
  `boat_id` int NOT NULL,
  `from_municipality` varchar(100) NOT NULL,
  `to_municipality` varchar(100) NOT NULL,
  `crossing_timestamp` datetime(6) NOT NULL,
  `from_lat` double NOT NULL,
  `from_lng` double NOT NULL,
  `to_lat` double NOT NULL,
  `to_lng` double NOT NULL,
  `sms_sent` tinyint(1) NOT NULL,
  `sms_response` json DEFAULT NULL,
  `phone_number` varchar(20) NOT NULL,
  `fisherfolk_id` varchar(50) DEFAULT NULL,
  PRIMARY KEY (`id`),
  KEY `api_boundarycrossing_fisherfolk_id_333eec8d_fk_api_fishe` (`fisherfolk_id`),
  KEY `api_boundar_boat_id_742ab3_idx` (`boat_id`,`crossing_timestamp` DESC),
  KEY `api_boundar_crossin_5618a9_idx` (`crossing_timestamp`),
  KEY `api_boundar_from_mu_048daf_idx` (`from_municipality`,`to_municipality`),
  CONSTRAINT `api_boundarycrossing_fisherfolk_id_333eec8d_fk_api_fishe` FOREIGN KEY (`fisherfolk_id`) REFERENCES `api_fisherfolk` (`registration_number`)
) ENGINE=InnoDB AUTO_INCREMENT=16 DEFAULT CHARSET=utf8mb4 COLLATE=utf8mb4_0900_ai_ci;
/*!40101 SET character_set_client = @saved_cs_client */;

--
-- Dumping data for table `api_boundarycrossing`
--

LOCK TABLES `api_boundarycrossing` WRITE;
/*!40000 ALTER TABLE `api_boundarycrossing` DISABLE KEYS */;
INSERT INTO `api_boundarycrossing` VALUES (1,0,'San Juan','Bacnotan','2025-11-17 07:16:38.766517',16.707212,120.341217,16.707212,120.341217,1,'{\"success\": true, \"sms_result\": {\"success\": true, \"provider\": \"vonage\", \"response\": {\"messages\": [{\"to\": \"639271696022\", \"status\": \"0\", \"network\": \"51502\", \"message-id\": \"c491ce0b-99dc-420b-b1af-d7e90610c835\", \"message-price\": \"0.19776000\", \"remaining-balance\": \"-0.33984000\"}, {\"to\": \"639271696022\", \"status\": \"0\", \"network\": \"51502\", \"message-id\": \"fe3f2b76-b2b4-4184-8267-281eb1263c8a\", \"message-price\": \"0.19776000\", \"remaining-balance\": \"-0.33984000\"}, {\"to\": \"639271696022\", \"status\": \"0\", \"network\": \"51502\", \"message-id\": \"bd2eb008-bd7f-4352-a8a8-0f7395c63137\", \"message-price\": \"0.19776000\", \"remaining-balance\": \"-0.33984000\"}], \"message-count\": \"3\"}, \"timestamp\": \"2025-11-17T15:52:43.906265\", \"message_id\": \"c491ce0b-99dc-420b-b1af-d7e90610c835\"}, \"phone_number\": \"6022****\", \"crossing_data\": {\"boat_id\": \"LU-SJN-111\", \"timestamp\": \"2025-11-17T07:52:43.399648+00:00\", \"to_municipality\": \"Bacnotan\", \"current_position\": {\"lat\": 16.707212, \"lng\": 120.341217}, \"from_municipality\": \"San Juan\", \"previous_position\": {\"lat\": 16.707212, \"lng\": 120.341217}, \"time_since_last_position\": \"0:36:04.633131\"}, \"fisherfolk_name\": \"Sandric Casugay\"}','',NULL),(2,0,'San Juan','Bacnotan','2025-11-17 07:52:43.907565',16.707212,120.341217,16.707212,120.341217,1,'{\"success\": true, \"provider\": \"vonage\", \"response\": {\"messages\": [{\"to\": \"639271696022\", \"status\": \"0\", \"network\": \"51502\", \"message-id\": \"c491ce0b-99dc-420b-b1af-d7e90610c835\", \"message-price\": \"0.19776000\", \"remaining-balance\": \"-0.33984000\"}, {\"to\": \"639271696022\", \"status\": \"0\", \"network\": \"51502\", \"message-id\": \"fe3f2b76-b2b4-4184-8267-281eb1263c8a\", \"message-price\": \"0.19776000\", \"remaining-balance\": \"-0.33984000\"}, {\"to\": \"639271696022\", \"status\": \"0\", \"network\": \"51502\", \"message-id\": \"bd2eb008-bd7f-4352-a8a8-0f7395c63137\", \"message-price\": \"0.19776000\", \"remaining-balance\": \"-0.33984000\"}], \"message-count\": \"3\"}, \"timestamp\": \"2025-11-17T15:52:43.906265\", \"message_id\": \"c491ce0b-99dc-420b-b1af-d7e90610c835\"}','9271696022','6565-876576565-46546'),(3,0,'San Juan','San Gabriel','2025-11-18 13:03:07.051806',16.670849,120.40567,16.670849,120.40567,1,'{\"success\": true, \"sms_result\": {\"success\": true, \"provider\": \"vonage\", \"response\": {\"messages\": [{\"to\": \"639271696022\", \"status\": \"0\", \"network\": \"51502\", \"message-id\": \"912adff6-514a-4741-921e-157948303c95\", \"message-price\": \"0.19776000\", \"remaining-balance\": \"-0.33984000\"}, {\"to\": \"639271696022\", \"status\": \"0\", \"network\": \"51502\", \"message-id\": \"1bc2f283-a1bd-4718-a96d-ed8bbedef3b1\", \"message-price\": \"0.19776000\", \"remaining-balance\": \"-0.33984000\"}, {\"to\": \"639271696022\", \"status\": \"0\", \"network\": \"51502\", \"message-id\": \"c4abc349-fd0e-4bc2-8713-036866e52853\", \"message-price\": \"0.19776000\", \"remaining-balance\": \"-0.33984000\"}], \"message-count\": \"3\"}, \"timestamp\": \"2025-11-18T21:18:10.549735\", \"message_id\": \"912adff6-514a-4741-921e-157948303c95\"}, \"phone_number\": \"6022****\", \"crossing_data\": {\"boat_id\": \"LU-SJN-111\", \"timestamp\": \"2025-11-18T13:18:10.236382+00:00\", \"to_municipality\": \"San Gabriel\", \"current_position\": {\"lat\": 16.67157, \"lng\": 120.402794}, \"from_municipality\": \"San Juan\", \"previous_position\": {\"lat\": 16.670849, \"lng\": 120.40567}, \"time_since_last_position\": \"0:15:03.184576\"}, \"fisherfolk_name\": \"Sandric Casugay\"}','',NULL),(4,0,'San Juan','San Gabriel','2025-11-18 13:18:10.551101',16.670849,120.40567,16.67157,120.402794,1,'{\"success\": true, \"provider\": \"vonage\", \"response\": {\"messages\": [{\"to\": \"639271696022\", \"status\": \"0\", \"network\": \"51502\", \"message-id\": \"912adff6-514a-4741-921e-157948303c95\", \"message-price\": \"0.19776000\", \"remaining-balance\": \"-0.33984000\"}, {\"to\": \"639271696022\", \"status\": \"0\", \"network\": \"51502\", \"message-id\": \"1bc2f283-a1bd-4718-a96d-ed8bbedef3b1\", \"message-price\": \"0.19776000\", \"remaining-balance\": \"-0.33984000\"}, {\"to\": \"639271696022\", \"status\": \"0\", \"network\": \"51502\", \"message-id\": \"c4abc349-fd0e-4bc2-8713-036866e52853\", \"message-price\": \"0.19776000\", \"remaining-balance\": \"-0.33984000\"}], \"message-count\": \"3\"}, \"timestamp\": \"2025-11-18T21:18:10.549735\", \"message_id\": \"912adff6-514a-4741-921e-157948303c95\"}','9271696022','6565-876576565-46546'),(5,0,'City Of San Fernando','San Gabriel','2025-11-21 00:19:47.834542',16.671333,120.402725,16.671333,120.402725,1,'{\"success\": true, \"sms_result\": {\"success\": true, \"provider\": \"vonage\", \"response\": {\"messages\": [{\"to\": \"639397102107\", \"status\": \"0\", \"network\": \"51503\", \"message-id\": \"f44a81ef-ad71-4610-abce-fac996d90089\", \"message-price\": \"0.19776000\", \"remaining-balance\": \"-0.33984000\"}, {\"to\": \"639397102107\", \"status\": \"0\", \"network\": \"51503\", \"message-id\": \"e62a8c44-3d5f-4601-bf01-b6173896dcc6\", \"message-price\": \"0.19776000\", \"remaining-balance\": \"-0.33984000\"}, {\"to\": \"639397102107\", \"status\": \"0\", \"network\": \"51503\", \"message-id\": \"020be242-cd4b-42ad-a86f-618b52b4e5fe\", \"message-price\": \"0.19776000\", \"remaining-balance\": \"-0.33984000\"}], \"message-count\": \"3\"}, \"timestamp\": \"2025-11-21T08:36:56.949120\", \"message_id\": \"f44a81ef-ad71-4610-abce-fac996d90089\"}, \"phone_number\": \"2107****\", \"crossing_data\": {\"boat_id\": \"LU-CSF-067\", \"timestamp\": \"2025-11-21T00:36:56.252706+00:00\", \"to_municipality\": \"San Gabriel\", \"current_position\": {\"lat\": 16.671396, \"lng\": 120.402809}, \"from_municipality\": \"City Of San Fernando\", \"previous_position\": {\"lat\": 16.671333, \"lng\": 120.402725}, \"time_since_last_position\": \"0:17:08.418164\"}, \"fisherfolk_name\": \"Gojo Todoroki\"}','',NULL),(6,0,'City Of San Fernando','San Gabriel','2025-11-21 00:36:56.951225',16.671333,120.402725,16.671396,120.402809,1,'{\"success\": true, \"provider\": \"vonage\", \"response\": {\"messages\": [{\"to\": \"639397102107\", \"status\": \"0\", \"network\": \"51503\", \"message-id\": \"f44a81ef-ad71-4610-abce-fac996d90089\", \"message-price\": \"0.19776000\", \"remaining-balance\": \"-0.33984000\"}, {\"to\": \"639397102107\", \"status\": \"0\", \"network\": \"51503\", \"message-id\": \"e62a8c44-3d5f-4601-bf01-b6173896dcc6\", \"message-price\": \"0.19776000\", \"remaining-balance\": \"-0.33984000\"}, {\"to\": \"639397102107\", \"status\": \"0\", \"network\": \"51503\", \"message-id\": \"020be242-cd4b-42ad-a86f-618b52b4e5fe\", \"message-price\": \"0.19776000\", \"remaining-balance\": \"-0.33984000\"}], \"message-count\": \"3\"}, \"timestamp\": \"2025-11-21T08:36:56.949120\", \"message_id\": \"f44a81ef-ad71-4610-abce-fac996d90089\"}','9397102107','6767-676767676-76767'),(7,0,'City of San Fernando','Bauang','2025-11-21 08:20:36.824566',16.577129,120.321266,16.57045,120.321846,1,'{\"skipped\": \"Boat returned to registered municipality\", \"cleared_at\": \"2025-11-21T08:22:46.954299+00:00\"}','',NULL),(8,0,'City Of San Fernando','Bauang','2025-11-21 08:20:36.808594',16.57045,120.321846,16.57045,120.321846,1,'{\"skipped\": \"Boat returned to registered municipality\", \"cleared_at\": \"2025-11-21T08:25:47.248132+00:00\"}','',NULL),(9,0,'City Of San Fernando','Bauang','2025-11-21 08:20:36.808594',16.570881,120.322044,16.570881,120.322044,1,'{\"skipped\": \"Boat returned to registered municipality\", \"cleared_at\": \"2025-11-21T08:28:31.689534+00:00\"}','',NULL),(10,0,'City Of San Fernando','Bauang','2025-11-21 08:20:36.808594',16.570881,120.322044,16.570881,120.322044,1,'{\"skipped\": \"Boat returned to registered municipality\", \"cleared_at\": \"2025-11-21T08:31:32.138813+00:00\"}','',NULL),(11,0,'City Of San Fernando','Bauang','2025-11-21 08:20:36.808594',16.571262,120.321999,16.571262,120.321999,1,'{\"skipped\": \"Boat returned to registered municipality\", \"cleared_at\": \"2025-11-21T08:34:16.608286+00:00\"}','',NULL),(12,0,'City Of San Fernando','Bauang','2025-11-21 08:20:36.808594',16.571262,120.321999,16.571262,120.321999,1,'{\"skipped\": \"Boat returned to registered municipality\", \"cleared_at\": \"2025-11-21T08:37:17.029431+00:00\"}','',NULL),(13,0,'City Of San Fernando','Bauang','2025-11-21 08:20:36.808594',16.571541,120.32206,16.571541,120.32206,1,'{\"success\": true, \"sms_result\": {\"success\": true, \"provider\": \"vonage\", \"response\": {\"messages\": [{\"to\": \"639397102107\", \"status\": \"0\", \"network\": \"51503\", \"message-id\": \"de5cc163-766e-4645-887f-95d91d2b437b\", \"message-price\": \"0.19776000\", \"remaining-balance\": \"-0.33984000\"}, {\"to\": \"639397102107\", \"status\": \"0\", \"network\": \"51503\", \"message-id\": \"ea724f24-a6b2-4887-bdc6-67cf528e3bd8\", \"message-price\": \"0.19776000\", \"remaining-balance\": \"-0.33984000\"}, {\"to\": \"639397102107\", \"status\": \"0\", \"network\": \"51503\", \"message-id\": \"c26350cb-8ed1-465a-8457-78d439e2b81b\", \"message-price\": \"0.19776000\", \"remaining-balance\": \"-0.33984000\"}], \"message-count\": \"3\"}, \"timestamp\": \"2025-11-21T16:37:50.057534\", \"message_id\": \"de5cc163-766e-4645-887f-95d91d2b437b\"}, \"phone_number\": \"2107****\", \"crossing_data\": {\"boat_id\": \"LU-CSF-930\", \"timestamp\": \"2025-11-21T08:37:49.345626+00:00\", \"to_municipality\": \"Bauang\", \"current_position\": {\"lat\": 16.571541, \"lng\": 120.32206}, \"from_municipality\": \"City Of San Fernando\", \"previous_position\": {\"lat\": 16.571541, \"lng\": 120.32206}, \"time_since_last_position\": \"0:17:12.537032\"}, \"fisherfolk_name\": \"Camille Cardenaz\"}','',NULL),(14,0,'City Of San Fernando','Bauang','2025-11-21 08:37:50.058490',16.571541,120.32206,16.571541,120.32206,1,'{\"success\": true, \"provider\": \"vonage\", \"response\": {\"messages\": [{\"to\": \"639397102107\", \"status\": \"0\", \"network\": \"51503\", \"message-id\": \"de5cc163-766e-4645-887f-95d91d2b437b\", \"message-price\": \"0.19776000\", \"remaining-balance\": \"-0.33984000\"}, {\"to\": \"639397102107\", \"status\": \"0\", \"network\": \"51503\", \"message-id\": \"ea724f24-a6b2-4887-bdc6-67cf528e3bd8\", \"message-price\": \"0.19776000\", \"remaining-balance\": \"-0.33984000\"}, {\"to\": \"639397102107\", \"status\": \"0\", \"network\": \"51503\", \"message-id\": \"c26350cb-8ed1-465a-8457-78d439e2b81b\", \"message-price\": \"0.19776000\", \"remaining-balance\": \"-0.33984000\"}], \"message-count\": \"3\"}, \"timestamp\": \"2025-11-21T16:37:50.057534\", \"message_id\": \"de5cc163-766e-4645-887f-95d91d2b437b\"}','9397102107','0943-058374582-30280'),(15,0,'Bauang','City of San Fernando','2025-11-21 08:55:03.271293',16.571569,120.322037,16.590296,120.319542,1,'{\"skipped\": \"Boat returned to registered municipality\", \"cleared_at\": \"2025-11-21T08:55:03.265496+00:00\"}','',NULL);
/*!40000 ALTER TABLE `api_boundarycrossing` ENABLE KEYS */;
UNLOCK TABLES;

--
-- Table structure for table `api_boundaryviolationnotification`
--

DROP TABLE IF EXISTS `api_boundaryviolationnotification`;
/*!40101 SET @saved_cs_client     = @@character_set_client */;
/*!50503 SET character_set_client = utf8mb4 */;
CREATE TABLE `api_boundaryviolationnotification` (
  `id` bigint NOT NULL AUTO_INCREMENT,
  `boat_name` varchar(100) NOT NULL,
  `mfbr_number` varchar(50) NOT NULL,
  `tracker_number` varchar(50) NOT NULL,
  `from_municipality` varchar(100) NOT NULL,
  `to_municipality` varchar(100) NOT NULL,
  `violation_timestamp` datetime(6) NOT NULL,
  `current_lat` double NOT NULL,
  `current_lng` double NOT NULL,
  `dwell_duration` int NOT NULL,
  `status` varchar(20) NOT NULL,
  `created_at` datetime(6) NOT NULL,
  `read_at` datetime(6) DEFAULT NULL,
  `report_number` varchar(50) DEFAULT NULL,
  `report_status` varchar(50) NOT NULL,
  `remarks` longtext NOT NULL,
  `status_updated_at` datetime(6) DEFAULT NULL,
  `timestamp_start` datetime(6) DEFAULT NULL,
  `timestamp_end` datetime(6) DEFAULT NULL,
  `idle_minutes` int NOT NULL,
  `contact_person_name` varchar(100) NOT NULL,
  `contact_person_phone` varchar(20) NOT NULL,
  `owner_name` varchar(100) NOT NULL,
  `registration_number` varchar(50) NOT NULL,
  `boat_id` varchar(50) DEFAULT NULL,
  `boundary_crossing_id` bigint NOT NULL,
  `read_by_id` int DEFAULT NULL,
  `status_updated_by_id` int DEFAULT NULL,
  `fisherfolk_id` varchar(50) DEFAULT NULL,
  PRIMARY KEY (`id`),
  KEY `api_boundar_created_8cd47b_idx` (`created_at` DESC),
  KEY `api_boundar_status_818b79_idx` (`status`,`created_at` DESC),
  KEY `api_boundar_boat_id_520853_idx` (`boat_id`,`created_at` DESC),
  KEY `api_boundaryviolatio_boundary_crossing_id_b113b1a9_fk_api_bound` (`boundary_crossing_id`),
  KEY `api_boundaryviolatio_read_by_id_5db2c9db_fk_api_user_` (`read_by_id`),
  KEY `api_boundaryviolatio_status_updated_by_id_13a62313_fk_api_user_` (`status_updated_by_id`),
  KEY `api_boundaryviolatio_fisherfolk_id_bd9ce2f8_fk_api_fishe` (`fisherfolk_id`),
  CONSTRAINT `api_boundaryviolatio_boat_id_8f43c914_fk_api_boat_` FOREIGN KEY (`boat_id`) REFERENCES `api_boat` (`mfbr_number`),
  CONSTRAINT `api_boundaryviolatio_boundary_crossing_id_b113b1a9_fk_api_bound` FOREIGN KEY (`boundary_crossing_id`) REFERENCES `api_boundarycrossing` (`id`),
  CONSTRAINT `api_boundaryviolatio_fisherfolk_id_bd9ce2f8_fk_api_fishe` FOREIGN KEY (`fisherfolk_id`) REFERENCES `api_fisherfolk` (`registration_number`),
  CONSTRAINT `api_boundaryviolatio_read_by_id_5db2c9db_fk_api_user_` FOREIGN KEY (`read_by_id`) REFERENCES `api_user` (`id`),
  CONSTRAINT `api_boundaryviolatio_status_updated_by_id_13a62313_fk_api_user_` FOREIGN KEY (`status_updated_by_id`) REFERENCES `api_user` (`id`)
) ENGINE=InnoDB AUTO_INCREMENT=5 DEFAULT CHARSET=utf8mb4 COLLATE=utf8mb4_0900_ai_ci;
/*!40101 SET character_set_client = @saved_cs_client */;

--
-- Dumping data for table `api_boundaryviolationnotification`
--

LOCK TABLES `api_boundaryviolationnotification` WRITE;
/*!40000 ALTER TABLE `api_boundaryviolationnotification` DISABLE KEYS */;
INSERT INTO `api_boundaryviolationnotification` VALUES (1,'Zoro','LU-SJN-111','','San Juan','Bacnotan','2025-11-17 07:52:43.399648',16.707212,120.341217,2164,'pending','2025-11-17 07:52:43.921822','2025-11-17 07:53:05.751403',NULL,'Not Reported','',NULL,NULL,NULL,0,'','','','','LU-SJN-111',1,1,NULL,'6565-876576565-46546'),(2,'Zoro','LU-SJN-111','SJU-0001','San Juan','San Gabriel','2025-11-18 13:03:07.051806',16.67157,120.402794,903,'pending','2025-11-18 13:18:10.558455','2025-11-18 13:19:12.876330',NULL,'Not Reported','',NULL,NULL,NULL,0,'','','','','LU-SJN-111',3,1,NULL,'6565-876576565-46546'),(3,'Kelvinlakitite','LU-CSF-067','CSF-0001','City Of San Fernando','San Gabriel','2025-11-21 00:19:47.834542',16.671396,120.402809,1028,'dismissed','2025-11-21 00:36:56.965794','2025-11-21 00:40:18.808187',NULL,'Fisherfolk Reported','complete','2025-11-21 07:42:04.567754',NULL,NULL,0,'','','','','LU-CSF-067',5,1,2,'6767-676767676-76767'),(4,'Pinkieeee','LU-CSF-930','','City Of San Fernando','Bauang','2025-11-21 08:37:49.345626',16.571541,120.32206,1032,'dismissed','2025-11-21 08:37:50.066673','2025-11-21 08:38:28.831056',NULL,'Fisherfolk Reported','complete','2025-11-21 08:40:46.369345',NULL,NULL,0,'','','','','LU-CSF-930',13,1,2,'0943-058374582-30280');
/*!40000 ALTER TABLE `api_boundaryviolationnotification` ENABLE KEYS */;
UNLOCK TABLES;

--
-- Table structure for table `api_contacts`
--

DROP TABLE IF EXISTS `api_contacts`;
/*!40101 SET @saved_cs_client     = @@character_set_client */;
/*!50503 SET character_set_client = utf8mb4 */;
CREATE TABLE `api_contacts` (
  `contact_id` int NOT NULL AUTO_INCREMENT,
  `contact_fname` varchar(100) NOT NULL,
  `contact_mname` varchar(100) NOT NULL,
  `contact_lname` varchar(100) NOT NULL,
  `contact_street` varchar(100) NOT NULL,
  `contact_relationship` varchar(100) NOT NULL,
  `contact_contactno` varchar(20) NOT NULL,
  `contact_municipality` varchar(255) NOT NULL,
  `contact_barangay` varchar(255) NOT NULL,
  `date_added` datetime(6) NOT NULL,
  `fisherfolk_id` varchar(50) NOT NULL,
  PRIMARY KEY (`contact_id`),
  UNIQUE KEY `fisherfolk_id` (`fisherfolk_id`),
  CONSTRAINT `api_contacts_fisherfolk_id_7a31edb0_fk_api_fishe` FOREIGN KEY (`fisherfolk_id`) REFERENCES `api_fisherfolk` (`registration_number`)
) ENGINE=InnoDB AUTO_INCREMENT=12 DEFAULT CHARSET=utf8mb4 COLLATE=utf8mb4_0900_ai_ci;
/*!40101 SET character_set_client = @saved_cs_client */;

--
-- Dumping data for table `api_contacts`
--

LOCK TABLES `api_contacts` WRITE;
/*!40000 ALTER TABLE `api_contacts` DISABLE KEYS */;
INSERT INTO `api_contacts` VALUES (1,'Kelvin','','Korkar','N/A','Father','9271696022','San Juan','Allangigan','2025-11-17 05:57:02.477807','6565-876576565-46546'),(2,'Dircu','Dowsha','Mabunga','N/A','Brother','9397102107','San Juan','Ili Sur','2025-11-20 01:31:10.228826','6767-676767676-76767'),(3,'Dircu','Dowsha','Mabunga','N/A','Wife','9397102107','Bacnotan','Agtipal','2025-11-20 01:55:15.585668','0943-058374582-30280'),(4,'Pedro','Santos','Cruz','N/A','Brother','09234567890','City Of San Fernando','Pagdalagan','2025-11-22 13:35:16.141141','0000-456823654-00000'),(5,'Pedro','Santos','Cruz','N/A','Brother','09234567890','City Of San Fernando','Pagdalagan','2025-11-22 13:35:16.169749','1234-456823654-00000'),(6,'Pedro','Santos','Cruz','N/A','Brother','09234567891','City Of San Fernando','Pagdalagan','2025-11-22 13:35:16.194330','1234-456823654-00001'),(7,'Pedro','Santos','Cruz','N/A','Brother','09234567892','City Of San Fernando','Pagdalagan','2025-11-22 13:35:16.220705','1234-456823654-00002'),(8,'Pedro','Santos','Cruz','N/A','Brother','09234567893','City Of San Fernando','Pagdalagan','2025-11-22 13:35:16.245306','1234-456823654-00003'),(9,'Pedro','Santos','Cruz','N/A','Brother','09234567890','City Of San Fernando','Pagdalagan','2025-11-22 13:46:22.276837','3244-456823654-00000'),(10,'Annabeth','','Chase','N/A','Wife','9348247282','Caba','Gana','2025-11-22 14:24:37.068638','0808-252589898-10123'),(11,'Ai','','Haibara','N/A','Others','9809807878','Caba','Bautista','2025-11-22 14:35:27.220897','9384-759204850-20208');
/*!40000 ALTER TABLE `api_contacts` ENABLE KEYS */;
UNLOCK TABLES;

--
-- Table structure for table `api_devicetoken`
--

DROP TABLE IF EXISTS `api_devicetoken`;
/*!40101 SET @saved_cs_client     = @@character_set_client */;
/*!50503 SET character_set_client = utf8mb4 */;
CREATE TABLE `api_devicetoken` (
  `id` bigint NOT NULL AUTO_INCREMENT,
  `name` varchar(100) NOT NULL,
  `token` varchar(64) NOT NULL,
  `boat_id` int DEFAULT NULL,
  `is_active` tinyint(1) NOT NULL,
  `created_at` datetime(6) NOT NULL,
  `last_seen_at` datetime(6) DEFAULT NULL,
  `tracker_id` varchar(50) DEFAULT NULL,
  PRIMARY KEY (`id`),
  UNIQUE KEY `token` (`token`),
  UNIQUE KEY `tracker_id` (`tracker_id`),
  KEY `api_devicet_token_c881c8_idx` (`token`),
  KEY `api_devicet_name_fcd7e9_idx` (`name`),
  KEY `api_devicet_last_se_9bb828_idx` (`last_seen_at` DESC),
  CONSTRAINT `api_devicetoken_tracker_id_9111fc33_fk_api_biruk` FOREIGN KEY (`tracker_id`) REFERENCES `api_birukbilugtracker` (`BirukBilugID`)
) ENGINE=InnoDB AUTO_INCREMENT=23 DEFAULT CHARSET=utf8mb4 COLLATE=utf8mb4_0900_ai_ci;
/*!40101 SET character_set_client = @saved_cs_client */;

--
-- Dumping data for table `api_devicetoken`
--

LOCK TABLES `api_devicetoken` WRITE;
/*!40000 ALTER TABLE `api_devicetoken` DISABLE KEYS */;
INSERT INTO `api_devicetoken` VALUES (1,'SJU-0001','733cc84c5de4528022ccb7f6953993f2f7143e9505375d9aea869008a4c2f46a',NULL,0,'2025-11-17 06:00:41.720305','2025-11-18 14:36:54.332356','SJU-0001'),(2,'SAN-0001','1d82401b5eee4ca98e1648ea1e3505b2bb13c276dc5473a08592c87919eae13b',NULL,0,'2025-11-18 15:29:09.267532',NULL,'SAN-0001'),(3,'SAN-0002','6c6f56521d37c7044a5fb5f781e9e09505a0a91f20547b6342abeddef7e341fe',NULL,0,'2025-11-18 15:32:41.204137',NULL,'SAN-0002'),(4,'SAN-0003','44914e7c6ae33cf41cf21ec10bd0f24bdcb9ca993e17243ecfec193c7c9b0405',NULL,1,'2025-11-18 15:34:17.185249','2025-11-18 15:47:19.517170','SAN-0003'),(5,'SAN-0004','156b7b42c8cdf1d6896f365b34afa4d1fd3055f171362f06e973818437020717',NULL,1,'2025-11-18 15:52:50.427248','2025-11-18 16:03:07.687132','SAN-0004'),(6,'SA1-0001','e2d94a3806f2eb700f021b23ccb075dc0d3e8b8272d1ed064aacedb595456375',NULL,1,'2025-11-19 03:54:30.373651',NULL,'SA1-0001'),(7,'SA1-0002','0ccbb7c2be9a125350c1a5fa5f8a19167fe96d81c4d11d59a78f3f9b64cee2c7',NULL,1,'2025-11-19 04:07:43.997117',NULL,'SA1-0002'),(8,'SA1-0003','edfe265cb31340b59129ca37d3bdfc28c531a9a6ee9049ba62372b316740d61f',NULL,1,'2025-11-19 04:27:16.415897',NULL,'SA1-0003'),(9,'SA1-0004','f5b5eed0e438cf938a9b900dd12a6da2cf4ac154d15f32a268bf7e22566eff25',NULL,1,'2025-11-19 04:32:21.541960','2025-11-20 01:15:17.277466','SA1-0004'),(10,'SA1-0005','8d33d7f3239615f6851f728e8a538d3b4d02b1f896c1b9aac174cdc37b92e889',NULL,1,'2025-11-19 05:29:32.744463',NULL,'SA1-0005'),(11,'SA1-0006','b772b1dc9b14cf249f96fa8b3b51f73be5a41f70449fd409b1828ecc212e5e34',NULL,1,'2025-11-19 05:36:09.622227','2025-11-19 05:40:16.886529','SA1-0006'),(12,'SA1-0007','6449dd2fe6ebade8b8f9915b2ef9e09b2211ddeea1b2ff911ea20fe7f6ea3c54',NULL,1,'2025-11-19 05:45:41.158209','2025-11-19 05:55:47.606838','SA1-0007'),(13,'SA1-0008','1047345ff18fd366812adb03a2debcb681bb181ae8b5a93334a6324cc160a7d0',NULL,1,'2025-11-19 05:58:34.081993','2025-11-19 06:04:10.080692','SA1-0008'),(14,'SA1-0009','e90cea3989df9e60c4ce810bba02790ecf1a349524f3119835c4b4e6cd933523',NULL,1,'2025-11-19 06:04:55.629834','2025-11-19 06:22:32.972943','SA1-0009'),(15,'SA1-0010','34629786f9cf85155c179bec4129101d27cd88d8aea3b67600ff2bc0e2ba2229',NULL,1,'2025-11-19 06:25:28.391217','2025-11-19 06:31:04.725779','SA1-0010'),(16,'SA1-0011','8ba2e5a51171b660b74f887c6a12e8690692e69a4d6df3ef8980e265d5019719',NULL,1,'2025-11-19 06:32:44.878498','2025-11-19 06:43:43.036548','SA1-0011'),(17,'SA1-0012','e567b16dea14c64176be18566799c77b9fc0fd9b072f4dd289419c85b86883b3',NULL,1,'2025-11-19 06:45:40.904879','2025-11-19 06:59:58.609396','SA1-0012'),(18,'SA1-0013','8c38cf472a76b649eb26a5a50bf03da4b64a9e01713e0ea4d87be623d0c0ba3b',NULL,1,'2025-11-19 07:02:26.932470','2025-11-19 07:07:48.825206','SA1-0013'),(19,'SA1-0014','c92f746705adda460650c1167ce036e1751b7df05cd53ba76c8175ec25b7ac39',NULL,1,'2025-11-19 07:13:45.734492','2025-11-19 07:36:29.586758','SA1-0014'),(20,'SA1-0015','cad381aef35eec8b6739720cd64657af7859eb85cee2644a3d9bbd7d45c706f5',NULL,1,'2025-11-19 07:40:26.861783','2025-11-20 01:42:17.748684','SA1-0015'),(21,'CSF-0001','52e697b07df0f08cba1bc27766ea4de9d5a290226511c81849d93020cacea8e4',NULL,1,'2025-11-20 01:41:06.090915','2025-11-21 09:08:48.876223','CSF-0001'),(22,'CSF-0002','9465bfa8ab513fde4f2434282155f158660719329e16276fe812001bc704a88d',NULL,1,'2025-11-20 01:47:19.562014','2025-11-21 09:06:54.683971','CSF-0002');
/*!40000 ALTER TABLE `api_devicetoken` ENABLE KEYS */;
UNLOCK TABLES;

--
-- Table structure for table `api_fisherfolk`
--

DROP TABLE IF EXISTS `api_fisherfolk`;
/*!40101 SET @saved_cs_client     = @@character_set_client */;
/*!50503 SET character_set_client = utf8mb4 */;
CREATE TABLE `api_fisherfolk` (
  `registration_number` varchar(50) NOT NULL,
  `salutations` varchar(5) DEFAULT NULL,
  `last_name` varchar(100) NOT NULL,
  `first_name` varchar(100) NOT NULL,
  `middle_name` varchar(100) DEFAULT NULL,
  `appelation` varchar(20) DEFAULT NULL,
  `birth_date` date NOT NULL,
  `age` int unsigned DEFAULT NULL,
  `birth_place` varchar(200) NOT NULL,
  `civil_status` varchar(20) NOT NULL,
  `sex` varchar(10) NOT NULL,
  `contact_number` varchar(20) NOT NULL,
  `nationality` varchar(100) NOT NULL,
  `fisherfolk_status` varchar(50) DEFAULT NULL,
  `mothers_maidenname` varchar(100) DEFAULT NULL,
  `fishing_ground` varchar(100) DEFAULT NULL,
  `fma_number` varchar(50) DEFAULT NULL,
  `religion` varchar(30) DEFAULT NULL,
  `educational_background` varchar(20) DEFAULT NULL,
  `household_month_income` varchar(100) DEFAULT NULL,
  `other_source_income` varchar(100) DEFAULT NULL,
  `other_main_source_livelihood` varchar(100) DEFAULT NULL,
  `farming_income` tinyint(1) NOT NULL,
  `farming_income_salary` decimal(10,2) DEFAULT NULL,
  `fisheries_income` tinyint(1) NOT NULL,
  `fisheries_income_salary` decimal(10,2) DEFAULT NULL,
  `with_voterID` tinyint(1) NOT NULL,
  `voterID_number` varchar(50) DEFAULT NULL,
  `is_CCT_4ps` tinyint(1) NOT NULL,
  `is_ICC` tinyint(1) NOT NULL,
  `main_source_livelihood` varchar(30) DEFAULT NULL,
  `other_source_livelihood` varchar(72) DEFAULT NULL,
  `fisherfolk_img` varchar(100) DEFAULT NULL,
  `date_added` datetime(6) NOT NULL,
  `is_active` tinyint(1) NOT NULL,
  `created_by_id` int DEFAULT NULL,
  PRIMARY KEY (`registration_number`),
  KEY `api_fisherfolk_created_by_id_0a8d9927_fk_api_user_id` (`created_by_id`),
  CONSTRAINT `api_fisherfolk_created_by_id_0a8d9927_fk_api_user_id` FOREIGN KEY (`created_by_id`) REFERENCES `api_user` (`id`),
  CONSTRAINT `api_fisherfolk_chk_1` CHECK ((`age` >= 0))
) ENGINE=InnoDB DEFAULT CHARSET=utf8mb4 COLLATE=utf8mb4_0900_ai_ci;
/*!40101 SET character_set_client = @saved_cs_client */;

--
-- Dumping data for table `api_fisherfolk`
--

LOCK TABLES `api_fisherfolk` WRITE;
/*!40000 ALTER TABLE `api_fisherfolk` DISABLE KEYS */;
INSERT INTO `api_fisherfolk` VALUES ('0000-456823654-00000','Mr','Charles','Charkes','Charles','Jr.','1989-03-15',36,'City Of San Fernando','Married','Male','+639123456789','Filipino','Full Time','Maria Santos','San Fernando City','Fma-001','Roman Catholic','College','Php 10,001.00 - Php 20,000.00','',NULL,0,NULL,0,NULL,1,'1234-5678-9012',0,0,'Capture Fishing','Aquaculture','','2025-11-22 13:35:16.122830',1,1),('0808-252589898-10123','Mrs','Dela Cruz','Percy','Natividad','N/A','1996-07-27',29,'Angeles, Pampanga','Widowed','Male','+639843902585','Filipino','Part Time','','Caba','Fma-6','Aglipayan','Post Graduate','More Than Php 40,000.00','Fate Grand Order','Being A Demigod',1,300000.00,1,20000.00,0,'',1,1,'Others','Others','fisherfolk_pictures/BlackBerryOS_MPLC_CustomChart.png','2025-11-22 14:24:37.047072',1,1),('0943-058374582-30280','Ms','Cardenaz','Camille','Huei','N/A','1998-02-23',27,'Japan','Single','Female','+639495734759','Filipino','Part Time','Sakura Uzumaki','City Of San Fernando','Fma-6','No Religion','College','Php 10,000.00 - Php 20,000.00','','',1,1200.00,1,1000.00,0,'',1,1,'Aquaculture','Capture Fishing,Fish Vending','fisherfolk_pictures/35367da6-2afe-4365-9019-2fbdab7ebad7_fKOMWrM.jpg','2025-11-20 01:55:15.561924',1,1),('1234-456823654-00000','Mr','Choko','Chros','Go','Jr.','1989-08-15',36,'City Of San Fernando','Married','Male','+639123456789','Filipino','Full Time','Maria Santos','San Fernando City','Fma-001','Roman Catholic','College','Php 10,001.00 - Php 20,000.00','',NULL,0,NULL,0,NULL,1,'1234-5678-9012',0,0,'Capture Fishing','Aquaculture','','2025-11-22 13:35:16.152400',1,1),('1234-456823654-00001','Mr','Choko','Polo','Go','Jr.','1989-08-16',37,'San Juan','Married','Male','+639123456790','Filipino','Full Time','Maria Santos','San Fernando City','Fma-002','Roman Catholic','College','Php 10,001.00 - Php 20,000.01','',NULL,0,NULL,0,NULL,1,'1234-5678-9013',0,0,'Capture Fishing','Aquaculture','','2025-11-22 13:35:16.181402',1,1),('1234-456823654-00002','Mr','Choko','Loko','Go','Jr.','1989-08-17',38,'City Of San Fernando','Married','Male','+639123456791','Filipino','Full Time','Maria Santos','San Fernando City','Fma-003','Roman Catholic','College','Php 10,001.00 - Php 20,000.02','',NULL,0,NULL,0,NULL,1,'1234-5678-9014',0,0,'Capture Fishing','Aquaculture','','2025-11-22 13:35:16.206339',1,1),('1234-456823654-00003','Mr','Choko','Kloro','Go','Jr.','1989-08-18',39,'City Of San Fernando','Married','Male','+639123456792','Filipino','Full Time','Maria Santos','San Fernando City','Fma-004','Roman Catholic','College','Php 10,001.00 - Php 20,000.03','',NULL,0,NULL,0,NULL,1,'1234-5678-9015',0,0,'Capture Fishing','Aquaculture','','2025-11-22 13:35:16.231940',1,1),('3244-456823654-00000','Mr','Charles','Charkeskolo','Charles','Jr.','1989-03-15',36,'City Of San Fernando','Married','Male','+639123456789','Filipino','Full Time','Maria Santos','San Fernando City','Fma-001','Roman Catholic','College','Php 10,001.00 - Php 20,000.00','',NULL,0,NULL,0,NULL,1,'1234-5678-9012',0,0,'Capture Fishing','Aquaculture','','2025-11-22 13:46:22.263106',1,1),('6565-876576565-46546','Mr','Casugay','Sandric','','Wala','2007-11-06',18,'Bantay','Separated','Male','+639397102107','Filipino','Part Time','Merry','San Juan','Fma-6','Hindu','Others','More Than Php 40,000.00','','',1,100000.00,0,NULL,0,'',0,0,'Capture Fishing','Aquaculture,Fish Vending,Fish Processing,Gleaning','fisherfolk_pictures/straw-hat-luffy-one-3840x2160-22500_QvLaDiF.jpg','2025-11-17 05:57:02.458604',1,1),('6767-676767676-76767','Mr','Todoroki','Gojo','Killua','N/A','1967-06-07',58,'Nyapan','Widowed','Male','+639202062967','Filipino','Full Time','Sakura Uzumaki','City Of San Fernando','Fma-6','Evangelical','Post Graduate','More Than Php 40,000.00','','Fighting Enemies And Saving The World',1,9.00,1,67.00,0,'',1,0,'Others','Fish Vending','fisherfolk_pictures/048ec099-05f7-499c-9a1f-22b4d3725799.jpg','2025-11-20 01:31:10.205200',1,1),('9384-759204850-20208','Mr','Edogawa','Conan','','N/A','2007-05-04',18,'Japan','Single','Male','+639484030220','Filipino','Part Time','','Caba','Fma-6','Roman Catholic','College','More Than Php 40,000.00','Chemistry','',1,900000.00,1,90000.00,1,'737894932094',0,0,'Capture Fishing','Others','fisherfolk_pictures/quiz.png','2025-11-22 14:35:27.197133',1,1);
/*!40000 ALTER TABLE `api_fisherfolk` ENABLE KEYS */;
UNLOCK TABLES;

--
-- Table structure for table `api_fisherfolkboat`
--

DROP TABLE IF EXISTS `api_fisherfolkboat`;
/*!40101 SET @saved_cs_client     = @@character_set_client */;
/*!50503 SET character_set_client = utf8mb4 */;
CREATE TABLE `api_fisherfolkboat` (
  `boat_registry_no` int NOT NULL AUTO_INCREMENT,
  `type_of_ownership` varchar(50) NOT NULL,
  `no_of_fishers` int NOT NULL,
  `homeport` varchar(100) NOT NULL,
  `date_added` datetime(6) NOT NULL,
  `is_active` tinyint(1) NOT NULL,
  `mfbr_number_id` varchar(50) NOT NULL,
  `registration_number_id` varchar(50) NOT NULL,
  PRIMARY KEY (`boat_registry_no`),
  KEY `api_fisherfolkboat_mfbr_number_id_47189533_fk_api_boat_` (`mfbr_number_id`),
  KEY `api_fisherfolkboat_registration_number__7a8fa97d_fk_api_fishe` (`registration_number_id`),
  CONSTRAINT `api_fisherfolkboat_mfbr_number_id_47189533_fk_api_boat_` FOREIGN KEY (`mfbr_number_id`) REFERENCES `api_boat` (`mfbr_number`),
  CONSTRAINT `api_fisherfolkboat_registration_number__7a8fa97d_fk_api_fishe` FOREIGN KEY (`registration_number_id`) REFERENCES `api_fisherfolk` (`registration_number`)
) ENGINE=InnoDB DEFAULT CHARSET=utf8mb4 COLLATE=utf8mb4_0900_ai_ci;
/*!40101 SET character_set_client = @saved_cs_client */;

--
-- Dumping data for table `api_fisherfolkboat`
--

LOCK TABLES `api_fisherfolkboat` WRITE;
/*!40000 ALTER TABLE `api_fisherfolkboat` DISABLE KEYS */;
/*!40000 ALTER TABLE `api_fisherfolkboat` ENABLE KEYS */;
UNLOCK TABLES;

--
-- Table structure for table `api_gearclassification`
--

DROP TABLE IF EXISTS `api_gearclassification`;
/*!40101 SET @saved_cs_client     = @@character_set_client */;
/*!50503 SET character_set_client = utf8mb4 */;
CREATE TABLE `api_gearclassification` (
  `id` bigint NOT NULL AUTO_INCREMENT,
  `name` varchar(20) NOT NULL,
  PRIMARY KEY (`id`),
  UNIQUE KEY `name` (`name`)
) ENGINE=InnoDB DEFAULT CHARSET=utf8mb4 COLLATE=utf8mb4_0900_ai_ci;
/*!40101 SET character_set_client = @saved_cs_client */;

--
-- Dumping data for table `api_gearclassification`
--

LOCK TABLES `api_gearclassification` WRITE;
/*!40000 ALTER TABLE `api_gearclassification` DISABLE KEYS */;
/*!40000 ALTER TABLE `api_gearclassification` ENABLE KEYS */;
UNLOCK TABLES;

--
-- Table structure for table `api_gearsubtype`
--

DROP TABLE IF EXISTS `api_gearsubtype`;
/*!40101 SET @saved_cs_client     = @@character_set_client */;
/*!50503 SET character_set_client = utf8mb4 */;
CREATE TABLE `api_gearsubtype` (
  `id` bigint NOT NULL AUTO_INCREMENT,
  `name` varchar(100) NOT NULL,
  `gear_type_id` bigint NOT NULL,
  PRIMARY KEY (`id`),
  KEY `api_gearsubtype_gear_type_id_dccc4834_fk_api_geartype_id` (`gear_type_id`),
  CONSTRAINT `api_gearsubtype_gear_type_id_dccc4834_fk_api_geartype_id` FOREIGN KEY (`gear_type_id`) REFERENCES `api_geartype` (`id`)
) ENGINE=InnoDB DEFAULT CHARSET=utf8mb4 COLLATE=utf8mb4_0900_ai_ci;
/*!40101 SET character_set_client = @saved_cs_client */;

--
-- Dumping data for table `api_gearsubtype`
--

LOCK TABLES `api_gearsubtype` WRITE;
/*!40000 ALTER TABLE `api_gearsubtype` DISABLE KEYS */;
/*!40000 ALTER TABLE `api_gearsubtype` ENABLE KEYS */;
UNLOCK TABLES;

--
-- Table structure for table `api_geartype`
--

DROP TABLE IF EXISTS `api_geartype`;
/*!40101 SET @saved_cs_client     = @@character_set_client */;
/*!50503 SET character_set_client = utf8mb4 */;
CREATE TABLE `api_geartype` (
  `id` bigint NOT NULL AUTO_INCREMENT,
  `name` varchar(100) NOT NULL,
  `classification_id` bigint NOT NULL,
  PRIMARY KEY (`id`),
  KEY `api_geartype_classification_id_c3a862d2_fk_api_gearc` (`classification_id`),
  CONSTRAINT `api_geartype_classification_id_c3a862d2_fk_api_gearc` FOREIGN KEY (`classification_id`) REFERENCES `api_gearclassification` (`id`)
) ENGINE=InnoDB DEFAULT CHARSET=utf8mb4 COLLATE=utf8mb4_0900_ai_ci;
/*!40101 SET character_set_client = @saved_cs_client */;

--
-- Dumping data for table `api_geartype`
--

LOCK TABLES `api_geartype` WRITE;
/*!40000 ALTER TABLE `api_geartype` DISABLE KEYS */;
/*!40000 ALTER TABLE `api_geartype` ENABLE KEYS */;
UNLOCK TABLES;

--
-- Table structure for table `api_gpsdata`
--

DROP TABLE IF EXISTS `api_gpsdata`;
/*!40101 SET @saved_cs_client     = @@character_set_client */;
/*!50503 SET character_set_client = utf8mb4 */;
CREATE TABLE `api_gpsdata` (
  `id` bigint NOT NULL AUTO_INCREMENT,
  `latitude` double NOT NULL,
  `longitude` double NOT NULL,
  `boat_id` int NOT NULL,
  `mfbr_number` varchar(50) DEFAULT NULL,
  `tracker_id` varchar(50) DEFAULT NULL,
  `timestamp` datetime(6) NOT NULL,
  PRIMARY KEY (`id`)
) ENGINE=InnoDB AUTO_INCREMENT=582 DEFAULT CHARSET=utf8mb4 COLLATE=utf8mb4_0900_ai_ci;
/*!40101 SET character_set_client = @saved_cs_client */;

--
-- Dumping data for table `api_gpsdata`
--

LOCK TABLES `api_gpsdata` WRITE;
/*!40000 ALTER TABLE `api_gpsdata` DISABLE KEYS */;
INSERT INTO `api_gpsdata` VALUES (1,16.669868,120.339577,677160,'LU-SJN-111','SJU-0001','2025-11-17 06:02:31.124512'),(2,16.669868,120.339577,677160,'LU-SJN-111','SJU-0001','2025-11-17 06:02:34.657666'),(3,16.669863,120.339622,677160,'LU-SJN-111','SJU-0001','2025-11-17 06:03:00.738362'),(4,16.669863,120.339622,677160,'LU-SJN-111','SJU-0001','2025-11-17 06:03:04.151142'),(5,16.669865,120.33963,677160,'LU-SJN-111','SJU-0001','2025-11-17 06:03:29.365630'),(6,16.669865,120.33963,677160,'LU-SJN-111','SJU-0001','2025-11-17 06:03:33.531347'),(7,16.669825,120.339645,677160,'LU-SJN-111','SJU-0001','2025-11-17 06:03:57.661742'),(8,16.669825,120.339645,677160,'LU-SJN-111','SJU-0001','2025-11-17 06:04:01.155384'),(9,16.669786,120.339584,677160,'LU-SJN-111','SJU-0001','2025-11-17 06:04:27.361085'),(10,16.669786,120.339584,677160,'LU-SJN-111','SJU-0001','2025-11-17 06:04:30.772485'),(11,16.669809,120.339577,677160,'LU-SJN-111','SJU-0001','2025-11-17 06:05:07.076698'),(12,16.669809,120.339577,677160,'LU-SJN-111','SJU-0001','2025-11-17 06:05:10.836856'),(13,16.669798,120.339554,677160,'LU-SJN-111','SJU-0001','2025-11-17 06:05:37.118262'),(14,16.669798,120.339554,677160,'LU-SJN-111','SJU-0001','2025-11-17 06:05:40.790740'),(15,16.669813,120.339531,677160,'LU-SJN-111','SJU-0001','2025-11-17 06:06:06.495619'),(16,16.669813,120.339531,677160,'LU-SJN-111','SJU-0001','2025-11-17 06:06:10.928127'),(17,16.669849,120.339554,677160,'LU-SJN-111','SJU-0001','2025-11-17 06:09:19.503109'),(18,16.669849,120.339554,677160,'LU-SJN-111','SJU-0001','2025-11-17 06:09:22.947521'),(19,16.669853,120.339584,677160,'LU-SJN-111','SJU-0001','2025-11-17 06:09:48.485699'),(20,16.669853,120.339584,677160,'LU-SJN-111','SJU-0001','2025-11-17 06:09:51.864520'),(21,16.669863,120.339645,677160,'LU-SJN-111','SJU-0001','2025-11-17 06:10:17.968638'),(22,16.669863,120.339645,677160,'LU-SJN-111','SJU-0001','2025-11-17 06:10:22.152621'),(23,16.669933,120.339684,677160,'LU-SJN-111','SJU-0001','2025-11-17 06:10:48.045001'),(24,16.669933,120.339684,677160,'LU-SJN-111','SJU-0001','2025-11-17 06:10:51.527418'),(25,16.669912,120.339645,677160,'LU-SJN-111','SJU-0001','2025-11-17 06:11:19.178482'),(26,16.669912,120.339645,677160,'LU-SJN-111','SJU-0001','2025-11-17 06:11:23.240635'),(27,16.669897,120.339592,677160,'LU-SJN-111','SJU-0001','2025-11-17 06:11:47.509008'),(28,16.669897,120.339592,677160,'LU-SJN-111','SJU-0001','2025-11-17 06:11:51.188520'),(29,16.669847,120.339546,677160,'LU-SJN-111','SJU-0001','2025-11-17 06:12:19.593617'),(30,16.669847,120.339546,677160,'LU-SJN-111','SJU-0001','2025-11-17 06:12:23.542229'),(31,16.669828,120.339539,677160,'LU-SJN-111','SJU-0001','2025-11-17 06:12:58.588887'),(32,16.669828,120.339539,677160,'LU-SJN-111','SJU-0001','2025-11-17 06:13:02.092950'),(33,16.669828,120.339554,677160,'LU-SJN-111','SJU-0001','2025-11-17 06:16:08.562817'),(34,16.669828,120.339554,677160,'LU-SJN-111','SJU-0001','2025-11-17 06:18:51.274783'),(35,16.669876,120.339569,677160,'LU-SJN-111','SJU-0001','2025-11-17 06:21:50.795061'),(36,16.669876,120.339569,677160,'LU-SJN-111','SJU-0001','2025-11-17 06:24:34.183362'),(37,16.669933,120.339592,677160,'LU-SJN-111','SJU-0001','2025-11-17 06:27:33.868146'),(38,16.669933,120.339592,677160,'LU-SJN-111','SJU-0001','2025-11-17 06:30:21.218576'),(39,16.66984,120.339584,677160,'LU-SJN-111','SJU-0001','2025-11-17 06:33:27.306228'),(40,16.669888,120.339584,677160,'LU-SJN-111','SJU-0001','2025-11-17 06:39:10.205027'),(41,16.66992,120.339592,677160,'LU-SJN-111','SJU-0001','2025-11-17 06:46:27.699368'),(42,16.66992,120.339592,677160,'LU-SJN-111','SJU-0001','2025-11-17 06:46:31.140110'),(43,16.669903,120.3396,677160,'LU-SJN-111','SJU-0001','2025-11-17 06:46:58.724696'),(44,16.669903,120.3396,677160,'LU-SJN-111','SJU-0001','2025-11-17 06:47:02.199017'),(45,16.669905,120.33963,677160,'LU-SJN-111','SJU-0001','2025-11-17 06:47:28.401984'),(46,16.669905,120.33963,677160,'LU-SJN-111','SJU-0001','2025-11-17 06:47:31.965297'),(47,16.67,120.339722,677160,'LU-SJN-111','SJU-0001','2025-11-17 06:47:58.101489'),(48,16.67,120.339722,677160,'LU-SJN-111','SJU-0001','2025-11-17 06:48:01.516574'),(49,16.669996,120.339722,677160,'LU-SJN-111','SJU-0001','2025-11-17 06:48:37.965757'),(50,16.669996,120.339722,677160,'LU-SJN-111','SJU-0001','2025-11-17 06:48:41.578438'),(51,16.669996,120.339722,677160,'LU-SJN-111','SJU-0001','2025-11-17 06:49:07.005942'),(52,16.669996,120.339722,677160,'LU-SJN-111','SJU-0001','2025-11-17 06:49:11.337363'),(53,16.669983,120.339676,677160,'LU-SJN-111','SJU-0001','2025-11-17 06:49:36.067972'),(54,16.669983,120.339676,677160,'LU-SJN-111','SJU-0001','2025-11-17 06:49:40.234308'),(55,16.670176,120.339615,677160,'LU-SJN-111','SJU-0001','2025-11-17 06:50:05.000130'),(56,16.670176,120.339615,677160,'LU-SJN-111','SJU-0001','2025-11-17 06:50:08.520135'),(57,16.670176,120.339615,677160,'LU-SJN-111','SJU-0001','2025-11-17 06:53:15.532487'),(58,16.670176,120.339615,677160,'LU-SJN-111','SJU-0001','2025-11-17 06:56:01.797552'),(59,16.697802,120.338013,677160,'LU-SJN-111','SJU-0001','2025-11-17 06:59:01.961670'),(60,16.697802,120.338013,677160,'LU-SJN-111','SJU-0001','2025-11-17 07:01:45.407138'),(61,16.697802,120.338013,677160,'LU-SJN-111','SJU-0001','2025-11-17 07:04:45.619654'),(62,16.6978,120.338013,677160,'LU-SJN-111','SJU-0001','2025-11-17 07:10:55.857031'),(63,16.6978,120.338013,677160,'LU-SJN-111','SJU-0001','2025-11-17 07:13:38.995411'),(64,16.716208,120.346619,677160,'LU-SJN-111','SJU-0001','2025-11-17 07:16:38.766517'),(65,16.716208,120.346619,677160,'LU-SJN-111','SJU-0001','2025-11-17 07:19:22.272893'),(66,16.719803,120.353165,677160,'LU-SJN-111','SJU-0001','2025-11-17 07:22:22.199271'),(67,16.719803,120.353165,677160,'LU-SJN-111','SJU-0001','2025-11-17 07:25:05.512541'),(68,16.720367,120.352318,677160,'LU-SJN-111','SJU-0001','2025-11-17 07:31:33.634634'),(69,16.720369,120.352325,677160,'LU-SJN-111','SJU-0001','2025-11-17 07:34:33.795160'),(70,16.720369,120.352325,677160,'LU-SJN-111','SJU-0001','2025-11-17 07:37:17.032138'),(71,16.720369,120.352325,677160,'LU-SJN-111','SJU-0001','2025-11-17 07:40:17.471776'),(72,16.720369,120.352325,677160,'LU-SJN-111','SJU-0001','2025-11-17 07:43:01.577939'),(73,16.721243,120.35128,677160,'LU-SJN-111','SJU-0001','2025-11-17 07:45:55.015140'),(74,16.721243,120.35128,677160,'LU-SJN-111','SJU-0001','2025-11-17 07:45:58.685927'),(75,16.72134,120.3507,677160,'LU-SJN-111','SJU-0001','2025-11-17 07:46:24.374600'),(76,16.72134,120.3507,677160,'LU-SJN-111','SJU-0001','2025-11-17 07:46:28.291167'),(77,16.721457,120.349815,677160,'LU-SJN-111','SJU-0001','2025-11-17 07:46:54.167802'),(78,16.721457,120.349815,677160,'LU-SJN-111','SJU-0001','2025-11-17 07:46:59.230202'),(79,16.721544,120.34922,677160,'LU-SJN-111','SJU-0001','2025-11-17 07:47:24.427672'),(80,16.721544,120.34922,677160,'LU-SJN-111','SJU-0001','2025-11-17 07:47:28.339954'),(81,16.719805,120.348396,677160,'LU-SJN-111','SJU-0001','2025-11-17 07:48:04.769015'),(82,16.719805,120.348396,677160,'LU-SJN-111','SJU-0001','2025-11-17 07:48:08.425229'),(83,16.71813,120.347542,677160,'LU-SJN-111','SJU-0001','2025-11-17 07:48:34.147117'),(84,16.71813,120.347542,677160,'LU-SJN-111','SJU-0001','2025-11-17 07:48:37.948958'),(85,16.714487,120.345879,677160,'LU-SJN-111','SJU-0001','2025-11-17 07:49:03.595123'),(86,16.714487,120.345879,677160,'LU-SJN-111','SJU-0001','2025-11-17 07:49:09.428284'),(87,16.71102,120.343269,677160,'LU-SJN-111','SJU-0001','2025-11-17 07:49:33.757937'),(88,16.71102,120.343269,677160,'LU-SJN-111','SJU-0001','2025-11-17 07:49:37.453002'),(89,16.707212,120.341217,677160,'LU-SJN-111','SJU-0001','2025-11-17 07:52:43.393467'),(90,16.707212,120.341217,677160,'LU-SJN-111','SJU-0001','2025-11-17 07:55:28.067095'),(91,16.670849,120.40567,677160,'LU-SJN-111','SJU-0001','2025-11-18 13:03:07.051806'),(92,16.670849,120.40567,677160,'LU-SJN-111','SJU-0001','2025-11-18 13:03:28.750212'),(93,16.670849,120.40567,677160,'LU-SJN-111','SJU-0001','2025-11-18 13:03:32.500163'),(94,16.670849,120.40567,677160,'LU-SJN-111','SJU-0001','2025-11-18 13:03:57.864859'),(95,16.670849,120.40567,677160,'LU-SJN-111','SJU-0001','2025-11-18 13:04:01.681906'),(96,16.671537,120.403252,677160,'LU-SJN-111','SJU-0001','2025-11-18 13:04:28.680945'),(97,16.671537,120.403252,677160,'LU-SJN-111','SJU-0001','2025-11-18 13:04:33.660366'),(98,16.671545,120.403229,677160,'LU-SJN-111','SJU-0001','2025-11-18 13:04:59.423820'),(99,16.671545,120.403229,677160,'LU-SJN-111','SJU-0001','2025-11-18 13:05:03.055001'),(100,16.671553,120.403214,677160,'LU-SJN-111','SJU-0001','2025-11-18 13:05:39.282772'),(101,16.671553,120.403214,677160,'LU-SJN-111','SJU-0001','2025-11-18 13:05:44.496601'),(102,16.671558,120.403191,677160,'LU-SJN-111','SJU-0001','2025-11-18 13:07:29.888120'),(103,16.671558,120.403191,677160,'LU-SJN-111','SJU-0001','2025-11-18 13:07:33.663215'),(104,16.671568,120.403175,677160,'LU-SJN-111','SJU-0001','2025-11-18 13:10:47.717495'),(105,16.671568,120.403175,677160,'LU-SJN-111','SJU-0001','2025-11-18 13:13:40.747115'),(106,16.671572,120.402809,677160,'LU-SJN-111','SJU-0001','2025-11-18 13:15:53.366104'),(107,16.671572,120.402809,677160,'LU-SJN-111','SJU-0001','2025-11-18 13:15:57.204141'),(108,16.671568,120.402802,677160,'LU-SJN-111','SJU-0001','2025-11-18 13:16:22.424992'),(109,16.671568,120.402802,677160,'LU-SJN-111','SJU-0001','2025-11-18 13:16:26.306765'),(110,16.671564,120.402794,677160,'LU-SJN-111','SJU-0001','2025-11-18 13:16:52.508869'),(111,16.671564,120.402794,677160,'LU-SJN-111','SJU-0001','2025-11-18 13:16:56.766023'),(112,16.671568,120.402786,677160,'LU-SJN-111','SJU-0001','2025-11-18 13:17:31.134909'),(113,16.671568,120.402786,677160,'LU-SJN-111','SJU-0001','2025-11-18 13:17:35.246886'),(114,16.67157,120.402794,677160,'LU-SJN-111','SJU-0001','2025-11-18 13:18:10.229384'),(115,16.67157,120.402794,677160,'LU-SJN-111','SJU-0001','2025-11-18 13:18:14.224210'),(116,16.67157,120.402809,677160,'LU-SJN-111','SJU-0001','2025-11-18 13:18:40.385319'),(117,16.67157,120.402809,677160,'LU-SJN-111','SJU-0001','2025-11-18 13:18:44.285085'),(118,16.671572,120.402809,677160,'LU-SJN-111','SJU-0001','2025-11-18 13:19:11.586950'),(119,16.671572,120.402809,677160,'LU-SJN-111','SJU-0001','2025-11-18 13:19:15.310133'),(120,16.671576,120.402802,677160,'LU-SJN-111','SJU-0001','2025-11-18 13:19:41.767041'),(121,16.671576,120.402802,677160,'LU-SJN-111','SJU-0001','2025-11-18 13:19:45.445613'),(122,16.671577,120.402794,677160,'LU-SJN-111','SJU-0001','2025-11-18 13:22:50.965965'),(123,16.671576,120.402763,677160,'LU-SJN-111','SJU-0001','2025-11-18 13:24:49.363796'),(124,16.671576,120.402763,677160,'LU-SJN-111','SJU-0001','2025-11-18 13:24:52.849602'),(125,16.671516,120.402924,677160,'LU-SJN-111','SJU-0001','2025-11-18 13:25:18.853527'),(126,16.671516,120.402924,677160,'LU-SJN-111','SJU-0001','2025-11-18 13:25:22.446456'),(127,16.67149,120.402931,677160,'LU-SJN-111','SJU-0001','2025-11-18 13:27:08.535509'),(128,16.67149,120.402931,677160,'LU-SJN-111','SJU-0001','2025-11-18 13:27:12.381457'),(129,16.671492,120.402855,677160,'LU-SJN-111','SJU-0001','2025-11-18 13:29:06.009138'),(130,16.671492,120.402855,677160,'LU-SJN-111','SJU-0001','2025-11-18 13:29:09.629733'),(131,16.67152,120.402817,677160,'LU-SJN-111','SJU-0001','2025-11-18 13:29:35.149040'),(132,16.67152,120.402817,677160,'LU-SJN-111','SJU-0001','2025-11-18 13:29:38.788182'),(133,16.671524,120.402817,677160,'LU-SJN-111','SJU-0001','2025-11-18 13:30:04.531709'),(134,16.671524,120.402817,677160,'LU-SJN-111','SJU-0001','2025-11-18 13:30:11.012978'),(135,16.671534,120.402802,677160,'LU-SJN-111','SJU-0001','2025-11-18 13:30:34.853685'),(136,16.671534,120.402802,677160,'LU-SJN-111','SJU-0001','2025-11-18 13:30:38.584282'),(137,16.671539,120.402763,677160,'LU-SJN-111','SJU-0001','2025-11-18 13:31:04.809680'),(138,16.671539,120.402763,677160,'LU-SJN-111','SJU-0001','2025-11-18 13:31:08.747304'),(139,16.671543,120.402756,677160,'LU-SJN-111','SJU-0001','2025-11-18 13:34:14.806649'),(140,16.671543,120.402756,677160,'LU-SJN-111','SJU-0001','2025-11-18 13:36:58.741872'),(141,16.671545,120.402748,677160,'LU-SJN-111','SJU-0001','2025-11-18 13:39:59.607131'),(142,16.671545,120.402748,677160,'LU-SJN-111','SJU-0001','2025-11-18 13:42:43.600829'),(143,16.671572,120.402702,677160,'LU-SJN-111','SJU-0001','2025-11-18 13:45:44.112453'),(144,16.671572,120.402702,677160,'LU-SJN-111','SJU-0001','2025-11-18 13:48:28.023847'),(145,16.671549,120.402802,677160,'LU-SJN-111','SJU-0001','2025-11-18 13:53:34.443150'),(146,16.671495,120.402664,677160,'LU-SJN-111','SJU-0001','2025-11-18 13:56:41.344198'),(147,16.671495,120.402664,677160,'LU-SJN-111','SJU-0001','2025-11-18 13:59:27.583531'),(148,16.671558,120.402893,677160,'LU-SJN-111','SJU-0001','2025-11-18 14:02:28.059366'),(149,16.671558,120.402893,677160,'LU-SJN-111','SJU-0001','2025-11-18 14:05:12.004527'),(150,16.671556,120.402626,677160,'LU-SJN-111','SJU-0001','2025-11-18 14:08:13.391808'),(151,16.671556,120.402626,677160,'LU-SJN-111','SJU-0001','2025-11-18 14:10:56.912771'),(152,16.671497,120.40274,677160,'LU-SJN-111','SJU-0001','2025-11-18 14:13:57.321594'),(153,16.671497,120.40274,677160,'LU-SJN-111','SJU-0001','2025-11-18 14:16:41.785429'),(154,16.671595,120.402748,677160,'LU-SJN-111','SJU-0001','2025-11-18 14:19:42.533706'),(155,16.671595,120.402748,677160,'LU-SJN-111','SJU-0001','2025-11-18 14:22:26.341931'),(156,16.671413,120.40274,677160,'LU-SJN-111','SJU-0001','2025-11-18 14:25:26.303860'),(157,16.671413,120.40274,677160,'LU-SJN-111','SJU-0001','2025-11-18 14:28:09.991064'),(158,16.672318,120.402702,677160,'LU-SJN-111','SJU-0001','2025-11-18 14:31:10.411491'),(159,16.672318,120.402702,677160,'LU-SJN-111','SJU-0001','2025-11-18 14:33:54.152398'),(160,16.67168,120.401543,677160,'LU-SJN-111','SJU-0001','2025-11-18 14:36:54.330461'),(161,16.671427,120.402809,742465,NULL,'SAN-0003','2025-11-18 15:37:58.355693'),(162,16.671427,120.402809,742465,NULL,'SAN-0003','2025-11-18 15:38:01.822705'),(163,16.671305,120.402733,742465,NULL,'SAN-0003','2025-11-18 15:38:28.047338'),(164,16.671305,120.402733,742465,NULL,'SAN-0003','2025-11-18 15:38:31.755794'),(165,16.671309,120.40274,742465,NULL,'SAN-0003','2025-11-18 15:38:58.081385'),(166,16.671309,120.40274,742465,NULL,'SAN-0003','2025-11-18 15:39:02.214616'),(167,16.671209,120.402641,742465,NULL,'SAN-0003','2025-11-18 15:39:27.066111'),(168,16.671209,120.402641,742465,NULL,'SAN-0003','2025-11-18 15:39:30.623491'),(169,16.671455,120.40271,742465,NULL,'SAN-0003','2025-11-18 15:39:56.884476'),(170,16.671455,120.40271,742465,NULL,'SAN-0003','2025-11-18 15:40:00.498433'),(171,16.671453,120.402756,742465,NULL,'SAN-0003','2025-11-18 15:40:26.599435'),(172,16.671453,120.402756,742465,NULL,'SAN-0003','2025-11-18 15:40:30.202467'),(173,16.671434,120.402565,742465,NULL,'SAN-0003','2025-11-18 15:40:56.647645'),(174,16.671434,120.402565,742465,NULL,'SAN-0003','2025-11-18 15:41:00.251108'),(175,16.671286,120.402817,742465,NULL,'SAN-0003','2025-11-18 15:41:26.091989'),(176,16.671286,120.402817,742465,NULL,'SAN-0003','2025-11-18 15:41:31.033387'),(177,16.671366,120.402763,742465,NULL,'SAN-0003','2025-11-18 15:44:35.725525'),(178,16.671366,120.402763,742465,NULL,'SAN-0003','2025-11-18 15:47:19.515823'),(179,16.671326,120.402771,231943,NULL,'SAN-0004','2025-11-18 15:56:29.108213'),(180,16.671326,120.402771,231943,NULL,'SAN-0004','2025-11-18 15:56:32.655704'),(181,16.671289,120.402496,231943,NULL,'SAN-0004','2025-11-18 15:56:59.341088'),(182,16.671289,120.402496,231943,NULL,'SAN-0004','2025-11-18 15:57:02.901543'),(183,16.67131,120.402657,231943,NULL,'SAN-0004','2025-11-18 15:57:28.707216'),(184,16.67131,120.402657,231943,NULL,'SAN-0004','2025-11-18 15:57:32.833971'),(185,16.671389,120.402672,231943,NULL,'SAN-0004','2025-11-18 15:57:57.419916'),(186,16.671389,120.402672,231943,NULL,'SAN-0004','2025-11-18 15:58:01.074962'),(187,16.6714,120.40274,231943,NULL,'SAN-0004','2025-11-18 15:58:27.383088'),(188,16.6714,120.40274,231943,NULL,'SAN-0004','2025-11-18 15:58:30.979057'),(189,16.671337,120.402565,231943,NULL,'SAN-0004','2025-11-18 15:58:57.863499'),(190,16.671337,120.402565,231943,NULL,'SAN-0004','2025-11-18 15:59:01.598749'),(191,16.67135,120.402695,231943,NULL,'SAN-0004','2025-11-18 15:59:27.442061'),(192,16.67135,120.402695,231943,NULL,'SAN-0004','2025-11-18 15:59:31.037010'),(193,16.671354,120.402847,231943,NULL,'SAN-0004','2025-11-18 15:59:56.815528'),(194,16.671354,120.402847,231943,NULL,'SAN-0004','2025-11-18 16:00:00.950833'),(195,16.67136,120.402748,231943,NULL,'SAN-0004','2025-11-18 16:03:07.685491'),(196,16.670006,120.339432,449986,NULL,'SA1-0006','2025-11-19 05:40:16.883408'),(197,16.669802,120.339447,972125,NULL,'SA1-0007','2025-11-19 05:48:18.911337'),(198,16.669802,120.339447,972125,NULL,'SA1-0007','2025-11-19 05:48:22.368855'),(199,16.669495,120.339928,972125,NULL,'SA1-0007','2025-11-19 05:48:47.998702'),(200,16.669495,120.339928,972125,NULL,'SA1-0007','2025-11-19 05:48:51.421858'),(201,16.669682,120.339767,972125,NULL,'SA1-0007','2025-11-19 05:49:17.505558'),(202,16.669682,120.339767,972125,NULL,'SA1-0007','2025-11-19 05:49:21.465493'),(203,16.669964,120.339447,972125,NULL,'SA1-0007','2025-11-19 05:49:55.809349'),(204,16.669964,120.339447,972125,NULL,'SA1-0007','2025-11-19 05:49:59.107073'),(205,16.669998,120.339348,972125,NULL,'SA1-0007','2025-11-19 05:50:34.324688'),(206,16.669998,120.339348,972125,NULL,'SA1-0007','2025-11-19 05:50:37.741891'),(207,16.669893,120.339539,972125,NULL,'SA1-0007','2025-11-19 05:51:12.214634'),(208,16.669893,120.339539,972125,NULL,'SA1-0007','2025-11-19 05:51:15.624696'),(209,16.669832,120.339561,972125,NULL,'SA1-0007','2025-11-19 05:51:51.046176'),(210,16.669832,120.339561,972125,NULL,'SA1-0007','2025-11-19 05:51:54.337569'),(211,16.669775,120.339485,972125,NULL,'SA1-0007','2025-11-19 05:52:29.367796'),(212,16.669775,120.339485,972125,NULL,'SA1-0007','2025-11-19 05:52:32.753997'),(213,16.669762,120.339508,972125,NULL,'SA1-0007','2025-11-19 05:55:47.605349'),(214,16.669857,120.339668,260188,NULL,'SA1-0008','2025-11-19 06:01:13.645842'),(215,16.669857,120.339668,260188,NULL,'SA1-0008','2025-11-19 06:01:17.305402'),(216,16.669809,120.339615,260188,NULL,'SA1-0008','2025-11-19 06:01:42.513829'),(217,16.669809,120.339615,260188,NULL,'SA1-0008','2025-11-19 06:01:46.139319'),(218,16.669415,120.340515,260188,NULL,'SA1-0008','2025-11-19 06:02:13.044270'),(219,16.669415,120.340515,260188,NULL,'SA1-0008','2025-11-19 06:02:17.326846'),(220,16.669582,120.34021,260188,NULL,'SA1-0008','2025-11-19 06:02:42.404912'),(221,16.669582,120.34021,260188,NULL,'SA1-0008','2025-11-19 06:02:45.921317'),(222,16.669283,120.339638,260188,NULL,'SA1-0008','2025-11-19 06:03:11.426597'),(223,16.669283,120.339638,260188,NULL,'SA1-0008','2025-11-19 06:03:14.843005'),(224,16.669245,120.339653,260188,NULL,'SA1-0008','2025-11-19 06:03:40.896810'),(225,16.669245,120.339653,260188,NULL,'SA1-0008','2025-11-19 06:03:44.220766'),(226,16.669538,120.339943,260188,NULL,'SA1-0008','2025-11-19 06:04:10.079259'),(227,16.669874,120.339546,690740,NULL,'SA1-0009','2025-11-19 06:07:20.840384'),(228,16.669874,120.339546,690740,NULL,'SA1-0009','2025-11-19 06:07:24.406755'),(229,16.66976,120.33963,690740,NULL,'SA1-0009','2025-11-19 06:07:49.941203'),(230,16.66976,120.33963,690740,NULL,'SA1-0009','2025-11-19 06:07:53.352201'),(231,16.669765,120.339539,690740,NULL,'SA1-0009','2025-11-19 06:08:18.911661'),(232,16.669765,120.339539,690740,NULL,'SA1-0009','2025-11-19 06:08:22.739228'),(233,16.669807,120.339485,690740,NULL,'SA1-0009','2025-11-19 06:08:47.935376'),(234,16.669807,120.339485,690740,NULL,'SA1-0009','2025-11-19 06:08:51.350909'),(235,16.669865,120.33947,690740,NULL,'SA1-0009','2025-11-19 06:09:16.796041'),(236,16.669865,120.33947,690740,NULL,'SA1-0009','2025-11-19 06:09:20.173172'),(237,16.669874,120.339615,690740,NULL,'SA1-0009','2025-11-19 06:09:45.941674'),(238,16.669874,120.339615,690740,NULL,'SA1-0009','2025-11-19 06:09:49.375195'),(239,16.668924,120.339867,690740,NULL,'SA1-0009','2025-11-19 06:10:14.485991'),(240,16.668924,120.339867,690740,NULL,'SA1-0009','2025-11-19 06:10:17.977136'),(241,16.669905,120.339394,690740,NULL,'SA1-0009','2025-11-19 06:10:53.210007'),(242,16.669905,120.339394,690740,NULL,'SA1-0009','2025-11-19 06:10:56.711937'),(243,16.669966,120.339546,690740,NULL,'SA1-0009','2025-11-19 06:14:07.351912'),(244,16.669966,120.339546,690740,NULL,'SA1-0009','2025-11-19 06:16:50.097345'),(245,16.66976,120.339615,690740,NULL,'SA1-0009','2025-11-19 06:19:50.267802'),(246,16.66976,120.339615,690740,NULL,'SA1-0009','2025-11-19 06:22:32.970686'),(247,16.66971,120.33963,514697,NULL,'SA1-0010','2025-11-19 06:27:15.430661'),(248,16.66971,120.33963,514697,NULL,'SA1-0010','2025-11-19 06:27:18.732014'),(249,16.66971,120.33963,514697,NULL,'SA1-0010','2025-11-19 06:27:45.251553'),(250,16.66971,120.33963,514697,NULL,'SA1-0010','2025-11-19 06:27:49.329451'),(251,16.66971,120.33963,514697,NULL,'SA1-0010','2025-11-19 06:28:14.185519'),(252,16.66971,120.33963,514697,NULL,'SA1-0010','2025-11-19 06:28:17.502991'),(253,16.66971,120.339638,514697,NULL,'SA1-0010','2025-11-19 06:28:43.673235'),(254,16.66971,120.339638,514697,NULL,'SA1-0010','2025-11-19 06:28:47.506639'),(255,16.669716,120.33963,514697,NULL,'SA1-0010','2025-11-19 06:29:22.894146'),(256,16.669716,120.33963,514697,NULL,'SA1-0010','2025-11-19 06:29:26.735682'),(257,16.669712,120.33963,514697,NULL,'SA1-0010','2025-11-19 06:30:01.652458'),(258,16.669712,120.33963,514697,NULL,'SA1-0010','2025-11-19 06:30:05.522423'),(259,16.669765,120.33963,514697,NULL,'SA1-0010','2025-11-19 06:30:32.036254'),(260,16.669765,120.33963,514697,NULL,'SA1-0010','2025-11-19 06:30:37.772880'),(261,16.669806,120.339577,514697,NULL,'SA1-0010','2025-11-19 06:31:00.989981'),(262,16.669806,120.339577,514697,NULL,'SA1-0010','2025-11-19 06:31:04.724447'),(263,16.66909,120.339211,370893,NULL,'SA1-0011','2025-11-19 06:34:28.449183'),(264,16.66909,120.339211,370893,NULL,'SA1-0011','2025-11-19 06:34:32.020376'),(265,16.669743,120.339569,370893,NULL,'SA1-0011','2025-11-19 06:34:57.388829'),(266,16.669743,120.339569,370893,NULL,'SA1-0011','2025-11-19 06:35:00.888275'),(267,16.669798,120.339516,370893,NULL,'SA1-0011','2025-11-19 06:35:26.321477'),(268,16.669798,120.339516,370893,NULL,'SA1-0011','2025-11-19 06:35:29.838507'),(269,16.669849,120.339493,370893,NULL,'SA1-0011','2025-11-19 06:35:55.054556'),(270,16.669849,120.339493,370893,NULL,'SA1-0011','2025-11-19 06:35:58.472834'),(271,16.669821,120.33947,370893,NULL,'SA1-0011','2025-11-19 06:36:24.114064'),(272,16.669821,120.33947,370893,NULL,'SA1-0011','2025-11-19 06:36:28.546064'),(273,16.66983,120.3395,370893,NULL,'SA1-0011','2025-11-19 06:36:53.950943'),(274,16.66983,120.3395,370893,NULL,'SA1-0011','2025-11-19 06:36:57.347036'),(275,16.66983,120.3395,370893,NULL,'SA1-0011','2025-11-19 06:37:22.655681'),(276,16.66983,120.3395,370893,NULL,'SA1-0011','2025-11-19 06:37:26.067666'),(277,16.668928,120.339264,370893,NULL,'SA1-0011','2025-11-19 06:37:51.809184'),(278,16.668928,120.339264,370893,NULL,'SA1-0011','2025-11-19 06:37:55.336309'),(279,16.669031,120.33934,370893,NULL,'SA1-0011','2025-11-19 06:40:59.597378'),(280,16.669031,120.33934,370893,NULL,'SA1-0011','2025-11-19 06:43:43.032520'),(281,16.669853,120.339859,724092,NULL,'SA1-0012','2025-11-19 06:47:25.444797'),(282,16.669853,120.339859,724092,NULL,'SA1-0012','2025-11-19 06:47:29.003578'),(283,16.669392,120.339493,724092,NULL,'SA1-0012','2025-11-19 06:47:53.914471'),(284,16.669392,120.339493,724092,NULL,'SA1-0012','2025-11-19 06:47:57.307009'),(285,16.669792,120.339546,724092,NULL,'SA1-0012','2025-11-19 06:48:23.511735'),(286,16.669792,120.339546,724092,NULL,'SA1-0012','2025-11-19 06:48:27.027559'),(287,16.669884,120.3396,724092,NULL,'SA1-0012','2025-11-19 06:49:01.828167'),(288,16.669884,120.3396,724092,NULL,'SA1-0012','2025-11-19 06:49:05.225792'),(289,16.669855,120.339622,724092,NULL,'SA1-0012','2025-11-19 06:49:40.660297'),(290,16.669855,120.339622,724092,NULL,'SA1-0012','2025-11-19 06:49:44.201082'),(291,16.669525,120.339432,724092,NULL,'SA1-0012','2025-11-19 06:50:09.404437'),(292,16.669525,120.339432,724092,NULL,'SA1-0012','2025-11-19 06:50:12.824617'),(293,16.6698,120.339607,724092,NULL,'SA1-0012','2025-11-19 06:50:38.787448'),(294,16.6698,120.339607,724092,NULL,'SA1-0012','2025-11-19 06:50:42.866142'),(295,16.669792,120.339607,724092,NULL,'SA1-0012','2025-11-19 06:51:07.890411'),(296,16.669792,120.339607,724092,NULL,'SA1-0012','2025-11-19 06:51:11.361686'),(297,16.669792,120.3396,724092,NULL,'SA1-0012','2025-11-19 06:54:16.191720'),(298,16.669792,120.3396,724092,NULL,'SA1-0012','2025-11-19 06:56:59.089166'),(299,16.669744,120.339554,724092,NULL,'SA1-0012','2025-11-19 06:59:58.605878'),(300,16.669077,120.339447,508686,NULL,'SA1-0013','2025-11-19 07:04:11.107194'),(301,16.669077,120.339447,508686,NULL,'SA1-0013','2025-11-19 07:04:14.523345'),(302,16.669292,120.339424,508686,NULL,'SA1-0013','2025-11-19 07:04:40.529199'),(303,16.669292,120.339424,508686,NULL,'SA1-0013','2025-11-19 07:04:43.933567'),(304,16.669386,120.339424,508686,NULL,'SA1-0013','2025-11-19 07:05:10.009881'),(305,16.669386,120.339424,508686,NULL,'SA1-0013','2025-11-19 07:05:13.528268'),(306,16.669395,120.339417,508686,NULL,'SA1-0013','2025-11-19 07:05:38.965044'),(307,16.669395,120.339417,508686,NULL,'SA1-0013','2025-11-19 07:05:42.666041'),(308,16.669128,120.339294,508686,NULL,'SA1-0013','2025-11-19 07:06:07.669397'),(309,16.669128,120.339294,508686,NULL,'SA1-0013','2025-11-19 07:06:11.747400'),(310,16.669598,120.339394,508686,NULL,'SA1-0013','2025-11-19 07:06:45.552467'),(311,16.669598,120.339394,508686,NULL,'SA1-0013','2025-11-19 07:06:49.069954'),(312,16.669817,120.339615,508686,NULL,'SA1-0013','2025-11-19 07:07:16.013194'),(313,16.669817,120.339615,508686,NULL,'SA1-0013','2025-11-19 07:07:19.947729'),(314,16.669823,120.339592,508686,NULL,'SA1-0013','2025-11-19 07:07:45.403579'),(315,16.669823,120.339592,508686,NULL,'SA1-0013','2025-11-19 07:07:48.823730'),(316,16.669811,120.339638,359146,NULL,'SA1-0014','2025-11-19 07:15:42.189485'),(317,16.669811,120.339638,359146,NULL,'SA1-0014','2025-11-19 07:15:45.764795'),(318,16.669662,120.339516,359146,NULL,'SA1-0014','2025-11-19 07:16:12.506046'),(319,16.669662,120.339516,359146,NULL,'SA1-0014','2025-11-19 07:16:16.286362'),(320,16.669666,120.339569,359146,NULL,'SA1-0014','2025-11-19 07:16:42.438713'),(321,16.669666,120.339569,359146,NULL,'SA1-0014','2025-11-19 07:16:46.077559'),(322,16.669659,120.339546,359146,NULL,'SA1-0014','2025-11-19 07:17:11.244857'),(323,16.669659,120.339546,359146,NULL,'SA1-0014','2025-11-19 07:17:15.318840'),(324,16.669649,120.339523,359146,NULL,'SA1-0014','2025-11-19 07:17:40.297226'),(325,16.669649,120.339523,359146,NULL,'SA1-0014','2025-11-19 07:17:44.175859'),(326,16.669659,120.339523,359146,NULL,'SA1-0014','2025-11-19 07:18:09.244902'),(327,16.669659,120.339523,359146,NULL,'SA1-0014','2025-11-19 07:18:13.097214'),(328,16.669655,120.339516,359146,NULL,'SA1-0014','2025-11-19 07:18:39.386947'),(329,16.669655,120.339516,359146,NULL,'SA1-0014','2025-11-19 07:18:43.062404'),(330,16.669653,120.339508,359146,NULL,'SA1-0014','2025-11-19 07:19:10.161407'),(331,16.669653,120.339508,359146,NULL,'SA1-0014','2025-11-19 07:19:13.777415'),(332,16.66964,120.339539,359146,NULL,'SA1-0014','2025-11-19 07:22:20.817236'),(333,16.66964,120.339539,359146,NULL,'SA1-0014','2025-11-19 07:25:03.838887'),(334,16.669788,120.339577,359146,NULL,'SA1-0014','2025-11-19 07:28:03.270913'),(335,16.669788,120.339577,359146,NULL,'SA1-0014','2025-11-19 07:30:46.744946'),(336,16.669792,120.339531,359146,NULL,'SA1-0014','2025-11-19 07:33:46.744751'),(337,16.669792,120.339531,359146,NULL,'SA1-0014','2025-11-19 07:36:29.583048'),(338,16.669575,120.339546,170311,NULL,'SA1-0015','2025-11-19 07:42:11.612614'),(339,16.669575,120.339546,170311,NULL,'SA1-0015','2025-11-19 07:42:15.087191'),(340,16.669598,120.339455,170311,NULL,'SA1-0015','2025-11-19 07:44:15.681308'),(341,16.669598,120.339455,170311,NULL,'SA1-0015','2025-11-19 07:44:19.053309'),(342,16.669598,120.339455,170311,NULL,'SA1-0015','2025-11-19 07:44:47.043553'),(343,16.669598,120.339455,170311,NULL,'SA1-0015','2025-11-19 07:44:50.415119'),(344,16.669598,120.339455,170311,NULL,'SA1-0015','2025-11-19 07:45:17.063171'),(345,16.669598,120.339455,170311,NULL,'SA1-0015','2025-11-19 07:45:20.570828'),(346,16.669598,120.339455,170311,NULL,'SA1-0015','2025-11-19 07:45:56.243298'),(347,16.669598,120.339455,170311,NULL,'SA1-0015','2025-11-19 07:45:59.636160'),(348,16.669598,120.339455,170311,NULL,'SA1-0015','2025-11-19 07:46:26.075989'),(349,16.669598,120.339455,170311,NULL,'SA1-0015','2025-11-19 07:46:29.476569'),(350,16.669596,120.339455,170311,NULL,'SA1-0015','2025-11-19 07:46:55.457791'),(351,16.669596,120.339455,170311,NULL,'SA1-0015','2025-11-19 07:46:58.893857'),(352,16.669573,120.33947,170311,NULL,'SA1-0015','2025-11-19 07:47:23.860822'),(353,16.669573,120.33947,170311,NULL,'SA1-0015','2025-11-19 07:47:27.935165'),(354,16.636206,120.313202,764427,NULL,'SA1-0004','2025-11-20 01:12:07.802700'),(355,16.635868,120.313469,764427,NULL,'SA1-0004','2025-11-20 01:15:17.275171'),(356,16.637068,120.312286,170311,NULL,'SA1-0015','2025-11-20 01:16:03.419407'),(357,16.635918,120.313461,170311,NULL,'SA1-0015','2025-11-20 01:19:03.889455'),(358,16.635918,120.313461,170311,NULL,'SA1-0015','2025-11-20 01:21:47.373362'),(359,16.635851,120.313446,170311,NULL,'SA1-0015','2025-11-20 01:27:47.381287'),(360,16.636084,120.313263,170311,NULL,'SA1-0015','2025-11-20 01:30:48.036630'),(361,16.636084,120.313263,170311,NULL,'SA1-0015','2025-11-20 01:33:32.526332'),(362,16.635717,120.313766,170311,NULL,'SA1-0015','2025-11-20 01:36:33.978186'),(363,16.635717,120.313766,170311,NULL,'SA1-0015','2025-11-20 01:39:17.631315'),(364,16.636257,120.313087,170311,NULL,'SA1-0015','2025-11-20 01:42:17.744808'),(365,16.635862,120.313614,962601,NULL,'CSF-0001','2025-11-20 01:45:26.128506'),(366,16.635862,120.313614,962601,NULL,'CSF-0001','2025-11-20 01:45:30.083024'),(367,16.635902,120.313606,962601,NULL,'CSF-0001','2025-11-20 01:46:05.617678'),(368,16.635902,120.313606,962601,NULL,'CSF-0001','2025-11-20 01:47:32.768383'),(369,16.635962,120.31369,962601,NULL,'CSF-0001','2025-11-20 01:47:57.119621'),(370,16.635962,120.31369,962601,NULL,'CSF-0001','2025-11-20 01:48:01.072500'),(371,16.635958,120.313683,962601,NULL,'CSF-0001','2025-11-20 01:48:37.236172'),(372,16.635958,120.313683,962601,NULL,'CSF-0001','2025-11-20 01:48:41.309752'),(373,16.635925,120.313637,962601,NULL,'CSF-0001','2025-11-20 01:49:28.629325'),(374,16.6359,120.313606,962601,NULL,'CSF-0001','2025-11-20 01:49:56.175788'),(375,16.6359,120.313606,962601,NULL,'CSF-0001','2025-11-20 01:50:00.074644'),(376,16.63592,120.313583,962601,'LU-CSF-067','CSF-0001','2025-11-20 01:50:25.648053'),(377,16.63592,120.313583,962601,'LU-CSF-067','CSF-0001','2025-11-20 01:50:29.684845'),(378,16.635925,120.313522,962601,'LU-CSF-067','CSF-0001','2025-11-20 01:50:58.649291'),(379,16.635925,120.313522,962601,'LU-CSF-067','CSF-0001','2025-11-20 01:51:02.820583'),(380,16.635853,120.313438,850920,NULL,'CSF-0002','2025-11-20 01:51:29.935121'),(381,16.635853,120.313438,850920,NULL,'CSF-0002','2025-11-20 01:51:34.066577'),(382,16.635895,120.313492,850920,NULL,'CSF-0002','2025-11-20 01:52:01.173606'),(383,16.635895,120.313492,850920,NULL,'CSF-0002','2025-11-20 01:52:06.083458'),(384,16.636141,120.313255,850920,NULL,'CSF-0002','2025-11-20 01:52:31.934966'),(385,16.636141,120.313255,850920,NULL,'CSF-0002','2025-11-20 01:52:35.816316'),(386,16.635817,120.31366,850920,NULL,'CSF-0002','2025-11-20 01:53:02.343373'),(387,16.635817,120.31366,850920,NULL,'CSF-0002','2025-11-20 01:53:06.169699'),(388,16.635887,120.313843,850920,NULL,'CSF-0002','2025-11-20 01:53:33.367772'),(389,16.635887,120.313843,850920,NULL,'CSF-0002','2025-11-20 01:53:37.253262'),(390,16.635725,120.313721,850920,NULL,'CSF-0002','2025-11-20 01:54:03.554598'),(391,16.635725,120.313721,850920,NULL,'CSF-0002','2025-11-20 01:54:07.397848'),(392,16.635906,120.313492,962601,'LU-CSF-067','CSF-0001','2025-11-20 01:54:13.775320'),(393,16.635918,120.313728,850920,NULL,'CSF-0002','2025-11-20 01:54:34.885121'),(394,16.635918,120.313728,850920,NULL,'CSF-0002','2025-11-20 01:54:39.010744'),(395,16.636471,120.312996,850920,NULL,'CSF-0002','2025-11-20 01:55:05.225408'),(396,16.636471,120.312996,850920,NULL,'CSF-0002','2025-11-20 01:55:09.108183'),(397,16.635906,120.313492,962601,'LU-CSF-067','CSF-0001','2025-11-20 01:56:59.876101'),(398,16.636625,120.312637,850920,NULL,'CSF-0002','2025-11-20 01:58:15.188420'),(399,16.635942,120.313721,962601,'LU-CSF-067','CSF-0001','2025-11-20 02:00:00.248728'),(400,16.636625,120.312637,850920,NULL,'CSF-0002','2025-11-20 02:00:58.713883'),(401,16.635942,120.313721,962601,'LU-CSF-067','CSF-0001','2025-11-20 02:02:44.593707'),(402,16.635822,120.313675,850920,NULL,'CSF-0002','2025-11-20 02:03:58.830239'),(403,16.635828,120.313782,962601,'LU-CSF-067','CSF-0001','2025-11-20 02:05:45.240372'),(404,16.635822,120.313675,850920,NULL,'CSF-0002','2025-11-20 02:06:48.825932'),(405,16.635828,120.313782,962601,'LU-CSF-067','CSF-0001','2025-11-20 02:08:30.911729'),(406,16.636024,120.313622,850920,NULL,'CSF-0002','2025-11-20 02:09:52.632530'),(407,16.635702,120.313705,962601,'LU-CSF-067','CSF-0001','2025-11-20 02:11:35.222619'),(408,16.636024,120.313622,850920,NULL,'CSF-0002','2025-11-20 02:12:36.882056'),(409,16.635702,120.313705,962601,'LU-CSF-067','CSF-0001','2025-11-20 02:14:37.203308'),(410,16.635918,120.313812,850920,'LU-CSF-930','CSF-0002','2025-11-20 02:15:38.302800'),(411,16.635939,120.313614,962601,'LU-CSF-067','CSF-0001','2025-11-20 02:17:41.328263'),(412,16.635939,120.313614,962601,'LU-CSF-067','CSF-0001','2025-11-20 02:20:25.870727'),(413,16.637127,120.312477,850920,'LU-CSF-930','CSF-0002','2025-11-20 02:21:38.189951'),(414,16.635824,120.313713,962601,'LU-CSF-067','CSF-0001','2025-11-20 02:23:32.963023'),(415,16.637127,120.312477,850920,'LU-CSF-930','CSF-0002','2025-11-20 02:24:22.626283'),(416,16.635824,120.313713,962601,'LU-CSF-067','CSF-0001','2025-11-20 02:26:27.570280'),(417,16.671333,120.402725,962601,'LU-CSF-067','CSF-0001','2025-11-21 00:19:47.834542'),(418,16.671333,120.402725,962601,'LU-CSF-067','CSF-0001','2025-11-21 00:19:51.284247'),(419,16.671337,120.402718,962601,'LU-CSF-067','CSF-0001','2025-11-21 00:21:36.908242'),(420,16.671337,120.402718,962601,'LU-CSF-067','CSF-0001','2025-11-21 00:21:40.428204'),(421,16.671343,120.402756,962601,'LU-CSF-067','CSF-0001','2025-11-21 00:22:06.731731'),(422,16.671343,120.402756,962601,'LU-CSF-067','CSF-0001','2025-11-21 00:22:10.243783'),(423,16.671352,120.402763,962601,'LU-CSF-067','CSF-0001','2025-11-21 00:22:35.471191'),(424,16.671352,120.402763,962601,'LU-CSF-067','CSF-0001','2025-11-21 00:22:39.549708'),(425,16.671436,120.402786,962601,'LU-CSF-067','CSF-0001','2025-11-21 00:24:20.333975'),(426,16.67144,120.402779,962601,'LU-CSF-067','CSF-0001','2025-11-21 00:26:22.433345'),(427,16.67144,120.402779,962601,'LU-CSF-067','CSF-0001','2025-11-21 00:29:06.553805'),(428,16.671528,120.402756,962601,'LU-CSF-067','CSF-0001','2025-11-21 00:32:06.852936'),(429,16.671396,120.402809,962601,'LU-CSF-067','CSF-0001','2025-11-21 00:36:56.246051'),(430,16.671396,120.402809,962601,'LU-CSF-067','CSF-0001','2025-11-21 00:39:41.090602'),(431,16.67141,120.402817,962601,'LU-CSF-067','CSF-0001','2025-11-21 00:42:41.339841'),(432,16.67141,120.402817,962601,'LU-CSF-067','CSF-0001','2025-11-21 00:45:25.189009'),(433,16.63604,120.313408,962601,'LU-CSF-067','CSF-0001','2025-11-21 05:37:54.970795'),(434,16.63604,120.313408,962601,'LU-CSF-067','CSF-0001','2025-11-21 05:38:01.286634'),(435,16.635988,120.313377,962601,'LU-CSF-067','CSF-0001','2025-11-21 05:38:26.296704'),(436,16.635988,120.313377,962601,'LU-CSF-067','CSF-0001','2025-11-21 05:38:30.439076'),(437,16.636005,120.313324,962601,'LU-CSF-067','CSF-0001','2025-11-21 05:38:56.268230'),(438,16.636005,120.313324,962601,'LU-CSF-067','CSF-0001','2025-11-21 05:39:01.104318'),(439,16.636005,120.31337,962601,'LU-CSF-067','CSF-0001','2025-11-21 05:39:26.391759'),(440,16.636005,120.31337,962601,'LU-CSF-067','CSF-0001','2025-11-21 05:39:30.280062'),(441,16.635967,120.313431,962601,'LU-CSF-067','CSF-0001','2025-11-21 05:39:56.514403'),(442,16.635967,120.313431,962601,'LU-CSF-067','CSF-0001','2025-11-21 05:40:01.289956'),(443,16.635977,120.313568,962601,'LU-CSF-067','CSF-0001','2025-11-21 05:43:05.332717'),(444,16.635977,120.313568,962601,'LU-CSF-067','CSF-0001','2025-11-21 05:45:49.180788'),(445,16.635801,120.313789,962601,'LU-CSF-067','CSF-0001','2025-11-21 05:48:50.565869'),(446,16.635801,120.313789,962601,'LU-CSF-067','CSF-0001','2025-11-21 05:51:35.757107'),(447,16.635855,120.31369,962601,'LU-CSF-067','CSF-0001','2025-11-21 05:54:37.918946'),(448,16.635855,120.31369,962601,'LU-CSF-067','CSF-0001','2025-11-21 05:57:22.387576'),(449,16.635855,120.313774,962601,'LU-CSF-067','CSF-0001','2025-11-21 06:00:22.827860'),(450,16.635855,120.313774,962601,'LU-CSF-067','CSF-0001','2025-11-21 06:03:06.252039'),(451,16.635878,120.31369,962601,'LU-CSF-067','CSF-0001','2025-11-21 06:06:07.140764'),(452,16.635878,120.31369,962601,'LU-CSF-067','CSF-0001','2025-11-21 06:08:50.551449'),(453,16.635778,120.313805,962601,'LU-CSF-067','CSF-0001','2025-11-21 06:11:51.069507'),(454,16.635778,120.313805,962601,'LU-CSF-067','CSF-0001','2025-11-21 06:14:35.660464'),(455,16.635805,120.313782,962601,'LU-CSF-067','CSF-0001','2025-11-21 06:17:37.556672'),(456,16.635805,120.313782,962601,'LU-CSF-067','CSF-0001','2025-11-21 06:20:22.884096'),(457,16.635767,120.313766,962601,'LU-CSF-067','CSF-0001','2025-11-21 06:23:23.405536'),(458,16.635767,120.313766,962601,'LU-CSF-067','CSF-0001','2025-11-21 06:26:07.707102'),(459,16.635843,120.313774,962601,'LU-CSF-067','CSF-0001','2025-11-21 06:29:12.172090'),(460,16.635679,120.314041,850920,'LU-CSF-930','CSF-0002','2025-11-21 06:29:32.293150'),(461,16.635679,120.314041,850920,'LU-CSF-930','CSF-0002','2025-11-21 06:29:37.382101'),(462,16.635611,120.314003,850920,'LU-CSF-930','CSF-0002','2025-11-21 06:30:02.350000'),(463,16.635611,120.314003,850920,'LU-CSF-930','CSF-0002','2025-11-21 06:30:06.548253'),(464,16.635651,120.313911,850920,'LU-CSF-930','CSF-0002','2025-11-21 06:30:33.898454'),(465,16.635651,120.313911,850920,'LU-CSF-930','CSF-0002','2025-11-21 06:30:45.944937'),(466,16.635841,120.313782,850920,'LU-CSF-930','CSF-0002','2025-11-21 06:31:14.473475'),(467,16.635841,120.313782,850920,'LU-CSF-930','CSF-0002','2025-11-21 06:31:21.465403'),(468,16.635862,120.313721,850920,'LU-CSF-930','CSF-0002','2025-11-21 06:31:46.810574'),(469,16.635862,120.313721,850920,'LU-CSF-930','CSF-0002','2025-11-21 06:31:52.130160'),(470,16.635843,120.313774,962601,'LU-CSF-067','CSF-0001','2025-11-21 06:31:58.323920'),(471,16.635792,120.313744,850920,'LU-CSF-930','CSF-0002','2025-11-21 06:32:20.008167'),(472,16.635792,120.313744,850920,'LU-CSF-930','CSF-0002','2025-11-21 06:32:26.480501'),(473,16.635744,120.31382,850920,'LU-CSF-930','CSF-0002','2025-11-21 06:32:51.207281'),(474,16.635744,120.31382,850920,'LU-CSF-930','CSF-0002','2025-11-21 06:32:58.412284'),(475,16.635798,120.313789,850920,'LU-CSF-930','CSF-0002','2025-11-21 06:33:31.881533'),(476,16.635798,120.313789,850920,'LU-CSF-930','CSF-0002','2025-11-21 06:33:39.193324'),(477,16.63575,120.313797,962601,'LU-CSF-067','CSF-0001','2025-11-21 06:35:01.032687'),(478,16.635813,120.313805,850920,'LU-CSF-930','CSF-0002','2025-11-21 06:36:50.773806'),(479,16.63575,120.313797,962601,'LU-CSF-067','CSF-0001','2025-11-21 06:37:46.421950'),(480,16.635813,120.313805,850920,'LU-CSF-930','CSF-0002','2025-11-21 06:39:34.721363'),(481,16.63599,120.313652,850920,'LU-CSF-930','CSF-0002','2025-11-21 06:42:34.644029'),(482,16.635847,120.313805,962601,'LU-CSF-067','CSF-0001','2025-11-21 06:44:05.392759'),(483,16.63599,120.313652,850920,'LU-CSF-930','CSF-0002','2025-11-21 06:45:18.787121'),(484,16.635843,120.313759,962601,'LU-CSF-067','CSF-0001','2025-11-21 06:47:05.980885'),(485,16.635801,120.313805,850920,'LU-CSF-930','CSF-0002','2025-11-21 06:48:18.535982'),(486,16.635843,120.313759,962601,'LU-CSF-067','CSF-0001','2025-11-21 06:49:49.806959'),(487,16.635801,120.313805,850920,'LU-CSF-930','CSF-0002','2025-11-21 06:51:02.530006'),(488,16.635853,120.313744,962601,'LU-CSF-067','CSF-0001','2025-11-21 06:52:50.328227'),(489,16.635937,120.313629,850920,'LU-CSF-930','CSF-0002','2025-11-21 06:54:01.954217'),(490,16.635853,120.313744,962601,'LU-CSF-067','CSF-0001','2025-11-21 06:55:34.292770'),(491,16.635937,120.313629,850920,'LU-CSF-930','CSF-0002','2025-11-21 06:56:45.066476'),(492,16.635847,120.313789,962601,'LU-CSF-067','CSF-0001','2025-11-21 06:58:40.471655'),(493,16.635967,120.313644,850920,'LU-CSF-930','CSF-0002','2025-11-21 06:59:45.702108'),(494,16.635847,120.313789,962601,'LU-CSF-067','CSF-0001','2025-11-21 07:01:25.579447'),(495,16.635967,120.313644,850920,'LU-CSF-930','CSF-0002','2025-11-21 07:02:29.646356'),(496,16.63587,120.313721,962601,'LU-CSF-067','CSF-0001','2025-11-21 07:04:27.640666'),(497,16.635839,120.313683,850920,'LU-CSF-930','CSF-0002','2025-11-21 07:05:30.827272'),(498,16.63587,120.313721,962601,'LU-CSF-067','CSF-0001','2025-11-21 07:07:12.810860'),(499,16.635839,120.313683,850920,'LU-CSF-930','CSF-0002','2025-11-21 07:08:14.029967'),(500,16.63588,120.313782,962601,'LU-CSF-067','CSF-0001','2025-11-21 07:10:13.634853'),(501,16.635878,120.31369,850920,'LU-CSF-930','CSF-0002','2025-11-21 07:11:14.112011'),(502,16.63588,120.313782,962601,'LU-CSF-067','CSF-0001','2025-11-21 07:12:58.502956'),(503,16.635878,120.31369,850920,'LU-CSF-930','CSF-0002','2025-11-21 07:13:58.170433'),(504,16.635855,120.313644,850920,'LU-CSF-930','CSF-0002','2025-11-21 07:16:57.665208'),(505,16.635918,120.313751,962601,'LU-CSF-067','CSF-0001','2025-11-21 07:19:19.464862'),(506,16.635855,120.313644,850920,'LU-CSF-930','CSF-0002','2025-11-21 07:19:41.030349'),(507,16.635887,120.313629,962601,'LU-CSF-067','CSF-0001','2025-11-21 07:22:19.928030'),(508,16.635878,120.313698,850920,'LU-CSF-930','CSF-0002','2025-11-21 07:22:41.649844'),(509,16.635887,120.313629,962601,'LU-CSF-067','CSF-0001','2025-11-21 07:25:03.330004'),(510,16.635878,120.313698,850920,'LU-CSF-930','CSF-0002','2025-11-21 07:25:25.823289'),(511,16.635881,120.313614,962601,'LU-CSF-067','CSF-0001','2025-11-21 07:28:03.109411'),(512,16.63707,120.31205,850920,'LU-CSF-930','CSF-0002','2025-11-21 07:28:26.321689'),(513,16.635881,120.313614,962601,'LU-CSF-067','CSF-0001','2025-11-21 07:30:49.700138'),(514,16.63707,120.31205,850920,'LU-CSF-930','CSF-0002','2025-11-21 07:31:17.183197'),(515,16.635908,120.313736,962601,'LU-CSF-067','CSF-0001','2025-11-21 07:33:52.982873'),(516,16.637203,120.312103,850920,'LU-CSF-930','CSF-0002','2025-11-21 07:34:18.215054'),(517,16.635908,120.313736,962601,'LU-CSF-067','CSF-0001','2025-11-21 07:36:38.221904'),(518,16.637203,120.312103,850920,'LU-CSF-930','CSF-0002','2025-11-21 07:37:03.585563'),(519,16.635878,120.313637,962601,'LU-CSF-067','CSF-0001','2025-11-21 07:39:39.729360'),(520,16.630777,120.317696,850920,'LU-CSF-930','CSF-0002','2025-11-21 07:40:07.899179'),(521,16.635878,120.313637,962601,'LU-CSF-067','CSF-0001','2025-11-21 07:42:24.300294'),(522,16.630777,120.317696,850920,'LU-CSF-930','CSF-0002','2025-11-21 07:42:52.905760'),(523,16.635828,120.313622,962601,'LU-CSF-067','CSF-0001','2025-11-21 07:45:26.548889'),(524,16.620928,120.316597,850920,'LU-CSF-930','CSF-0002','2025-11-21 07:45:57.242425'),(525,16.635828,120.313622,962601,'LU-CSF-067','CSF-0001','2025-11-21 07:48:11.499197'),(526,16.620928,120.316597,850920,'LU-CSF-930','CSF-0002','2025-11-21 07:48:44.736454'),(527,16.635893,120.313614,962601,'LU-CSF-067','CSF-0001','2025-11-21 07:51:13.439430'),(528,16.615482,120.316673,850920,'LU-CSF-930','CSF-0002','2025-11-21 07:51:47.662238'),(529,16.635893,120.313614,962601,'LU-CSF-067','CSF-0001','2025-11-21 07:53:58.426953'),(530,16.615482,120.316673,850920,'LU-CSF-930','CSF-0002','2025-11-21 07:54:32.894621'),(531,16.63582,120.313683,962601,'LU-CSF-067','CSF-0001','2025-11-21 07:57:00.464829'),(532,16.611517,120.31675,850920,'LU-CSF-930','CSF-0002','2025-11-21 07:57:36.526454'),(533,16.63582,120.313683,962601,'LU-CSF-067','CSF-0001','2025-11-21 07:59:45.118432'),(534,16.611517,120.31675,850920,'LU-CSF-930','CSF-0002','2025-11-21 08:00:22.838023'),(535,16.635878,120.313713,962601,'LU-CSF-067','CSF-0001','2025-11-21 08:02:46.897003'),(536,16.605227,120.317581,850920,'LU-CSF-930','CSF-0002','2025-11-21 08:03:24.411468'),(537,16.635878,120.313713,962601,'LU-CSF-067','CSF-0001','2025-11-21 08:05:31.745513'),(538,16.605227,120.317581,850920,'LU-CSF-930','CSF-0002','2025-11-21 08:06:08.066175'),(539,16.635956,120.313568,962601,'LU-CSF-067','CSF-0001','2025-11-21 08:08:33.625259'),(540,16.592588,120.319267,850920,'LU-CSF-930','CSF-0002','2025-11-21 08:09:08.258612'),(541,16.635956,120.313568,962601,'LU-CSF-067','CSF-0001','2025-11-21 08:11:18.612858'),(542,16.592588,120.319267,850920,'LU-CSF-930','CSF-0002','2025-11-21 08:11:52.483884'),(543,16.635881,120.313644,962601,'LU-CSF-067','CSF-0001','2025-11-21 08:14:18.956046'),(544,16.577129,120.321266,850920,'LU-CSF-930','CSF-0002','2025-11-21 08:14:52.823263'),(545,16.635881,120.313644,962601,'LU-CSF-067','CSF-0001','2025-11-21 08:17:02.811253'),(546,16.577129,120.321266,850920,'LU-CSF-930','CSF-0002','2025-11-21 08:17:36.655192'),(547,16.635862,120.313637,962601,'LU-CSF-067','CSF-0001','2025-11-21 08:20:03.591569'),(548,16.57045,120.321846,850920,'LU-CSF-930','CSF-0002','2025-11-21 08:20:36.808594'),(549,16.635862,120.313637,962601,'LU-CSF-067','CSF-0001','2025-11-21 08:22:46.947334'),(550,16.57045,120.321846,850920,'LU-CSF-930','CSF-0002','2025-11-21 08:23:20.391042'),(551,16.635834,120.313568,962601,'LU-CSF-067','CSF-0001','2025-11-21 08:25:47.243542'),(552,16.570881,120.322044,850920,'LU-CSF-930','CSF-0002','2025-11-21 08:26:20.528588'),(553,16.635834,120.313568,962601,'LU-CSF-067','CSF-0001','2025-11-21 08:28:31.684735'),(554,16.570881,120.322044,850920,'LU-CSF-930','CSF-0002','2025-11-21 08:29:04.165031'),(555,16.635834,120.313606,962601,'LU-CSF-067','CSF-0001','2025-11-21 08:31:32.132455'),(556,16.571262,120.321999,850920,'LU-CSF-930','CSF-0002','2025-11-21 08:32:04.905120'),(557,16.635834,120.313606,962601,'LU-CSF-067','CSF-0001','2025-11-21 08:34:16.600865'),(558,16.571262,120.321999,850920,'LU-CSF-930','CSF-0002','2025-11-21 08:34:48.859332'),(559,16.635839,120.31369,962601,'LU-CSF-067','CSF-0001','2025-11-21 08:37:17.022677'),(560,16.571541,120.32206,850920,'LU-CSF-930','CSF-0002','2025-11-21 08:37:49.339595'),(561,16.635839,120.31369,962601,'LU-CSF-067','CSF-0001','2025-11-21 08:40:00.865761'),(562,16.571541,120.32206,850920,'LU-CSF-930','CSF-0002','2025-11-21 08:40:34.184074'),(563,16.635784,120.313606,962601,'LU-CSF-067','CSF-0001','2025-11-21 08:43:02.730772'),(564,16.571518,120.322021,850920,'LU-CSF-930','CSF-0002','2025-11-21 08:43:35.331984'),(565,16.635784,120.313606,962601,'LU-CSF-067','CSF-0001','2025-11-21 08:45:46.781299'),(566,16.571518,120.322021,850920,'LU-CSF-930','CSF-0002','2025-11-21 08:46:19.094213'),(567,16.635727,120.313637,962601,'LU-CSF-067','CSF-0001','2025-11-21 08:48:47.970297'),(568,16.571569,120.322037,850920,'LU-CSF-930','CSF-0002','2025-11-21 08:49:19.587222'),(569,16.635727,120.313637,962601,'LU-CSF-067','CSF-0001','2025-11-21 08:51:31.382916'),(570,16.571569,120.322037,850920,'LU-CSF-930','CSF-0002','2025-11-21 08:52:03.119789'),(571,16.63579,120.31369,962601,'LU-CSF-067','CSF-0001','2025-11-21 08:54:31.787392'),(572,16.590296,120.319542,850920,'LU-CSF-930','CSF-0002','2025-11-21 08:55:03.258698'),(573,16.63579,120.31369,962601,'LU-CSF-067','CSF-0001','2025-11-21 08:57:16.125890'),(574,16.590296,120.319542,850920,'LU-CSF-930','CSF-0002','2025-11-21 08:57:46.783579'),(575,16.635771,120.31356,962601,'LU-CSF-067','CSF-0001','2025-11-21 09:00:17.347439'),(576,16.596453,120.318924,850920,'LU-CSF-930','CSF-0002','2025-11-21 09:00:48.226917'),(577,16.635771,120.31356,962601,'LU-CSF-067','CSF-0001','2025-11-21 09:03:01.574287'),(578,16.596453,120.318924,850920,'LU-CSF-930','CSF-0002','2025-11-21 09:03:32.664471'),(579,16.635811,120.313576,962601,'LU-CSF-067','CSF-0001','2025-11-21 09:06:04.360854'),(580,16.596453,120.318924,850920,'LU-CSF-930','CSF-0002','2025-11-21 09:06:54.680001'),(581,16.635811,120.313576,962601,'LU-CSF-067','CSF-0001','2025-11-21 09:08:48.873062');
/*!40000 ALTER TABLE `api_gpsdata` ENABLE KEYS */;
UNLOCK TABLES;

--
-- Table structure for table `api_household`
--

DROP TABLE IF EXISTS `api_household`;
/*!40101 SET @saved_cs_client     = @@character_set_client */;
/*!50503 SET character_set_client = utf8mb4 */;
CREATE TABLE `api_household` (
  `household_number` int NOT NULL AUTO_INCREMENT,
  `total_no_household_memb` int unsigned NOT NULL,
  `no_male` int unsigned NOT NULL,
  `no_female` int unsigned NOT NULL,
  `no_children` int unsigned NOT NULL,
  `no_in_school` int unsigned NOT NULL,
  `no_out_school` int unsigned NOT NULL,
  `no_employed` int unsigned NOT NULL,
  `no_unemployed` int unsigned NOT NULL,
  `date_added` datetime(6) NOT NULL,
  `fisherfolk_id` varchar(50) NOT NULL,
  PRIMARY KEY (`household_number`),
  UNIQUE KEY `fisherfolk_id` (`fisherfolk_id`),
  CONSTRAINT `api_household_fisherfolk_id_f68231f1_fk_api_fishe` FOREIGN KEY (`fisherfolk_id`) REFERENCES `api_fisherfolk` (`registration_number`),
  CONSTRAINT `api_household_chk_1` CHECK ((`total_no_household_memb` >= 0)),
  CONSTRAINT `api_household_chk_2` CHECK ((`no_male` >= 0)),
  CONSTRAINT `api_household_chk_3` CHECK ((`no_female` >= 0)),
  CONSTRAINT `api_household_chk_4` CHECK ((`no_children` >= 0)),
  CONSTRAINT `api_household_chk_5` CHECK ((`no_in_school` >= 0)),
  CONSTRAINT `api_household_chk_6` CHECK ((`no_out_school` >= 0)),
  CONSTRAINT `api_household_chk_7` CHECK ((`no_employed` >= 0)),
  CONSTRAINT `api_household_chk_8` CHECK ((`no_unemployed` >= 0))
) ENGINE=InnoDB AUTO_INCREMENT=12 DEFAULT CHARSET=utf8mb4 COLLATE=utf8mb4_0900_ai_ci;
/*!40101 SET character_set_client = @saved_cs_client */;

--
-- Dumping data for table `api_household`
--

LOCK TABLES `api_household` WRITE;
/*!40000 ALTER TABLE `api_household` DISABLE KEYS */;
INSERT INTO `api_household` VALUES (1,2,1,1,1,0,1,1,0,'2025-11-17 05:57:02.476484','6565-876576565-46546'),(2,7,5,2,6,0,6,0,1,'2025-11-20 01:31:10.227548','6767-676767676-76767'),(3,7,2,5,6,3,3,1,0,'2025-11-20 01:55:15.584389','0943-058374582-30280'),(4,5,2,3,3,2,1,1,1,'2025-11-22 13:35:16.135593','0000-456823654-00000'),(5,5,2,3,3,2,1,1,1,'2025-11-22 13:35:16.164944','1234-456823654-00000'),(6,5,2,3,3,2,1,1,1,'2025-11-22 13:35:16.190273','1234-456823654-00001'),(7,5,2,3,3,2,1,1,1,'2025-11-22 13:35:16.215990','1234-456823654-00002'),(8,5,2,3,3,2,1,1,1,'2025-11-22 13:35:16.240964','1234-456823654-00003'),(9,5,2,3,3,2,1,1,1,'2025-11-22 13:46:22.272824','3244-456823654-00000'),(10,10,5,5,6,4,2,3,1,'2025-11-22 14:24:37.067446','0808-252589898-10123'),(11,4,2,2,2,1,1,2,0,'2025-11-22 14:35:27.219633','9384-759204850-20208');
/*!40000 ALTER TABLE `api_household` ENABLE KEYS */;
UNLOCK TABLES;

--
-- Table structure for table `api_landboundary`
--

DROP TABLE IF EXISTS `api_landboundary`;
/*!40101 SET @saved_cs_client     = @@character_set_client */;
/*!50503 SET character_set_client = utf8mb4 */;
CREATE TABLE `api_landboundary` (
  `land_id` int NOT NULL AUTO_INCREMENT,
  `name` varchar(100) NOT NULL,
  `land_area` decimal(10,4) NOT NULL,
  `boundary_length` decimal(10,4) NOT NULL,
  `coordinates` json NOT NULL,
  `created_at` datetime(6) NOT NULL,
  `updated_at` datetime(6) NOT NULL,
  `municipality_id` int DEFAULT NULL,
  PRIMARY KEY (`land_id`),
  UNIQUE KEY `name` (`name`),
  KEY `api_landboundary_municipality_id_084276a8_fk_api_munic` (`municipality_id`),
  CONSTRAINT `api_landboundary_municipality_id_084276a8_fk_api_munic` FOREIGN KEY (`municipality_id`) REFERENCES `api_municipality` (`municipality_id`)
) ENGINE=InnoDB AUTO_INCREMENT=103320001 DEFAULT CHARSET=utf8mb4 COLLATE=utf8mb4_0900_ai_ci;
/*!40101 SET character_set_client = @saved_cs_client */;

--
-- Dumping data for table `api_landboundary`
--

LOCK TABLES `api_landboundary` WRITE;
/*!40000 ALTER TABLE `api_landboundary` DISABLE KEYS */;
INSERT INTO `api_landboundary` VALUES (103301000,'Agoo',48.0000,33.0000,'{\"type\": \"Polygon\", \"coordinates\": [[[120.42057980200003, 16.303803391000027], [120.41985014500004, 16.30994466900006], [120.41912048800008, 16.312194444000056], [120.41731999200007, 16.31411767500003], [120.4165452950001, 16.31431585300004], [120.41631108400009, 16.31474824300005], [120.41395474800002, 16.315044517000047], [120.41236578200004, 16.315429721000044], [120.41007705800008, 16.315431466000064], [120.4082934070001, 16.316388924000027], [120.40782970100008, 16.31655976300004], [120.40131990200008, 16.315457769000037], [120.40152097000008, 16.330403626000074], [120.399645006, 16.338991617000026], [120.39892072000008, 16.34227555400002], [120.3982422790001, 16.342553482000024], [120.39695019400008, 16.348981645000038], [120.39595725200002, 16.353833080000076], [120.39410681800004, 16.35513510000004], [120.39197496500002, 16.356129965000036], [120.39149174500004, 16.355987841000058], [120.3907242780001, 16.356527910000068], [120.39018420900004, 16.356471061000033], [120.38918934400012, 16.35655633500005], [120.3883366030001, 16.35689743200004], [120.38620193500005, 16.356919437000037], [120.38582121600008, 16.35723256800003], [120.38522238500002, 16.357386320000046], [120.38426643, 16.357871964000022], [120.38335872700009, 16.358411047000054], [120.38188774900004, 16.359306425000057], [120.38086445900002, 16.360457626000024], [120.37952139200002, 16.359882025000044], [120.37032942800012, 16.36292310300007], [120.3658194840001, 16.361719039000036], [120.35881469900004, 16.36088951300007], [120.35818964200006, 16.360775235000066], [120.35780849000002, 16.360757085000042], [120.35679208500004, 16.360611884000036], [120.35586643100012, 16.36039408300007], [120.35253341700002, 16.36020452900004], [120.35150720900002, 16.36016805000003], [120.34568660900004, 16.36048819400003], [120.3423971200001, 16.36012620500003], [120.33988159600004, 16.35924209200005], [120.33863549400009, 16.358846987000053], [120.33669035900006, 16.358603845000054], [120.33526190000008, 16.359272485000073], [120.33311547400002, 16.359743266000063], [120.33316085800004, 16.359534388000043], [120.33338259000006, 16.358992970000035], [120.33373617100008, 16.35827734600002], [120.33390607100011, 16.357800734000026], [120.33429606900006, 16.35704297700005], [120.33448076700004, 16.356580379000032], [120.33474176900008, 16.35611501700004], [120.33486198500007, 16.355767776000047], [120.335139894, 16.355276393000054], [120.33530480500008, 16.354912528000057], [120.33597398300004, 16.353895333000025], [120.33608790700008, 16.35368525700005], [120.33709644900011, 16.352395364000074], [120.337721686, 16.35172877200006], [120.33856017800008, 16.350936829000034], [120.34053044800008, 16.34919622700005], [120.34131289600008, 16.348589387000064], [120.341790435, 16.348287829000068], [120.34207943700004, 16.348230279000063], [120.34224586500012, 16.34809013000006], [120.34246192900002, 16.348036855000032], [120.3424418960001, 16.347659581000073], [120.34251240600008, 16.34749935200006], [120.34280948600008, 16.347280200000057], [120.3431888660001, 16.346753509000052], [120.34361002100005, 16.345948905000053], [120.34384880400012, 16.345180500000026], [120.3439484280001, 16.344725396000058], [120.34396415400012, 16.344129907000017], [120.34401396200008, 16.34385783500005], [120.34397568000009, 16.34331932700007], [120.3440426740001, 16.343088477000038], [120.34421276300009, 16.342798256000037], [120.34427116100004, 16.34252820800003], [120.34415944300008, 16.342221523000035], [120.34412159800002, 16.341751590000055], [120.34416857800012, 16.341484200000025], [120.34406542800004, 16.340907095000034], [120.34383967900008, 16.340017738000025], [120.34375370600004, 16.339349941000023], [120.34370902600004, 16.33929882900003], [120.34351998600006, 16.338513329000026], [120.34339796100006, 16.338204995000066], [120.34324841500006, 16.337541246000058], [120.34309374500005, 16.33725105200006], [120.34307138800013, 16.337021857000025], [120.34291325700008, 16.336420022000024], [120.34278246300003, 16.336040525000048], [120.34279447500012, 16.335859144000036], [120.34267072200012, 16.335402409000036], [120.34249026400003, 16.334891265000067], [120.34232881900004, 16.334192902000037], [120.34236316800003, 16.333986787000075], [120.34228238700008, 16.333694938000065], [120.3422617330001, 16.333249738000056], [120.34215347300008, 16.333112887000027], [120.34215002000008, 16.33290347700006], [120.34202277400004, 16.332331353000033], [120.342017594, 16.332008821000045], [120.34189213600008, 16.331655966000028], [120.34194710000008, 16.33140368100004], [120.34185223400004, 16.331055247000055], [120.34181089700007, 16.33057704900005], [120.3416853970001, 16.33026376400005], [120.34173176500008, 16.330133485000033], [120.34154039500004, 16.329454131000038], [120.3416005040001, 16.329299115000023], [120.34140794800012, 16.328769826000038], [120.34135166600002, 16.328430688000022], [120.3413240650001, 16.327893123000024], [120.34115040500002, 16.32732755200004], [120.34116583500008, 16.327154404000055], [120.34098344900008, 16.326562067000054], [120.341065898, 16.326420239000072], [120.34093863000008, 16.32583487100004], [120.34092917400008, 16.32546547900006], [120.34080710100012, 16.325086233000036], [120.34083284200004, 16.32491968100004], [120.34070214900012, 16.324387082000047], [120.34076688800008, 16.324033570000037], [120.34055198600002, 16.323420186000078], [120.3404574020001, 16.32301620100003], [120.34051142000008, 16.322783797000056], [120.34031878100006, 16.321789492000047], [120.34021734900011, 16.321499288000037], [120.34028947800005, 16.321314588000064], [120.34011409900008, 16.320701325000073], [120.34013982500004, 16.320460569000037], [120.34001430500008, 16.31999722600005], [120.34004257100004, 16.319702686000024], [120.33997548900004, 16.31933497400007], [120.34006997500002, 16.31925250800003], [120.33992724600012, 16.318645705000048], [120.339856595, 16.318551074000027], [120.33986168300012, 16.318208084000048], [120.33972758200002, 16.317785967000074], [120.339825463, 16.317496130000052], [120.33971883900008, 16.317003102000058], [120.33972051600009, 16.316785435000046], [120.33950503400004, 16.315884554000032], [120.33942074600009, 16.315377772000033], [120.33960107700013, 16.314970093000056], [120.33948240200004, 16.31434349800003], [120.33958717300006, 16.314145601000064], [120.33951447100004, 16.31346398200003], [120.33976007700004, 16.312990679000052], [120.33971874300003, 16.312479500000055], [120.33978913700004, 16.31221070100003], [120.33971684000004, 16.311524873000053], [120.33988865000003, 16.311493511000037], [120.3399040710001, 16.311274193000035], [120.3397733830001, 16.31071723800005], [120.3399348150001, 16.31033134500007], [120.33983503600008, 16.309845809000024], [120.33990887900006, 16.30965781000003], [120.33970426800008, 16.308866332000033], [120.33977295000012, 16.308638760000065], [120.3397050960001, 16.30797301200004], [120.33972041600008, 16.307229315000036], [120.33995573100005, 16.306878037000047], [120.34003420200008, 16.30662166500002], [120.34003751800005, 16.305998347000063], [120.34024193100004, 16.305790282000036], [120.34030537800004, 16.30516200600005], [120.34054933100002, 16.30507291600003], [120.34061458000008, 16.304870077000032], [120.34050772000012, 16.30427917700007], [120.34064859600008, 16.30424617200003], [120.34070176900002, 16.303804234000037], [120.34088635700004, 16.30353048500007], [120.34094460600012, 16.30317941500005], [120.34107892800012, 16.302935525000066], [120.34104352300004, 16.302264191000056], [120.34123287300008, 16.302054473000055], [120.3412830320001, 16.301767091000045], [120.34124705500004, 16.30128307500007], [120.34186693100004, 16.30135294900003], [120.34209189200008, 16.301236433000035], [120.34222620300012, 16.30083720200002], [120.34227901200003, 16.30009623400002], [120.342340508, 16.29999992000006], [120.34233724500008, 16.299544773000036], [120.34227248600008, 16.299153319000023], [120.34230357800004, 16.298658707000076], [120.34235535600008, 16.29844122800006], [120.34231325800012, 16.298107249000058], [120.34236988900012, 16.29784627500004], [120.34236501200006, 16.29745751000007], [120.34225008700004, 16.297156156000028], [120.34229375400002, 16.296600037000072], [120.342595619, 16.296618062000046], [120.3428302850001, 16.296520185000073], [120.34340644400004, 16.296503067000064], [120.34363919900012, 16.296359341000024], [120.343818811, 16.29583272800005], [120.34385435300008, 16.29481879100007], [120.34399676400008, 16.294658782000052], [120.34409547300004, 16.294421105000023], [120.34434266800008, 16.294009369000037], [120.34432809100008, 16.293836943000024], [120.34455790200002, 16.293805861000063], [120.34459511700004, 16.293680033000037], [120.34463338200013, 16.29304028100006], [120.344897176, 16.29296259400007], [120.34491333100006, 16.292538514000057], [120.34513663200003, 16.292007237000064], [120.3451641160001, 16.291588485000034], [120.34459281100013, 16.291375705000068], [120.3446575390001, 16.29125608900006], [120.34515277700008, 16.29144091300003], [120.34532107200005, 16.291210999000047], [120.34543919400004, 16.29092361100004], [120.34544303700012, 16.290384315000036], [120.34562267600006, 16.29036410900005], [120.34564044300012, 16.289876340000035], [120.34587549300012, 16.289129567000032], [120.34586898700005, 16.28867597400005], [120.3457239610001, 16.288465114000072], [120.34600879200003, 16.28846354200005], [120.34608160600013, 16.288305090000044], [120.34610745400003, 16.287682174000054], [120.34639872200012, 16.28746110800006], [120.34651642200004, 16.286881614000038], [120.346708346, 16.28655949900008], [120.3467597230001, 16.286180601000076], [120.3467298500001, 16.28598797400002], [120.34689238500006, 16.28596726300003], [120.34697528800004, 16.285733233000034], [120.34703113700004, 16.285140748000064], [120.34717045600009, 16.285170982000064], [120.34725502000003, 16.28495764800004], [120.3472549810001, 16.284577163000048], [120.34718033100012, 16.28441797100004], [120.34739925200007, 16.284379743000045], [120.34741308000002, 16.28409228900005], [120.34743923300005, 16.284406557000068], [120.34920794200004, 16.28510543400006], [120.35659601100008, 16.290044215000023], [120.35804341500013, 16.29113268400004], [120.3624735300001, 16.294495280000028], [120.36472028900003, 16.295254227000044], [120.3655186520001, 16.295553613000035], [120.37054471000012, 16.29738059800007], [120.37206055700004, 16.297965043000033], [120.37568781100003, 16.298302189000026], [120.37974432000011, 16.298597469000065], [120.38175881900008, 16.300043712000043], [120.38711582300006, 16.29918991100004], [120.38933733800005, 16.29885910700006], [120.39193864600009, 16.298453091000056], [120.3944948510001, 16.29838321200003], [120.40073703000006, 16.29937052000003], [120.41312597100011, 16.302494638000038], [120.41805878300012, 16.30337918100002], [120.42057980200003, 16.303803391000027]]]}','2025-10-03 19:24:59.000000','2025-10-04 15:19:48.744938',1),(103302000,'Aringay',97.0000,57.0000,'{\"type\": \"Polygon\", \"coordinates\": [[[120.47172054100008, 16.47964626600003], [120.47130010600006, 16.47974181900002], [120.4697712520001, 16.479818262000038], [120.469312596, 16.48012403300003], [120.46862461100012, 16.480506247000054], [120.46791751600006, 16.480812018000044], [120.46763085600004, 16.48104134600004], [120.4672677530001, 16.48127067400003], [120.46684731800008, 16.481671998000024], [120.46621666600004, 16.48161466600004], [120.46560512400004, 16.481652887000052], [120.46512735700004, 16.481920437000046], [120.46487891800008, 16.48224531900007], [120.4632736210001, 16.48314352100004], [120.46180209800002, 16.483888837000052], [120.46130522100007, 16.483946169000035], [120.460655458, 16.48377417300003], [120.46023502300012, 16.483468402000028], [120.4595470380001, 16.483353738000062], [120.45903105000002, 16.48341107000005], [120.4584768400001, 16.483544845000036], [120.4577888560001, 16.484232829000064], [120.45723464600007, 16.484672375000056], [120.45662310400007, 16.48469148600003], [120.45622178000008, 16.484634154000045], [120.45582045500012, 16.484404825000066], [120.45545735300004, 16.484137276000073], [120.45517069200002, 16.48398439000005], [120.45486492100008, 16.484041723000068], [120.45465470400008, 16.484366604000055], [120.45465470400008, 16.48463415400005], [120.45475025700011, 16.484863482000037], [120.45497958600004, 16.48507369900005], [120.45511336000004, 16.485341249000044], [120.45492225400004, 16.486105676000022], [120.4546164830001, 16.486430558000052], [120.45417693700004, 16.486507], [120.45373739100012, 16.486507], [120.45339339900008, 16.48635411500004], [120.45280096800003, 16.485914569000045], [120.4523040900001, 16.48591456900004], [120.45167343800006, 16.486602554000054], [120.45138677800004, 16.48687010300006], [120.45089479200011, 16.48689687000006], [120.45244973100012, 16.480712594000067], [120.4520824430001, 16.474712344000068], [120.44642091800009, 16.468208631000046], [120.44196944900013, 16.464210388000023], [120.43961867300004, 16.46322711600004], [120.43632951000006, 16.461293178000062], [120.43380126200007, 16.459153891000028], [120.42932820600002, 16.457014604000047], [120.42619161800008, 16.45628240500002], [120.42616937200012, 16.455207067000053], [120.4261276850001, 16.45467903600007], [120.42616316100008, 16.453011051000036], [120.42616316100008, 16.45159006500006], [120.4261157950001, 16.450453277000065], [120.4262105270001, 16.44936385500006], [120.42742960300006, 16.447605910000053], [120.42831654400004, 16.446195528000032], [120.43139860400002, 16.435863982000054], [120.41643549900004, 16.42785444400005], [120.40581567200002, 16.42208657200007], [120.40468299200008, 16.42177560700003], [120.40407970600003, 16.42156073600006], [120.4034301580001, 16.421370224000047], [120.40206156400008, 16.42103623000003], [120.40042871700008, 16.42052606800007], [120.397521072, 16.41963501600003], [120.39569283800006, 16.419120571000065], [120.39391161100004, 16.418700470000033], [120.39275213300004, 16.41849882200006], [120.39174146900008, 16.418281738000076], [120.39117969900006, 16.417839103000055], [120.38949215200012, 16.417456972000025], [120.38888720700004, 16.417339344000023], [120.38708697200002, 16.41691886700005], [120.38613134700006, 16.41673439900006], [120.3850726930001, 16.416482339000023], [120.38401403900002, 16.41629749400005], [120.38372837100007, 16.416196670000037], [120.38230002900002, 16.415860590000023], [120.381174159, 16.41560852900005], [120.38070364600004, 16.415457293000028], [120.37949460700008, 16.415212368000027], [120.37905685200006, 16.415272449000046], [120.37841829900002, 16.415255645000055], [120.37781335400004, 16.41527244900004], [120.37739325300004, 16.41520523300005], [120.37655305200008, 16.415272449000042], [120.37566243800003, 16.41525564500006], [120.37485584500008, 16.415289253000022], [120.3739316240001, 16.415306057000066], [120.37320905, 16.415339665000033], [120.37260568300007, 16.415279334000047], [120.37194874800004, 16.415289253000022], [120.36875598300004, 16.41539007700004], [120.36726042500004, 16.41547409700007], [120.36648744, 16.415490901000055], [120.36598331900004, 16.415541313000062], [120.36522713800002, 16.41552450900002], [120.36440374100006, 16.41555811700004], [120.36260571000004, 16.41557492100003], [120.36168148800004, 16.415541313000062], [120.36072365900009, 16.41555811700005], [120.35933639300004, 16.415474163000052], [120.3584551150001, 16.415524509000022], [120.35717798400005, 16.415533938000063], [120.35658754500004, 16.415605060000075], [120.35519130600004, 16.41582322300007], [120.35437173700006, 16.41591100200003], [120.35368277200008, 16.416028630000024], [120.352863973, 16.416100561000057], [120.35191120700006, 16.415780155000053], [120.35126299200007, 16.41577657000005], [120.3503555750001, 16.41582698200006], [120.34963300200005, 16.41581017800007], [120.34904486100004, 16.415843786000043], [120.34756318600012, 16.41585446500005], [120.34396355600006, 16.41554547400006], [120.33986082500007, 16.415227952000063], [120.33502172600004, 16.414865744000053], [120.33436915200002, 16.41481041600002], [120.33317921400013, 16.41521740700006], [120.33290825000006, 16.414282840000055], [120.33246969000002, 16.413058780000025], [120.33215846400005, 16.412023131000073], [120.33162290900007, 16.410601528000026], [120.33140015400012, 16.409961814000038], [120.3303838710001, 16.40778943200007], [120.33025057200008, 16.407599674000032], [120.329935814, 16.406889930000034], [120.329717834, 16.406512732000067], [120.32932595000013, 16.40571597900003], [120.32889000000011, 16.404970968000043], [120.32866254400004, 16.40453468900006], [120.32837098600012, 16.404068325000026], [120.32772654200004, 16.402896179000034], [120.32753699600006, 16.40249170900006], [120.32729998700006, 16.40219537800004], [120.32703937500004, 16.401772734000073], [120.32681094000009, 16.40132568200005], [120.32620363500008, 16.40043035600007], [120.32576057500012, 16.39971171700006], [120.32555806600011, 16.39948875100004], [120.32529794000004, 16.399071785000043], [120.32500100100005, 16.39847134600007], [120.3237791910001, 16.396576866000036], [120.32348652000007, 16.395931009000034], [120.32336532300008, 16.39543653900006], [120.32334153700003, 16.395078741000077], [120.32347929700006, 16.394800785000033], [120.32336522200002, 16.394251204000057], [120.32343646700008, 16.393982278000063], [120.32361462500012, 16.393872873000078], [120.32351716200004, 16.393124499000063], [120.32325822700012, 16.39312846900003], [120.32290662700004, 16.39290743400005], [120.32266429800006, 16.39263625300004], [120.32244119600011, 16.39230115800007], [120.32202761700012, 16.391896236000033], [120.3217425250001, 16.39154529200005], [120.32171875300004, 16.391326512000035], [120.32194716900004, 16.39090354600006], [120.32223621500007, 16.390288312000056], [120.32227665800008, 16.39006082800006], [120.3222000830001, 16.389807001000065], [120.3220071090001, 16.38946088000006], [120.32179680800004, 16.389175390000045], [120.32140417100004, 16.38875019000005], [120.32105079000009, 16.388307993000073], [120.32088203600006, 16.387987107000065], [120.32040565500007, 16.38727722500005], [120.32018659200004, 16.386695621000058], [120.32016371000007, 16.386024607000028], [120.32031424600008, 16.38565189600007], [120.32036604700012, 16.38506806300006], [120.32035990500005, 16.384680515000063], [120.3202681350001, 16.384257102000046], [120.32027627100004, 16.384018610000055], [120.32044775500005, 16.38362101700005], [120.32083820000004, 16.383129437000033], [120.32121695400006, 16.38247930000006], [120.321320999, 16.38214209100004], [120.32163016200003, 16.381495319000067], [120.32174893200012, 16.38110264000005], [120.3219343290001, 16.381007923000027], [120.32205167200004, 16.38108646700004], [120.32210898200005, 16.381826146000034], [120.32208169400006, 16.382027742000048], [120.322201768, 16.382326209000045], [120.32278030000008, 16.38209319300006], [120.32310060200008, 16.38186749900006], [120.3238371000001, 16.38112039500004], [120.32453180500012, 16.380075653000056], [120.32541240000012, 16.37902665000007], [120.3258273020001, 16.37836062300005], [120.32602377400008, 16.378104042000075], [120.32621284300002, 16.37772883100007], [120.32642296100003, 16.37758221100006], [120.32664756700002, 16.377538335000057], [120.3271332910001, 16.377156076000063], [120.3274089030001, 16.377101087000028], [120.32770270800006, 16.377339796000054], [120.32784796700004, 16.37755691300003], [120.32836141100006, 16.377916596000034], [120.3286409420001, 16.37830036300005], [120.3288606540001, 16.378340646000026], [120.3291385110001, 16.378216631000047], [120.32965866800008, 16.37775780900006], [120.33017748500004, 16.37700978500004], [120.33044333900013, 16.376370375000025], [120.33053920800012, 16.37620828500007], [120.33087550800008, 16.375239079000036], [120.33109691600008, 16.374847756000065], [120.33134889700013, 16.37393881400004], [120.33150521600008, 16.37307519100005], [120.33160345900002, 16.37266373800003], [120.3317844720001, 16.37238133900007], [120.332110811, 16.372184738000044], [120.33225564300004, 16.37186703300005], [120.3325962770001, 16.37169557100003], [120.33259652900009, 16.371306710000056], [120.33221727100012, 16.371256387000074], [120.33178922000003, 16.371064309000076], [120.33159502900004, 16.370836047000065], [120.33161017500004, 16.37046435000007], [120.33148607500004, 16.37021413900004], [120.33128215300007, 16.370088228000046], [120.33153529300012, 16.369587748000068], [120.33156309000002, 16.36913876500006], [120.33151747600004, 16.368832669000025], [120.33148954, 16.368163029000076], [120.33156291500008, 16.367736029000067], [120.33157553, 16.367374006000034], [120.33151400300004, 16.36638483900003], [120.33157050900002, 16.365566238000046], [120.33156276400008, 16.36500669200007], [120.33167012100012, 16.36445242300004], [120.331635537, 16.364025405000064], [120.33189252400008, 16.36348791500006], [120.33213021100003, 16.36283282200003], [120.33220069300012, 16.36254927200002], [120.33219025900009, 16.362193427000022], [120.33229211600008, 16.361489031000072], [120.33257195700004, 16.36095608200003], [120.332998255, 16.360063089000047], [120.33311547400002, 16.359743266000063], [120.33526190000008, 16.359272485000073], [120.33669035900006, 16.358603845000054], [120.33863549400009, 16.358846987000053], [120.33988159600004, 16.35924209200005], [120.3423971200001, 16.36012620500003], [120.34568660900004, 16.36048819400003], [120.35150720900002, 16.36016805000003], [120.35253341700002, 16.36020452900004], [120.35586643100012, 16.36039408300007], [120.35679208500004, 16.360611884000036], [120.35780849000002, 16.360757085000042], [120.35818964200006, 16.360775235000066], [120.35881469900004, 16.36088951300007], [120.3658194840001, 16.361719039000036], [120.37032942800012, 16.36292310300007], [120.37239128000012, 16.363516239000035], [120.37459443900002, 16.364273174000058], [120.37756003200003, 16.365747558000066], [120.379706617, 16.366933829000057], [120.38107341600004, 16.367822028000038], [120.38314120100006, 16.368378097000058], [120.38461259800012, 16.368516583000027], [120.38826444800009, 16.368320226000037], [120.39017244900003, 16.368387209000048], [120.3919804410001, 16.36890153200005], [120.39385746600009, 16.36846352300006], [120.39622877100012, 16.367846984000042], [120.3985688890001, 16.36782602900007], [120.40044969200008, 16.36779955800006], [120.40187774400007, 16.368217610000045], [120.4017934310001, 16.369468254000026], [120.40161211500003, 16.370286570000076], [120.40149833600005, 16.371042097000046], [120.40123134400008, 16.371407454000067], [120.40064115300002, 16.371632288000054], [120.39997543100004, 16.372447314000055], [120.39964344900012, 16.374249506000073], [120.39959602300006, 16.37700021900002], [120.39973830100006, 16.382074810000063], [120.39997203600002, 16.38396802900007], [120.40109356000004, 16.384763054000075], [120.40352991000007, 16.38557611200002], [120.40439316400013, 16.385626892000058], [120.40672916000004, 16.38557014000002], [120.41064526600006, 16.385431901000064], [120.41229787000007, 16.385356067000032], [120.4194327460001, 16.386015160000056], [120.42663108100012, 16.38345048700006], [120.42742765700008, 16.383571181000033], [120.4279828450001, 16.383619458000055], [120.42851666900005, 16.383591432000056], [120.42885183700004, 16.383474626000066], [120.429077386, 16.383290390000067], [120.42930269200008, 16.382861460000072], [120.4296011, 16.38186656300007], [120.430118998, 16.380590893000036], [120.4302760170001, 16.38031246300005], [120.43085114000009, 16.379707276000033], [120.43115965400013, 16.379483530000073], [120.4318047160001, 16.379301695000034], [120.43246621900003, 16.379264752000037], [120.43305196200002, 16.37934691700008], [120.43348645700009, 16.379540026000026], [120.4344057080001, 16.38002345600006], [120.43496471000005, 16.380230117000053], [120.4372521570001, 16.380822811000026], [120.43783141400002, 16.381012484000056], [120.43848315700006, 16.38135042500005], [120.439521119, 16.38176078200007], [120.439907338, 16.381857337000042], [120.44067977400005, 16.38212286200007], [120.44094529900008, 16.38231597100003], [120.44133151800008, 16.382678051000028], [120.44183842900009, 16.383209101000038], [120.442490173, 16.383740151000037], [120.44338330300003, 16.384391895000018], [120.44381779800008, 16.384898806000024], [120.4441316010001, 16.38535744100005], [120.444614374, 16.38612987700003], [120.44463726500013, 16.386976410000045], [120.44488429500008, 16.38756928200007], [120.4459218200001, 16.38776690600002], [120.4476510300001, 16.387865718000057], [120.44839211900012, 16.388260966000075], [120.4490343970001, 16.388755026000073], [120.449083803, 16.38959492700008], [120.44883677300004, 16.39048423500003], [120.448095684, 16.391077107000058], [120.44774984200002, 16.391620572000026], [120.44789806000009, 16.392411068000055], [120.44844152500002, 16.392658098000023], [120.44942964500002, 16.393152158000074], [120.45061538800007, 16.393646218000065], [120.45199141300009, 16.394697783000023], [120.45336471400005, 16.39624274700003], [120.45382248000011, 16.396986618000025], [120.453879701, 16.398302698000066], [120.45382248000011, 16.39956155700003], [120.45382248000011, 16.40070597400006], [120.45399414300006, 16.40144984600004], [120.45439468900008, 16.40225093800007], [120.45496689800008, 16.40288036700002], [120.45531022300008, 16.403967564000027], [120.45525300200006, 16.404883097000038], [120.454509131, 16.405340864000035], [120.45313583000006, 16.40568419000005], [120.45176252900002, 16.405913073000022], [120.450274787, 16.40619917700008], [120.449702578, 16.406828607000023], [120.44964535700002, 16.40762969900004], [120.4501603450001, 16.408602454000057], [120.45073255400008, 16.40860245400006], [120.451190321, 16.408373570000037], [120.45176252900002, 16.407801362000043], [120.45244918000004, 16.407572478000077], [120.453307493, 16.407515257000053], [120.45410858500009, 16.408030245000074], [120.45485245600004, 16.40946076700004], [120.45531022300008, 16.410891288000077], [120.45622575700008, 16.41358066900005], [120.45895805300006, 16.41668490100005], [120.46101800400004, 16.417714876000048], [120.4632067020001, 16.41745738300006], [120.4651379070001, 16.417328636000036], [120.4667313660001, 16.41773058200004], [120.46745535200012, 16.418744852000028], [120.46749901500006, 16.420321398000056], [120.4669712560001, 16.421640795000027], [120.46665939900004, 16.422624346000074], [120.46668338800008, 16.42375183100006], [120.46713918000012, 16.423943744000038], [120.46805076300006, 16.423871776000055], [120.46896234700012, 16.423703853000056], [120.46958606200008, 16.423847787000057], [120.46996988700003, 16.424879316000037], [120.46965546700004, 16.42780979400004], [120.469635035, 16.428719014000016], [120.469726979, 16.43021565200007], [120.469767842, 16.43062939800006], [120.46952265900008, 16.431385379000055], [120.46948690400006, 16.431671426000037], [120.46953287500004, 16.431916609000037], [120.46948690400006, 16.43207495600006], [120.46907628200006, 16.432212778000064], [120.46889948600008, 16.43250402600006], [120.46893013400006, 16.432769641000046], [120.46903160400008, 16.432951038000056], [120.46983424600012, 16.43375548100005], [120.46998748500005, 16.43414368700007], [120.47002324100004, 16.43462894500004], [120.4699093470001, 16.43534973500005], [120.46979849000002, 16.43571183700004], [120.4714055180001, 16.442331663000054], [120.47215117900008, 16.449000410000053], [120.47233806600002, 16.451502042000076], [120.47249191800005, 16.455221205000036], [120.473114912, 16.46373074300004], [120.473114912, 16.472720889000065], [120.47172054100008, 16.47964626600003]]]}','2025-10-03 19:24:59.000000','2025-10-03 19:24:59.000000',2),(103303000,'Bacnotan',76.0000,39.0000,'{\"type\": \"Polygon\", \"coordinates\": [[[120.42745744200012, 16.764202273000016], [120.41244277200008, 16.766019122000046], [120.4025431550001, 16.767923513000028], [120.39183655400004, 16.781519597000056], [120.39025411400009, 16.783191963000032], [120.37856500200007, 16.78598790700005], [120.37000197800012, 16.787096085000027], [120.35946901600003, 16.788331819000064], [120.35343293300002, 16.789988038000047], [120.34981811700004, 16.79077131400004], [120.34874942100008, 16.79115494800004], [120.34753102600008, 16.791174232000056], [120.34379634800008, 16.789955389000056], [120.33836532000012, 16.787607616000056], [120.33191550400012, 16.783272881000077], [120.33126299300012, 16.78344688400006], [120.33074098400006, 16.78344688400006], [120.33017423800004, 16.783282469000024], [120.32987167100008, 16.783334287000056], [120.32981524700004, 16.783060819000074], [120.32985495100004, 16.782699774000033], [120.32988244500008, 16.78194767300005], [120.32995558800008, 16.781711420000015], [120.33005370700006, 16.780415524000034], [120.33013068000002, 16.780220830000072], [120.330149837, 16.77990116200004], [120.33054977400002, 16.779010097000015], [120.33054977300004, 16.77884240200007], [120.33067620100007, 16.778017976000058], [120.330790115, 16.777517176000057], [120.3308604670001, 16.777367779000027], [120.33090448500002, 16.77692309000002], [120.330863603, 16.776654411000035], [120.33108492500004, 16.776445028000065], [120.33095885100012, 16.776363712000034], [120.33091770900012, 16.776149369000052], [120.33112618000008, 16.775822683000058], [120.33124975000013, 16.775398949000078], [120.33135525500006, 16.77535954400002], [120.331401324, 16.775058913000063], [120.33179707400006, 16.77486532400007], [120.331695222, 16.774560936000054], [120.33140626900004, 16.774662511000027], [120.33123596700013, 16.774102512000066], [120.33131131600013, 16.773826537000044], [120.3314295140001, 16.773733969000034], [120.33133557000008, 16.773232467000067], [120.33137588300008, 16.773062736000043], [120.33135981700002, 16.772690705000063], [120.33128469500004, 16.77205033100006], [120.33119341300004, 16.77173728000002], [120.3311934830001, 16.771216009000057], [120.33123916200007, 16.771089999000022], [120.33112908200007, 16.77075051500003], [120.33125803700013, 16.770544792000067], [120.3311667270001, 16.770447054000044], [120.33113189700008, 16.76980332700003], [120.33108088500002, 16.76963872900006], [120.33119639700011, 16.769530730000042], [120.33107826100002, 16.769185639000057], [120.33121258900007, 16.76896705700005], [120.33143819500005, 16.769075098000034], [120.33149188600012, 16.769285988000032], [120.3314408220001, 16.769514867000055], [120.3315321340001, 16.769602318000068], [120.33141659600008, 16.76990565700003], [120.3315374460001, 16.770049690000057], [120.3317227990001, 16.769895407000035], [120.33202629000004, 16.770090897000042], [120.332125495, 16.769610772000018], [120.3323192250001, 16.76942190600005], [120.33233192800004, 16.769229562000078], [120.33247399600008, 16.769066553000073], [120.33252174400002, 16.768825602000046], [120.332771997, 16.76824982400007], [120.33291734000012, 16.76736150200003], [120.33305177500006, 16.76695449700003], [120.33333399100002, 16.766351605000068], [120.33345188200008, 16.766203132000044], [120.33399376800004, 16.76572156600002], [120.3341043800001, 16.765572044000063], [120.33411029800006, 16.765354745000025], [120.33428561800008, 16.765248120000024], [120.33460444200011, 16.76516089700004], [120.33491391700012, 16.764951992000025], [120.33503211800009, 16.764734977000042], [120.33506403500006, 16.764277726000046], [120.33457194700009, 16.76380826800005], [120.33446152600004, 16.76359968000003], [120.33400485100005, 16.76314490100003], [120.33406774700003, 16.763021338000048], [120.33317165500011, 16.762100049000026], [120.33325683500004, 16.762026916000025], [120.33471326300004, 16.76348937100005], [120.33487084300008, 16.76358979300005], [120.33556222800009, 16.763052025000036], [120.33605318300008, 16.76258838100006], [120.33620315400005, 16.762367699000038], [120.33647097400002, 16.761844866000043], [120.33661818500002, 16.761263784000047], [120.336626645, 16.76102437800006], [120.33676343000002, 16.76056251800003], [120.3368267640001, 16.76010407900003], [120.33681758600004, 16.759698432000047], [120.33673476100012, 16.759121502000028], [120.3366306040001, 16.75885114300007], [120.33639237200008, 16.75776911900004], [120.33636351000008, 16.75737619700004], [120.33639954200008, 16.756845407000075], [120.33634021200012, 16.756262134000053], [120.33620868000004, 16.755676313000038], [120.33574465100004, 16.754434968000055], [120.33547978000004, 16.75403379200003], [120.33525536500008, 16.753211341000053], [120.33521746800012, 16.752873285000078], [120.3352107190001, 16.752274619000044], [120.33517085600012, 16.751839442000065], [120.335408185, 16.751297566000062], [120.3358910390001, 16.750558759000057], [120.33596811200006, 16.75033862500003], [120.3361671660001, 16.750110954000036], [120.33658033100004, 16.749470321000043], [120.33672479800008, 16.748940759000053], [120.33665978500004, 16.74856880100003], [120.3364704820001, 16.747761968000074], [120.33631317900006, 16.747364324000046], [120.33586438400005, 16.74597295500007], [120.33572299000004, 16.745598037000036], [120.33553189800011, 16.745569705000037], [120.335397026, 16.745420040000056], [120.33510707900008, 16.745369277000062], [120.33476660500004, 16.745151331000045], [120.33468105500005, 16.744987482000052], [120.33471257400004, 16.74479487800005], [120.33454706900012, 16.74477435000006], [120.33446118400002, 16.74416096200002], [120.33454085700008, 16.744046492000052], [120.33452528200006, 16.743573724000044], [120.33441687100004, 16.74349524700005], [120.33453582100005, 16.743247111000073], [120.33452783800011, 16.74278884400007], [120.33461005600007, 16.742335854000036], [120.33472638, 16.74224722700006], [120.33481095200013, 16.74194845800002], [120.33480035300012, 16.74173831400003], [120.33503806700004, 16.741235876000072], [120.33515961700004, 16.740618088000073], [120.33536053500004, 16.74044843100006], [120.33561981500009, 16.74046489500006], [120.33585075800012, 16.740362329000053], [120.3361467960001, 16.740328117000047], [120.33629165400008, 16.740221538000064], [120.33646943200006, 16.740229835000033], [120.33666052000002, 16.740444949000047], [120.33685678200004, 16.740433428000074], [120.33692424900003, 16.740631116000035], [120.337225579, 16.740700720000063], [120.33753244600008, 16.740559908000023], [120.33822671400004, 16.74007165800003], [120.33909859700007, 16.74011102100007], [120.339317562, 16.740147750000062], [120.33954904700012, 16.740083421000065], [120.339836729, 16.73982628500005], [120.34034673900008, 16.73886090800005], [120.34053917000006, 16.73831036100006], [120.34061428600012, 16.738236893000074], [120.34072313, 16.737567727000048], [120.340719927, 16.737367227000046], [120.34058603400004, 16.736711964000047], [120.34060177400008, 16.736341904000025], [120.34087367600011, 16.735671529000058], [120.341007202, 16.73549448300002], [120.34119219000004, 16.735108901000046], [120.34125422200007, 16.73474409000005], [120.34126237400004, 16.734038234000025], [120.34130524400004, 16.733533162000068], [120.34122093100008, 16.732985143000068], [120.34128815400004, 16.732583297000076], [120.34122218900008, 16.73222494500004], [120.34121330200004, 16.73164458800005], [120.34116002600004, 16.73158749500004], [120.34111942900006, 16.731170835000054], [120.34118255900012, 16.730964748000073], [120.34113070600004, 16.73043696200006], [120.34118327600002, 16.730098907000066], [120.34110657700012, 16.72975461300007], [120.34111045800012, 16.729291309000075], [120.34104190100004, 16.728760118000025], [120.34084140600012, 16.728135576000057], [120.3408608090001, 16.72780606000003], [120.34074827400003, 16.727447191000067], [120.34066937100008, 16.727037598000035], [120.34069524200002, 16.726701888000033], [120.34066290500006, 16.726429360000058], [120.3408638510001, 16.72606662800007], [120.34095698400009, 16.72544262400003], [120.34094320900012, 16.724463118000077], [120.34079949200007, 16.724037030000034], [120.34071125900006, 16.723303620000024], [120.34044383900005, 16.722643481000034], [120.3402522460001, 16.72201189500004], [120.33982083600009, 16.720926847000044], [120.33974613900013, 16.720646027000043], [120.33955976100005, 16.72023784900006], [120.33936008100012, 16.719984680000035], [120.33901758700009, 16.71932916700007], [120.33884911100006, 16.719150188000068], [120.33853768400004, 16.718259486000022], [120.338441374, 16.717775324000055], [120.33845359700004, 16.717593621000045], [120.33835672700005, 16.717329836000033], [120.3379935480001, 16.716677981000032], [120.33800828500011, 16.716421452000077], [120.33782250000004, 16.716221933000035], [120.33770446600012, 16.715849308000024], [120.33779348100006, 16.71532614500006], [120.33761165500005, 16.714965227000047], [120.3371504580001, 16.714421183000074], [120.33699888900004, 16.714290050000045], [120.336263765, 16.713826646000033], [120.33633256200008, 16.713556263000044], [120.33669260300007, 16.713202738000064], [120.3366349910001, 16.71300840200007], [120.33638072900013, 16.713098368000033], [120.33637269300004, 16.71285117100007], [120.33650878100002, 16.71239389400006], [120.33649834800008, 16.712065334000048], [120.33658249000008, 16.711609475000053], [120.33663335100005, 16.710653280000034], [120.336613402, 16.71037575100007], [120.33688825700004, 16.710225793000067], [120.33706196900006, 16.71020629600002], [120.33728589400005, 16.71035837300007], [120.337439248, 16.71026738600005], [120.33750266200003, 16.710093662000077], [120.33752699, 16.708825050000026], [120.33743932100003, 16.708212756000023], [120.33739933800008, 16.707524448000072], [120.33725690500012, 16.70679581400003], [120.33716944500009, 16.70593488900005], [120.33701951800003, 16.70506382600007], [120.33707176000009, 16.70465137300004], [120.33693719700013, 16.704025775000048], [120.33676040700004, 16.70355194800004], [120.33668338000008, 16.703181892000032], [120.33667482300008, 16.702821250000056], [120.33641080100006, 16.701700856000063], [120.33626041700008, 16.701318212000047], [120.33612592800011, 16.701094539000053], [120.33590881900012, 16.70058480800003], [120.33657368100012, 16.70034518500006], [120.33885720500008, 16.699672751000033], [120.33940033400006, 16.699161932000035], [120.33967054100002, 16.69866920200008], [120.34342165100009, 16.698542045000064], [120.34454221500005, 16.698716885000067], [120.34661645100006, 16.69881225200004], [120.34836882400008, 16.698633439000048], [120.34932920400004, 16.698840303000058], [120.34950897800002, 16.699097124000048], [120.34959886600006, 16.699328262000048], [120.350540935, 16.69976917500003], [120.3539012330001, 16.699469222000058], [120.357963906, 16.69930642100007], [120.35961194700008, 16.69973206600002], [120.36112592600011, 16.700079019000043], [120.36171004700007, 16.700394010000025], [120.36270298800002, 16.700862293000057], [120.36392067400004, 16.70044672100005], [120.36456212800007, 16.69996563100005], [120.36558131400012, 16.699648315000047], [120.36616869700003, 16.699427348000032], [120.36717099700004, 16.698996358000045], [120.368504056, 16.698715714000055], [120.370358312, 16.69842504700006], [120.37195613300004, 16.698318829000065], [120.37267867700008, 16.698409148000053], [120.37331152300008, 16.69876948000006], [120.37344947800013, 16.69897961500004], [120.3736859490001, 16.699196819000065], [120.37410691500008, 16.700028728000063], [120.37459231000004, 16.700062465000027], [120.37578351800006, 16.70023720000006], [120.37697218200005, 16.700462808000054], [120.3792284010001, 16.700097187000043], [120.37968562600008, 16.70000092900006], [120.38040756000008, 16.699543703000078], [120.3810813660001, 16.69937525200004], [120.382116138, 16.69918273600006], [120.38433007100002, 16.699519639000073], [120.3856536170001, 16.700145316000032], [120.3865199390001, 16.700843185000053], [120.38726593700004, 16.70115602400006], [120.388276646, 16.701204153000052], [120.38950393400012, 16.70079505700005], [120.39056277100006, 16.70062660500002], [120.39154941500011, 16.70098757200003], [120.39227135000012, 16.701324475000035], [120.39296922000008, 16.70214266800002], [120.39376334800008, 16.702648022000066], [120.39568850600006, 16.702912731000026], [120.3975244380001, 16.70271807800003], [120.39888845000006, 16.70248519800003], [120.40031899900008, 16.702651541000023], [120.40560523800004, 16.704251229000022], [120.40518465600007, 16.707803933000037], [120.40906482900006, 16.724113099000018], [120.41598349600008, 16.73347746800005], [120.42335976300002, 16.751377833000046], [120.42745744200012, 16.764202273000016]]]}','2025-10-03 19:24:59.000000','2025-10-03 19:24:59.000000',3),(103304000,'Bagulin',90.0000,47.0000,'{\"type\": \"Polygon\", \"coordinates\": [[[120.541219833, 16.638014294000072], [120.54035051100004, 16.638593842000034], [120.53972956700012, 16.63896640900003], [120.5382393010001, 16.638966409000034], [120.53616948600003, 16.63880082400004], [120.53438944600008, 16.638800824000043], [120.53265080200003, 16.638925012000065], [120.53132612100002, 16.639463164000066], [120.53012562900004, 16.639711542000047], [120.52867675900008, 16.64024969400003], [120.52681392600005, 16.64111901600006], [120.52540645200008, 16.641698564000023], [120.52363212800005, 16.642027445000053], [120.52331907000008, 16.642110928000022], [120.52298514100004, 16.642142233000065], [120.52244250700004, 16.642017010000075], [120.52226510700008, 16.642590950000056], [120.522285978, 16.642935314000056], [120.52224423700012, 16.643133585000044], [120.52210857800004, 16.643258808000038], [120.52210857800004, 16.64363447800002], [120.51908977300002, 16.646737894000072], [120.51871587900008, 16.647287738000045], [120.51637354700006, 16.64610007600004], [120.51569610200008, 16.644727573000065], [120.51552392000008, 16.644508432000066], [120.51517955500005, 16.644414515000047], [120.51485084400008, 16.64414841500007], [120.51460039800008, 16.64380405100007], [120.51463170400008, 16.64335011700007], [120.51442821600006, 16.642927488000055], [120.51417776900009, 16.64273965300004], [120.513849058, 16.642896182000072], [120.51303510600007, 16.642833570000047], [120.512690742, 16.642911835000064], [120.51189244400008, 16.642598777000046], [120.5113915510001, 16.64259877700005], [120.51098457500008, 16.64281791700006], [120.51065586400011, 16.642927488000055], [120.51020192900012, 16.642677041000074], [120.5097949530001, 16.642583124000055], [120.5093566720001, 16.642426595000074], [120.50918449000008, 16.64211353600007], [120.50893404300008, 16.641769172000068], [120.5086366380001, 16.64155003200005], [120.50835488500002, 16.641722214000026], [120.50807313300004, 16.641706561000035], [120.50786964500004, 16.641456114000047], [120.50771311600008, 16.641033485000033], [120.50738440500004, 16.640673468000045], [120.507212223, 16.640313451000047], [120.50689916500004, 16.639859517000048], [120.5063669650001, 16.639640376000045], [120.5047703680001, 16.63981255800007], [120.5043164340001, 16.63978125200003], [120.50403468100002, 16.63956211200001], [120.50373727600004, 16.639530806000042], [120.50328334200002, 16.639593417000068], [120.50248504300008, 16.639577764000023], [120.50193719100002, 16.639609070000063], [120.5013580330001, 16.639734294000053], [120.50095105800008, 16.64010996400003], [120.5004032060001, 16.641064791000076], [120.50010580000004, 16.641471767000045], [120.49969882500012, 16.641643949000073], [120.49911966700006, 16.64167525500005], [120.49882226100009, 16.641894396000055], [120.49829006200002, 16.64200396600006], [120.49786743400011, 16.641894396000055], [120.49764829300013, 16.64167525500005], [120.49708478800008, 16.64120566700006], [120.49664650700004, 16.641205667000065], [120.49569167900005, 16.641565684000057], [120.49506556200004, 16.641236973000048], [120.49479946300004, 16.64115870900002], [120.494423793, 16.641503073000024], [120.49428291700006, 16.641925701000044], [120.49396985800004, 16.642066578000026], [120.49357853600009, 16.642144842000047], [120.49301503100004, 16.64191004900005], [120.49251413800005, 16.64165960200006], [120.49191932700012, 16.641596990000043], [120.49143408700002, 16.64159699000004], [120.49026011800004, 16.64164394900007], [120.48975922500009, 16.641753519000076], [120.48930529000006, 16.641941354000036], [120.48817828100006, 16.642003966000058], [120.48767738700008, 16.642176148000036], [120.4871921470001, 16.642410942000026], [120.48651907200008, 16.642817917000055], [120.48597122000002, 16.642880529000024], [120.48532945000012, 16.642990100000073], [120.484374623, 16.643647522000034], [120.48381111800008, 16.643725786000058], [120.4835293650001, 16.643976233000043], [120.48329457200008, 16.644367556000077], [120.48290324900007, 16.644602350000074], [120.48251192600004, 16.64488410200005], [120.48201103300006, 16.645056284000077], [120.48157275100004, 16.64533803600005], [120.481165776, 16.64580762400004], [120.48115012300002, 16.646261558000052], [120.4812283870001, 16.646746799000024], [120.48111881700002, 16.647044204000046], [120.48069618800004, 16.647310303000033], [120.480257907, 16.647341609000023], [120.4796161370001, 16.647263345000052], [120.47905263200006, 16.647106816000075], [120.4785047800001, 16.64723203900007], [120.47808215200008, 16.64760770900006], [120.47764387000008, 16.647952073000056], [120.47718993600006, 16.648468619000028], [120.47678296000004, 16.648609495000073], [120.47653251300004, 16.64849992500007], [120.4764072900001, 16.648233825000034], [120.47632902600004, 16.647310303000033], [120.47612553800002, 16.646151988000046], [120.47573421500012, 16.645666748000053], [120.47537419800004, 16.645306731000066], [120.47485765200008, 16.645071937000065], [120.47471677600004, 16.644664961000046], [120.47476373400004, 16.644211027000036], [120.47468547000004, 16.64369448100007], [120.47457589900011, 16.643287505000046], [120.47423153500006, 16.643068364000047], [120.47376194800007, 16.64316228200005], [120.4734332370001, 16.64284922300004], [120.47290103800005, 16.642019619000052], [120.472478409, 16.641910049000042], [120.47178968100005, 16.64228571800004], [120.47141401100008, 16.642238760000055], [120.47038091900004, 16.64223876000005], [120.46994263700005, 16.642301371000027], [120.46941043800004, 16.642301371000027], [120.46883128000005, 16.642207454000072], [120.468377346, 16.64205092500003], [120.46773557600012, 16.641769172000064], [120.46712511300008, 16.64117436200007], [120.46670248400004, 16.641111750000043], [120.46623289700004, 16.641252626000036], [120.46582592100005, 16.641518726000072], [120.4654659040001, 16.641878743000063], [120.465199804, 16.642270066000037], [120.46479282900007, 16.642520512000036], [120.46419801800003, 16.642770959000075], [120.46375973600004, 16.64269269400006], [120.46285186800004, 16.64275530600003], [120.46238228000004, 16.64297444700003], [120.46186573400009, 16.643130976000066], [120.46155267600012, 16.643130976000066], [120.45958040900008, 16.643819704000066], [120.45859427500012, 16.64407015100005], [120.458109035, 16.64386666300004], [120.45749857100007, 16.64388231600003], [120.45693506600004, 16.64386666300004], [120.45637156200009, 16.643788398000027], [120.45583936300012, 16.643428381000035], [120.45526020500006, 16.643334464000077], [120.45471235300012, 16.643115323000078], [120.45410188900009, 16.643099670000023], [120.45364795500008, 16.64328750500005], [120.45305314400002, 16.64339707500005], [120.45255225100004, 16.64344403400003], [120.45212962200002, 16.64339707500005], [120.45178525800009, 16.643052711000056], [120.45156611700008, 16.64266138800002], [120.451221753, 16.642426595000074], [120.45081477700012, 16.642677041000066], [120.45048606600004, 16.642802265000054], [120.450110396, 16.643037058000058], [120.44970342100008, 16.643365769000066], [120.4492807920001, 16.643412728000044], [120.44893642800002, 16.643350117000068], [120.44857641100008, 16.643428381000042], [120.44791898900009, 16.64411710900003], [120.44757462400004, 16.644586697000022], [120.44668240800004, 16.64607372300003], [120.4463223910001, 16.64659026900006], [120.446009333, 16.646981592000035], [120.44566496900008, 16.647247692000064], [120.44561801000008, 16.647545097000034], [120.44544582800005, 16.647842503000046], [120.44511711700012, 16.647967726000047], [120.44480405900003, 16.64820252000004], [120.44472579400008, 16.648609495000073], [120.44453795900004, 16.649016471000042], [120.44358313200009, 16.64957997600004], [120.44309789100012, 16.649611282000027], [120.44261265100012, 16.64956432300005], [120.44219002200008, 16.64976781100006], [120.44200218700009, 16.650268704000045], [120.44178304700009, 16.65097308500003], [120.44178304700009, 16.651380061000047], [120.44164217000004, 16.651927913000065], [120.4412195420001, 16.652319236000036], [120.44078126000012, 16.652554029000044], [120.44038993700008, 16.652961005000062], [120.44002992000004, 16.653461898000046], [120.43984208500002, 16.653884527000063], [120.43959163900004, 16.654213238000068], [120.43912205100004, 16.654635867000025], [120.43863681100004, 16.654933272000054], [120.43818287700005, 16.655058495000045], [120.43746284300003, 16.65535590100006], [120.43696194900008, 16.655449818000026], [120.43644540300008, 16.655590694000068], [120.4360071220001, 16.65574722400004], [120.43517751700006, 16.65548112400006], [120.43467662400008, 16.65546547100007], [120.43428530100005, 16.655528083000032], [120.43384702000004, 16.65565330600003], [120.43301741500012, 16.65574722400004], [120.43275131600002, 16.65598201700004], [120.43251652200004, 16.656404646000055], [120.43246956300004, 16.656780316000035], [120.43221911700005, 16.657265556000024], [120.4321095460001, 16.657672532000046], [120.43185910000012, 16.658314301000072], [120.43153038900005, 16.65865866500007], [120.43107645400003, 16.659049988000053], [120.43081035500006, 16.659363046000063], [120.43045033800004, 16.65947261700006], [120.42954246900004, 16.659284782000043], [120.42919810500008, 16.659175211000044], [120.42896331100006, 16.65884650000004], [120.42857370300013, 16.658618650000047], [120.42846103700003, 16.657898016000047], [120.42825904400004, 16.657247150000046], [120.42815243600012, 16.656635561000034], [120.427928, 16.656495288000027], [120.42767011600006, 16.65549379500004], [120.42783403500005, 16.654428320000022], [120.42730129800007, 16.65364970400003], [120.42639974200004, 16.652912068000035], [120.42562112600002, 16.652707169000056], [120.42476055100008, 16.651641694000038], [120.42410487400002, 16.65053524000006], [120.42389997500004, 16.65024838100004], [120.42366310600003, 16.650012427000036], [120.42301483200002, 16.649449844000056], [120.42335047100003, 16.648771499000077], [120.4244315840001, 16.647330016000065], [120.42454817400008, 16.64721695900005], [120.424859082, 16.64706857100004], [120.4253537090001, 16.646729398000048], [120.42548796500012, 16.646573944000068], [120.4256893480001, 16.646188842000072], [120.42579534000002, 16.64576840900003], [120.42578120700011, 16.645316180000066], [120.42551356500007, 16.644107310000038], [120.4252190950001, 16.643540182000038], [120.42500096800008, 16.643496557000052], [120.42473921700004, 16.643671058000052], [120.42442293400003, 16.64373649500004], [120.4241066510001, 16.643594713000017], [120.42400849400008, 16.64344202500007], [120.42381469100006, 16.643496254000066], [120.4252211050001, 16.64174110700003], [120.4257145910001, 16.641083126000066], [120.4257145910001, 16.640333759000047], [120.42540387800013, 16.639218847000045], [120.42525766000009, 16.638542589000057], [120.42498350100006, 16.638085658000023], [120.42481900600002, 16.637464231000024], [120.42502005600012, 16.636861082000056], [120.42491039200002, 16.636276210000066], [120.42443518400012, 16.635508566000055], [120.42434379700002, 16.63470436700004], [120.42467278800008, 16.633863614000063], [120.42467278800008, 16.63220038400004], [120.42463623300011, 16.631560681000053], [120.42427068800008, 16.63117685900005], [120.42306439000004, 16.630811314000027], [120.42079049800007, 16.63007857000002], [120.4199298430001, 16.629065837000045], [120.41968310000004, 16.62840785600002], [120.41986587200007, 16.62708275600005], [120.42045074400004, 16.625255031000048], [120.42072490300006, 16.62231239400006], [120.42030452600012, 16.621965127000063], [120.4210332870001, 16.62013545100007], [120.42126157600002, 16.613236710000024], [120.41886364800008, 16.614440937000037], [120.4105406450001, 16.61730516600005], [120.40991628600013, 16.614634255000055], [120.4075744260001, 16.60260535100002], [120.42312240600006, 16.602319409000078], [120.42576250600008, 16.601609903000053], [120.4280914310001, 16.59965538300002], [120.43624676400007, 16.596346328000042], [120.44028421100008, 16.59388296900005], [120.44222724300003, 16.58984984200004], [120.44367991900003, 16.58260566200005], [120.44832990300006, 16.57810283800006], [120.44896768600007, 16.57259960000005], [120.45000390300004, 16.563754261000035], [120.4525547620001, 16.56000768800004], [120.46084513900009, 16.558638715000026], [120.4627855350001, 16.55896899500004], [120.46538649100012, 16.559546985000054], [120.46827644300004, 16.560290116000036], [120.47219852, 16.561569951000028], [120.47692858900008, 16.56167085000004], [120.48296165300007, 16.567068977000073], [120.495969445, 16.566081741000062], [120.50140592300012, 16.56354207200007], [120.5034938240001, 16.56310251400004], [120.50519711200003, 16.56365196200005], [120.50777951500004, 16.564256354000058], [120.50904324500006, 16.565410194000037], [120.50905850700008, 16.566863178000062], [120.50925386600012, 16.568133012000033], [120.50976668400008, 16.56950052600007], [120.51076790000002, 16.57037964200003], [120.51186679500006, 16.571380858000055], [120.51203773400005, 16.571698316000035], [120.51785667800004, 16.594691728000043], [120.541219833, 16.638014294000072]]]}','2025-10-03 19:24:59.000000','2025-10-03 19:24:59.000000',4),(103305000,'Balaoan',62.0000,47.0000,'{\"type\": \"Polygon\", \"coordinates\": [[[120.43578240100008, 16.843001620000052], [120.43433238800004, 16.84308878600007], [120.427075756, 16.844055113000024], [120.42507533700008, 16.84434219600007], [120.42459254700007, 16.843565800000018], [120.423828823, 16.84387128900005], [120.42364397300004, 16.84204638200003], [120.41768303600008, 16.84534672100006], [120.41662913100004, 16.847265823000043], [120.41482496100002, 16.84752346700003], [120.41453750100004, 16.848672583000052], [120.41349168600006, 16.84932968800007], [120.41286176500012, 16.848580746000042], [120.41019041900007, 16.84440529400007], [120.40977444700005, 16.84332917100005], [120.40897798500008, 16.841323690000024], [120.4096948360001, 16.840603992000066], [120.408152459, 16.837169415000062], [120.40783498700011, 16.83681333200008], [120.40780066600009, 16.836671756000044], [120.407882179, 16.83593384800003], [120.40775776400004, 16.835539153000074], [120.40756041600002, 16.83530319300007], [120.4072601050001, 16.835230261000053], [120.40663374000007, 16.835453349000037], [120.40643639300004, 16.835552023000048], [120.40608888900012, 16.83582659400002], [120.40582718900008, 16.836109745000044], [120.40493054500008, 16.836277061000033], [120.40472890700006, 16.836264191000055], [120.404475787, 16.835993910000074], [120.403948097, 16.835783692000067], [120.40351479000005, 16.835770821000043], [120.4032745410001, 16.835822303000043], [120.402884136, 16.836023941000064], [120.4026910780001, 16.836204128000077], [120.40244653900004, 16.836551632000063], [120.402244901, 16.837049291000028], [120.40173426400008, 16.837653947000035], [120.40150111400013, 16.837824424000075], [120.40100254900004, 16.83805828700002], [120.40036068100004, 16.838320327000076], [120.399905869, 16.838558016000036], [120.399564541, 16.838783734000067], [120.39936512500002, 16.83916550600003], [120.39935764100004, 16.839842569000044], [120.3992878260001, 16.840062108000044], [120.39899635100004, 16.84022619400002], [120.39858018400002, 16.840197582000027], [120.39834837, 16.840890132000023], [120.39794437500008, 16.84126739100003], [120.39763024400008, 16.841482169000074], [120.39696329400012, 16.84221669900006], [120.39636511100004, 16.84128294400005], [120.3943373200001, 16.834896019000034], [120.39342173600004, 16.832234011000022], [120.393359529, 16.83211672200002], [120.39315211900008, 16.832075239000062], [120.39283211500002, 16.83214635200005], [120.392387664, 16.831358193000025], [120.3920592090001, 16.831326567000072], [120.39221284700012, 16.830898927000074], [120.39201284400008, 16.83061892300003], [120.39177284100003, 16.830538922000073], [120.39137283600007, 16.830525589000047], [120.39077282700008, 16.830872260000035], [120.38950614300003, 16.831272266000042], [120.3882839050001, 16.83178931000003], [120.3875327830001, 16.831663382000045], [120.38791007600004, 16.83075804600003], [120.38745317200004, 16.829289812000066], [120.38568693500008, 16.829725198000066], [120.38548225400008, 16.829108009000038], [120.38590468300002, 16.828908834000057], [120.38575720800009, 16.827741322000065], [120.3850634470001, 16.82799643800007], [120.38470030200006, 16.82637717700004], [120.384356194, 16.824398552000048], [120.37708724600007, 16.81619002800005], [120.37679669600004, 16.81593918300007], [120.37686147000012, 16.81580963400006], [120.37385111700009, 16.812339821000023], [120.36413804600012, 16.801588028000026], [120.3586302330001, 16.801116921000073], [120.35690322800008, 16.801106652000044], [120.35421886300004, 16.801054259000068], [120.34900102200004, 16.804984452000042], [120.34871457200006, 16.805193443000064], [120.3419940780001, 16.80871627500005], [120.33962736700003, 16.80996443800007], [120.34080851400006, 16.813333321000073], [120.33537279900008, 16.817507474000028], [120.33544209900003, 16.817798229000058], [120.33571148400006, 16.81802745300007], [120.33542872000012, 16.818346822000024], [120.33499028600012, 16.818657380000047], [120.334223027, 16.818967937000025], [120.33388554300006, 16.819232526000064], [120.33342499100004, 16.81894982100005], [120.33330686500004, 16.81895879900003], [120.33225771800004, 16.818822815000033], [120.33210619500008, 16.818858489000036], [120.33151582300005, 16.81874487200003], [120.330896466, 16.81870148200005], [120.33070105200012, 16.818723581000032], [120.33022397600006, 16.818669159000027], [120.32991393100008, 16.818431193000038], [120.32957068600004, 16.818083622000074], [120.32939597000006, 16.817730210000036], [120.32911551300003, 16.816976959000044], [120.32877139200002, 16.816249524000053], [120.32851711900004, 16.815763483000065], [120.32814536700003, 16.81514565300005], [120.32803080600004, 16.81511849300006], [120.32790867800009, 16.81480009500007], [120.32754094200004, 16.814192910000035], [120.32765076500006, 16.813905826000052], [120.32782342700013, 16.813924413000052], [120.3280720470001, 16.813580010000067], [120.32808987500006, 16.81333285900007], [120.32818516300006, 16.813084184000044], [120.32821913700003, 16.812806785000074], [120.3281934370001, 16.81242522900004], [120.3282225700001, 16.812148968000038], [120.328206582, 16.81167473200003], [120.32831680600007, 16.811473466000056], [120.32852018400004, 16.811305149000077], [120.32859774800008, 16.810962241000023], [120.32910250400003, 16.81049880400008], [120.32928163600003, 16.81029158400003], [120.32930684500002, 16.810150247000024], [120.329497628, 16.81002431200005], [120.32944240800008, 16.809556020000056], [120.3294750010001, 16.809320601000028], [120.3295690110001, 16.809229577000046], [120.329543585, 16.809023939000035], [120.32936382800006, 16.80889726100003], [120.32928044000003, 16.80859812700004], [120.32935249900004, 16.808313457000054], [120.32928676800007, 16.807468825000058], [120.32922167500011, 16.806319582000068], [120.32913876300006, 16.805909996000022], [120.32899805200007, 16.80547455100003], [120.3288680710001, 16.805272150000064], [120.32858159600003, 16.804511292000033], [120.32806173400004, 16.803694343000068], [120.3276591440001, 16.803304752000027], [120.32733139000004, 16.803065869000022], [120.32656051000004, 16.802298876000062], [120.325948282, 16.801907229000047], [120.32570950000002, 16.801683806000028], [120.32512333700004, 16.800482354000053], [120.32510297400006, 16.79984097900007], [120.32519550100008, 16.799130766000072], [120.32529757200008, 16.798881199000053], [120.32556454000007, 16.79859031100005], [120.32578131600008, 16.798514752000074], [120.32595848800008, 16.798233210000035], [120.3260931210001, 16.798174094000046], [120.32656000200006, 16.797600810000063], [120.326992979, 16.79733488600004], [120.32776122400004, 16.797067227000067], [120.32790815600003, 16.797062498000056], [120.32822512600002, 16.79686745800007], [120.32844925700012, 16.79660847900004], [120.32871773500008, 16.796079574000032], [120.32874119000007, 16.79575351700003], [120.32910894100009, 16.794410905000063], [120.32926233400008, 16.793983221000072], [120.32937667500006, 16.793506035000057], [120.32954836200008, 16.793105494000027], [120.32966713000008, 16.79234110300007], [120.32969474800008, 16.791533996000055], [120.32976762200008, 16.79069223400006], [120.32979232000002, 16.790108475000068], [120.32985930600012, 16.789564102000043], [120.32983350100004, 16.78935422000006], [120.32990608600004, 16.78882161900003], [120.32992530600008, 16.788189559000045], [120.33003957500011, 16.78782480600006], [120.33003483900008, 16.78697748200005], [120.33014058600008, 16.78661678000003], [120.33013357900008, 16.786377527000067], [120.3300431030001, 16.78608673100007], [120.33001040600006, 16.785367745000023], [120.32989526100005, 16.784670631000033], [120.32983337000007, 16.784449266000024], [120.32967303800002, 16.784185338000043], [120.32977454700006, 16.783843276000024], [120.32978972800004, 16.783548122000074], [120.32987167100008, 16.783334287000056], [120.33017423800004, 16.783282469000024], [120.33074098400006, 16.78344688400006], [120.33126299300012, 16.78344688400006], [120.33191550400012, 16.783272881000077], [120.33836532000012, 16.787607616000056], [120.34379634800008, 16.789955389000056], [120.34753102600008, 16.791174232000056], [120.34874942100008, 16.79115494800004], [120.34981811700004, 16.79077131400004], [120.35343293300002, 16.789988038000047], [120.35946901600003, 16.788331819000064], [120.37000197800012, 16.787096085000027], [120.37856500200007, 16.78598790700005], [120.39025411400009, 16.783191963000032], [120.39183655400004, 16.781519597000056], [120.4025431550001, 16.767923513000028], [120.41244277200008, 16.766019122000046], [120.42745744200012, 16.764202273000016], [120.42847860400003, 16.768890468000052], [120.43712517400004, 16.78417528500006], [120.43902423700004, 16.78553484100007], [120.43919687900006, 16.787067040000068], [120.44037805500012, 16.790640410000034], [120.44210616800002, 16.795803996000075], [120.442815171, 16.79840363700004], [120.44251100500004, 16.79867071000007], [120.44170236700006, 16.799093576000075], [120.441012429, 16.79942741700006], [120.44068600600008, 16.799872538000045], [120.44058956300012, 16.800139611000077], [120.44055988800008, 16.80079987500005], [120.44068600600008, 16.801141135000023], [120.44090114800008, 16.801497232000024], [120.44147980600007, 16.801994284000045], [120.44154657500007, 16.80222426400007], [120.44136110700003, 16.802676804000047], [120.441234989, 16.802847434000054], [120.44126466400007, 16.802995808000045], [120.44147980600007, 16.803322230000052], [120.44165043600005, 16.803700583000023], [120.44208072000004, 16.80430891600002], [120.44227360600009, 16.804412778000028], [120.44257777300004, 16.80435342800007], [120.44290419500012, 16.80442761500006], [120.44336415400004, 16.804946924000035], [120.44432858400012, 16.805495907000022], [120.444758868, 16.805926191000022], [120.44510012800002, 16.806185845000073], [120.44556008700008, 16.806378731000052], [120.44584199700012, 16.80658645500006], [120.445834579, 16.806883202000055], [120.44567136700006, 16.80729864900007], [120.44562685500011, 16.807721515000022], [120.44588650900003, 16.808678526000055], [120.4458568350001, 16.809145903000054], [120.44576781, 16.809687468000046], [120.44556750600007, 16.81002130900003], [120.44522624600008, 16.81032547600006], [120.4444101900001, 16.81025870700006], [120.4440615110001, 16.80993228500006], [120.44392055600008, 16.809524257000078], [120.44396506800004, 16.80874529400006], [120.44338641000004, 16.807944075000023], [120.44279291500004, 16.80756572200005], [120.44252584200002, 16.807691840000075], [120.442095558, 16.808159217000025], [120.4413907820001, 16.808411453000076], [120.44122757100004, 16.808552408000025], [120.44124982700008, 16.80911622900004], [120.4415317370001, 16.80951683800003], [120.44176171700008, 16.809917447000036], [120.44178397300004, 16.81041450000004], [120.4416875300001, 16.810792853000066], [120.44136110700003, 16.811408605000054], [120.44078244900004, 16.812165311000054], [120.44070826200004, 16.812491734000048], [120.44076761200006, 16.812721713000023], [120.44090856700006, 16.81287008700002], [120.44115338400002, 16.812862668000037], [120.44146496900012, 16.812988786000062], [120.44172462300004, 16.813567444000057], [120.4418952530001, 16.81385677300005], [120.44200653300004, 16.814168358000074], [120.442021371, 16.814643154000066], [120.44194718400004, 16.814947321000037], [120.44176913500009, 16.81534051100004], [120.44217503400012, 16.815582645000063], [120.445249342, 16.822092211000047], [120.44678744000012, 16.825322155000034], [120.44428969000012, 16.83161853400003], [120.44452732500008, 16.833344881000077], [120.44532690000008, 16.837064359000067], [120.45114068900013, 16.846128416000056], [120.44195260900008, 16.84810995500004], [120.44082519900007, 16.847991316000048], [120.43982779100008, 16.84634740100006], [120.43907507500002, 16.84299999300004], [120.43578240100008, 16.843001620000052]]]}','2025-10-03 19:24:59.000000','2025-10-03 19:24:59.000000',5),(103306000,'Bangar',35.0000,27.0000,'{\"type\": \"Polygon\", \"coordinates\": [[[120.45411660000002, 16.908505391000062], [120.4521525980001, 16.908154949000046], [120.4506690300001, 16.90811690900006], [120.44861486000003, 16.908040829000065], [120.44667481000008, 16.90769846700005], [120.44530536300012, 16.90724198400005], [120.44336531300009, 16.906443140000018], [120.44108290200006, 16.90522585400004], [120.43982757500012, 16.903932488000063], [120.43849616800004, 16.902448920000037], [120.43693652000002, 16.901269674000048], [120.43577346200004, 16.900497252000033], [120.43394525500004, 16.90017119500004], [120.43263701, 16.90014244200006], [120.43142940000008, 16.900243077000024], [120.4302792950001, 16.900703119000074], [120.42924420100006, 16.901019397000024], [120.42767718300004, 16.901666331000058], [120.42681460500012, 16.902183878000073], [120.42560699500008, 16.902960199000066], [120.42467253400004, 16.90393778800006], [120.42296175300012, 16.905418548000057], [120.42199854100012, 16.906223622000027], [120.42117909100013, 16.906956814000072], [120.4198708470001, 16.90836569200007], [120.419037021, 16.90931452800003], [120.41836133400012, 16.910205860000072], [120.41778628200008, 16.911355965000045], [120.41732624000008, 16.91218979100006], [120.41706746600006, 16.912966111000056], [120.41705309000008, 16.913756808000077], [120.41683744500006, 16.915065053000035], [120.41643490900002, 16.91615765200003], [120.41562983500012, 16.917163994000077], [120.41502603000002, 16.91782530400008], [120.41432159100007, 16.91852974300002], [120.41330087300004, 16.919277312000077], [120.41220827300003, 16.919895493000066], [120.41079750900008, 16.920904919000066], [120.41035844900011, 16.92052607900007], [120.40990757400006, 16.919849753000047], [120.40915689000008, 16.919110207000074], [120.40871712700005, 16.91853841200003], [120.40800901100008, 16.917209092000064], [120.407496347, 16.916604073000027], [120.40701525800011, 16.91565385000007], [120.40678753700004, 16.915271353000037], [120.40668777000008, 16.91479074600005], [120.40668025500008, 16.914165753000077], [120.40642314500008, 16.91356889000002], [120.40621137300003, 16.913178781000052], [120.406029374, 16.912562357000063], [120.4058761340001, 16.91217185200003], [120.40567090400008, 16.91180084100006], [120.40525285200012, 16.911243986000045], [120.40452893600002, 16.910499193000074], [120.40364980700006, 16.909473959000024], [120.403454538, 16.909175224000023], [120.4032273030001, 16.908506267000067], [120.40315986700011, 16.90797349700006], [120.40293458200004, 16.90723956000005], [120.4025869400001, 16.906562440000076], [120.402100259, 16.905841038000062], [120.40182014400013, 16.90558309200003], [120.40155939400006, 16.904786519000027], [120.401377087, 16.904003124000038], [120.40115448600012, 16.903350902000053], [120.40078175700012, 16.90265428800006], [120.40062004100002, 16.902278375000037], [120.4005922680001, 16.902008094000053], [120.40072903300006, 16.901822211000024], [120.40116312700002, 16.90143715600004], [120.40167847000008, 16.900762260000022], [120.40183703000004, 16.900456882000068], [120.4020034670001, 16.900016763000053], [120.4021144090001, 16.89920020000005], [120.40211832800004, 16.898661544000042], [120.40206080000009, 16.898139059000073], [120.40192795900008, 16.897788184000028], [120.40175941400004, 16.89712625700003], [120.4015366660001, 16.896684724000067], [120.4014502870001, 16.896281109000025], [120.401355834, 16.896101246000065], [120.4012181820001, 16.895616080000025], [120.40132876000008, 16.89494221600006], [120.40150951100009, 16.89452136600005], [120.40167405400008, 16.89386194100007], [120.4017873560001, 16.893554696000027], [120.40209755400006, 16.892320426000026], [120.4020975320001, 16.89205708000003], [120.40224587600008, 16.89134721000005], [120.40243842600012, 16.89076531500007], [120.40234170800012, 16.890137007000078], [120.4020387720001, 16.88916727700007], [120.40199782600008, 16.888753696000038], [120.40196108000008, 16.887809856000047], [120.40186542100004, 16.887203708000072], [120.40176361300009, 16.886838048000065], [120.40173463600004, 16.886359665000043], [120.40163017700004, 16.885653001000033], [120.40149467900004, 16.88519784500005], [120.40092425700004, 16.883720533000034], [120.4004311110001, 16.88282317200003], [120.40013003400009, 16.882224989000058], [120.39923437900008, 16.88101162300006], [120.39860281900006, 16.880314500000054], [120.3986770030001, 16.880203730000055], [120.39850970600004, 16.88004049700004], [120.39970729600007, 16.879166204000054], [120.40081298300004, 16.87837645500002], [120.40089692200004, 16.878004200000078], [120.40099181100004, 16.877792526000064], [120.40134216800004, 16.87737647600005], [120.40186770500009, 16.87700057200004], [120.40243703600004, 16.87665021400005], [120.40299541800005, 16.87611008000005], [120.403466211, 16.87581081600006], [120.40379832100008, 16.875690381000023], [120.40416692600004, 16.875449510000067], [120.40486092900004, 16.87482342100003], [120.40556835600012, 16.874562667000074], [120.40574718500012, 16.87443128300003], [120.40633476300005, 16.873810858000066], [120.40738583600012, 16.87297146000003], [120.408323772, 16.872011626000077], [120.40864128400004, 16.87157732900005], [120.40910784500012, 16.87073401700007], [120.40975189600012, 16.870038442000066], [120.41042170900003, 16.86913677000007], [120.41088542600006, 16.868312385000024], [120.41152947700006, 16.86774562000005], [120.41222505200004, 16.86720461700003], [120.41322451100008, 16.86658249500004], [120.41410212700008, 16.865984512000065], [120.41444037500004, 16.86569304900007], [120.41468720400006, 16.865390831000067], [120.41491521200008, 16.864990741000046], [120.4155433090001, 16.863764661000058], [120.41583154600004, 16.86324841600003], [120.41632604200004, 16.862218547000058], [120.41951007700004, 16.856134500000056], [120.41964493200012, 16.85581487400003], [120.41966687700004, 16.85545749100004], [120.41996469600006, 16.854764669000073], [120.420256246, 16.854363396000053], [120.42089263900006, 16.853937044000077], [120.4212343480001, 16.85361728000003], [120.42168578000008, 16.853379024000045], [120.42227828400006, 16.85320346800006], [120.42264820700008, 16.853046720000066], [120.42284884300012, 16.85284294900004], [120.42313098800004, 16.85292759300006], [120.42388964400004, 16.85290251300006], [120.42449155300004, 16.85294953700003], [120.42462322000006, 16.852864894000046], [120.42513421600006, 16.852852354000046], [120.42531604300008, 16.853005966000072], [120.42549473400004, 16.852999696000037], [120.42569850600012, 16.85269874200003], [120.4259022770001, 16.85255453500002], [120.42615620700008, 16.852654852000057], [120.42634116800002, 16.852498105000045], [120.426620178, 16.852510645000052], [120.42696815700003, 16.852410327000026], [120.42703712600007, 16.852234770000052], [120.42758574100004, 16.852159531000037], [120.42776129800008, 16.851780204000022], [120.42758887600009, 16.851610917000073], [120.42757947100006, 16.85148551900005], [120.42808733200002, 16.851322502000073], [120.4283475320001, 16.851457305000057], [120.42855757300003, 16.851416550000067], [120.42868610500012, 16.851225319000037], [120.42868297000008, 16.85091495900002], [120.429291755, 16.85038332800008], [120.42954183100004, 16.85026825100004], [120.42986662400008, 16.85019978200006], [120.43007767200004, 16.849904414000033], [120.43024004500012, 16.849808015000058], [120.430464163, 16.849820397000023], [120.43084797900008, 16.850125266000077], [120.43098765, 16.850146993000067], [120.43122795400004, 16.849957311000022], [120.43162442500012, 16.84928238200007], [120.4321163950001, 16.848500434000066], [120.43256341900008, 16.847685705000053], [120.43262503300002, 16.84734375000005], [120.43303836000008, 16.846739205000063], [120.43317604000003, 16.845916711000026], [120.43381635300013, 16.844980711000062], [120.43423529300004, 16.844899793000017], [120.43462178900006, 16.844974293000064], [120.43494752900008, 16.84490370300006], [120.43503072400004, 16.84471403100002], [120.43503629000008, 16.844433674000072], [120.435122642, 16.84433840600008], [120.4355169470001, 16.844237673000062], [120.43566637900008, 16.843659066000047], [120.435790085, 16.843346035000025], [120.43578240100008, 16.843001620000052], [120.43907507500002, 16.84299999300004], [120.43982779100008, 16.84634740100006], [120.44082519900007, 16.847991316000048], [120.44195260900008, 16.84810995500004], [120.45114068900013, 16.846128416000056], [120.45508622600006, 16.851560898000063], [120.45939196200004, 16.85775511300005], [120.4647637060001, 16.86563644800003], [120.46470488600006, 16.86659320100006], [120.46350073900012, 16.874456851000048], [120.4617336770001, 16.876312580000043], [120.45676506200004, 16.88129952500003], [120.45460928300008, 16.885578278000025], [120.45449832100006, 16.88865337000004], [120.453430066, 16.891636465000033], [120.45337924800003, 16.891924707000047], [120.45289005100004, 16.894334364000027], [120.4528743620001, 16.89471002100004], [120.45313333400009, 16.89610063200007], [120.45336928800008, 16.89719319600005], [120.45367305600008, 16.89878053600006], [120.45371714400004, 16.899210826000058], [120.45355325900005, 16.899732545000067], [120.45377895600008, 16.900058878000042], [120.45383607400004, 16.900359858000055], [120.45387486900007, 16.901215516000036], [120.45397952500004, 16.902720085000052], [120.45411660000002, 16.908505391000062]]]}','2025-10-03 19:24:59.000000','2025-10-03 19:24:59.000000',6),(103307000,'Bauang',75.0000,39.0000,'{\"type\": \"Polygon\", \"coordinates\": [[[120.36862686400002, 16.561095788000046], [120.3541351660001, 16.565666645000025], [120.34418316900006, 16.570347474000073], [120.34312562900004, 16.57030819600004], [120.33419576900008, 16.57007247400003], [120.33069924000006, 16.569797445000066], [120.32902282000008, 16.57243504400003], [120.328106692, 16.574675107000072], [120.32788396100013, 16.57454117000003], [120.3269246100001, 16.574584690000048], [120.32589685800008, 16.574308843000043], [120.32409481700005, 16.573683489000075], [120.32324846000004, 16.573696854000048], [120.32301808300008, 16.57427390800007], [120.32262097200012, 16.57469128000002], [120.32244733800007, 16.574950974000046], [120.32212494500004, 16.575196311000067], [120.32188303200007, 16.575263046000032], [120.32117030200004, 16.57526263300002], [120.32077319100009, 16.575363937000073], [120.32057463600005, 16.575505762000034], [120.32009648200004, 16.57608116700004], [120.31969647300002, 16.576467211000022], [120.31913103000012, 16.576481954000023], [120.31932872500008, 16.57617472800007], [120.31964805900007, 16.57558888800003], [120.31976522800004, 16.57527958900005], [120.3197602800001, 16.574854523000052], [120.31985403500003, 16.57452102100007], [120.31993545400007, 16.573107002000025], [120.32003429600005, 16.57250246500007], [120.32006106300004, 16.57210906200003], [120.32015676700009, 16.571732227000037], [120.32015299900004, 16.571473642000058], [120.32022671700008, 16.571275308000054], [120.32033121900008, 16.570559041000024], [120.3204663780001, 16.570015188000077], [120.320605407, 16.56923142700003], [120.3207559760001, 16.56883479000004], [120.32080571000006, 16.568388156000022], [120.32080354100005, 16.567459492000072], [120.320477556, 16.566201856000074], [120.32057939100004, 16.56573072300006], [120.320666318, 16.565032360000032], [120.32069271900002, 16.564566825000043], [120.32065073600008, 16.563789291000038], [120.32057895000004, 16.56328147000005], [120.32052111900008, 16.56258412000005], [120.32032552200008, 16.561669274000053], [120.32030862800003, 16.561372400000035], [120.32019206100006, 16.560666579000042], [120.32010510200006, 16.560397200000068], [120.3200605620001, 16.55990062300003], [120.3200031240001, 16.559777556000025], [120.31976497700008, 16.55862645700006], [120.31966219700008, 16.557944920000068], [120.31970941800012, 16.557786559000018], [120.31952573500008, 16.557536042000038], [120.31939584000008, 16.556782751000075], [120.31929418100005, 16.556400969000038], [120.31915186800006, 16.555649698000025], [120.31883607900012, 16.554637981000045], [120.31879795900012, 16.554232694000063], [120.31871247300012, 16.554107564000045], [120.31867492900004, 16.553662731000028], [120.3188612900001, 16.55337327100006], [120.31868535900004, 16.55320906700007], [120.318784013, 16.551852524000022], [120.31883386100004, 16.551694038000047], [120.31887761200004, 16.55068341400005], [120.31893329800003, 16.55046812100005], [120.31898712600002, 16.54970841400006], [120.31906879500002, 16.54808213600006], [120.31904260000012, 16.54736310900006], [120.31908555100004, 16.54598867900006], [120.319088103, 16.54549204700004], [120.31905095400008, 16.54532189400004], [120.31906781400004, 16.544641271000035], [120.31899530200008, 16.544207378000067], [120.318999963, 16.543976499000053], [120.31891605400006, 16.54381264900007], [120.31887288900008, 16.543244817000073], [120.31871581300004, 16.542779376000052], [120.31855031200006, 16.54182783400006], [120.31835197000008, 16.54128884800002], [120.31820397700004, 16.540620834000034], [120.31806332000008, 16.54023331300004], [120.31804491700008, 16.540027124000066], [120.31781468200006, 16.53915239400004], [120.31748201100004, 16.53819793700006], [120.31737032500008, 16.537966359000052], [120.3171593510001, 16.537302782000044], [120.3169197950001, 16.53681144500007], [120.31670953800004, 16.536284101000035], [120.3161564720001, 16.53474959700003], [120.31575849300008, 16.533896221000074], [120.3156158930001, 16.53347240200003], [120.31521484200005, 16.53301346600006], [120.31512017300008, 16.532841272000038], [120.315053464, 16.53228579000006], [120.3148357550001, 16.531862252000053], [120.31451618500012, 16.531427534000045], [120.31425391500012, 16.531130933000036], [120.31389866800008, 16.53061520600005], [120.31354606600009, 16.53027378300004], [120.31331053800012, 16.52986122800007], [120.31298179200007, 16.52948080600004], [120.31278955200004, 16.529141485000025], [120.31237942300004, 16.528644007000022], [120.31218954000008, 16.52846944500004], [120.3117464620001, 16.527807810000066], [120.3113273240001, 16.52745736800006], [120.3111138490001, 16.527210253000074], [120.31099277100007, 16.526969496000046], [120.31057876200008, 16.526401723000046], [120.3104816020001, 16.52619535900004], [120.31011586400008, 16.525668325000026], [120.310090456, 16.52549492300005], [120.30971884700013, 16.52477556100007], [120.30966553700011, 16.524562024000037], [120.30924381800004, 16.523895754000026], [120.30902312600008, 16.523410381000076], [120.30896883800008, 16.52306005300005], [120.30868201500006, 16.520287156000055], [120.308228191, 16.520120461000033], [120.30782649000002, 16.520022062000066], [120.30692748700004, 16.51987973600006], [120.30641557600008, 16.51971412400007], [120.3059732700001, 16.519746643000072], [120.305675306, 16.51968421500004], [120.30530963100011, 16.519511751000042], [120.305140798, 16.519340059000058], [120.30492892300003, 16.518879816000037], [120.30465951400004, 16.517751524000055], [120.30473952500007, 16.51710792800003], [120.30482857500007, 16.516739196000064], [120.30509880600005, 16.51634934300006], [120.30546500800008, 16.516259840000032], [120.30555621300005, 16.51650400300002], [120.30536986200002, 16.516669008000065], [120.30503905500008, 16.517392098000073], [120.30483301300002, 16.51762622400003], [120.30493068200008, 16.518020842000055], [120.30506193000008, 16.518735161000052], [120.3051855220001, 16.518821166000063], [120.30569983800002, 16.51846665400006], [120.30583105200004, 16.518341014000043], [120.30589384900009, 16.518141298000046], [120.306266799, 16.517729721000016], [120.30636491000008, 16.517483184000067], [120.30679715200006, 16.516729062000024], [120.30688989200009, 16.51648053400004], [120.30696979400012, 16.515818434000042], [120.30695970800004, 16.515415544000057], [120.30680187600002, 16.51466439400002], [120.30668595100006, 16.51433781800006], [120.30665756200004, 16.51410350100002], [120.30643593700006, 16.513434251000035], [120.3063497730001, 16.512988437000043], [120.30613230600012, 16.51212473100003], [120.306123393, 16.51190965800004], [120.30596515400008, 16.51127349100005], [120.30565885800002, 16.510443715000065], [120.30555338600006, 16.510072262000044], [120.30549154500012, 16.509505429000058], [120.30519796700004, 16.508719383000027], [120.30508683700008, 16.50823599800003], [120.3048290690001, 16.507377558000034], [120.30472335900004, 16.50719044000004], [120.30453549600009, 16.506538891000048], [120.30446780600003, 16.50614595200005], [120.30437671500012, 16.505945506000046], [120.3042632260001, 16.50545192200008], [120.30424232100006, 16.50495508500006], [120.30426322800008, 16.504521263000072], [120.30422739100004, 16.50397402300007], [120.30404909600009, 16.502958793000058], [120.30411380400004, 16.50249116700007], [120.30403354700005, 16.50204225100003], [120.30404059900002, 16.501075441000065], [120.30419291300008, 16.500502910000026], [120.30419142000008, 16.500187923000055], [120.30424862700008, 16.499716386000046], [120.30442184500008, 16.49891045000004], [120.30463687200006, 16.49846517300005], [120.30490337400008, 16.498129910000046], [120.3051334690001, 16.49758312200003], [120.30517962500004, 16.49733356200005], [120.305412379, 16.49697945500003], [120.30606968000008, 16.495748128000056], [120.30652310200004, 16.494788741000036], [120.30685645000004, 16.49435231400002], [120.30731966000008, 16.494075808000055], [120.30765685300004, 16.493834848000066], [120.30820711100012, 16.493567499000054], [120.30850199400004, 16.493372025000042], [120.308669946, 16.493134755000032], [120.30899203900005, 16.492935691000067], [120.30921769000008, 16.492895117000046], [120.30986839600008, 16.492885639000065], [120.31092919700008, 16.492448026000034], [120.31154075600011, 16.492246391000037], [120.31213793400003, 16.49219309700004], [120.3126189950001, 16.49234954700006], [120.313324705, 16.49232574300004], [120.31399102000012, 16.49233374500005], [120.31507676300008, 16.492681866000055], [120.31535324400012, 16.492673931000066], [120.31585751400009, 16.492518662000066], [120.316203975, 16.49264972200007], [120.3161532150001, 16.492812249000053], [120.31570574300008, 16.492955406000025], [120.31536997, 16.49319240200003], [120.31529896400002, 16.493429511000045], [120.31575543900011, 16.49356254400004], [120.31599074700011, 16.493270877000043], [120.31644773200004, 16.49300260900003], [120.31710333100013, 16.49265599600005], [120.3175853800001, 16.492522415000053], [120.31785616200013, 16.492516934000037], [120.31839116300011, 16.49234341600004], [120.31910095200008, 16.491950015000043], [120.31966759600004, 16.491453130000025], [120.32007121900008, 16.491007317000026], [120.3202359170001, 16.490777487000063], [120.32078787700004, 16.48981888900005], [120.32113163900009, 16.489308837000063], [120.32136081000012, 16.488842725000044], [120.32143968600008, 16.488591922000065], [120.32093493900004, 16.488460785000022], [120.32095282200012, 16.488384940000063], [120.32187822500008, 16.48861327500003], [120.322173334, 16.488591064000047], [120.32236938300002, 16.488645166000026], [120.32247876700002, 16.488432776000025], [120.32296516800012, 16.487671515000045], [120.32344363300002, 16.487107688000037], [120.3236092730001, 16.486815955000054], [120.32374994800011, 16.486446927000028], [120.32386399300005, 16.48576787100006], [120.32383344600008, 16.485483115000022], [120.32399781400012, 16.484907316000033], [120.32406479100008, 16.484361872000022], [120.3239735630001, 16.484110687000047], [120.32414181600006, 16.484003357000063], [120.32424636000007, 16.483379209000077], [120.32430858500004, 16.482801491000032], [120.32441220900012, 16.48250430200005], [120.32449864800004, 16.481990861000043], [120.32465788900004, 16.48157589500005], [120.324731616, 16.481241251000025], [120.32480444600004, 16.481166757000032], [120.32499936700002, 16.480565132000038], [120.32521536700008, 16.480263737000026], [120.32552860800004, 16.48013334100006], [120.32613107800012, 16.48008886900004], [120.32649854500004, 16.48009608400002], [120.32678998000006, 16.47995184900003], [120.32699960500008, 16.479727194000073], [120.32744159500012, 16.478839367000035], [120.3275155230001, 16.47850230100005], [120.32780477200004, 16.47764445300004], [120.32789609100008, 16.477186829000058], [120.32800865400009, 16.476952421000018], [120.32819867100012, 16.476049335000027], [120.32840165800008, 16.475345424000064], [120.32842864100007, 16.475025093000056], [120.32854357800012, 16.47479115600004], [120.3287431980001, 16.473808935000022], [120.32904242000004, 16.47324853400005], [120.32916228900002, 16.47252522100007], [120.32937409900002, 16.47194386900002], [120.3295839020001, 16.470802775000042], [120.32962091200012, 16.47043633100003], [120.32983185500004, 16.469567129000037], [120.32994992800003, 16.46875763900004], [120.329967699, 16.46831304000005], [120.33008405300008, 16.467945586000045], [120.3302872180001, 16.466865331000065], [120.33031614900004, 16.466443456000036], [120.33037450100004, 16.466219984000073], [120.33050724200008, 16.465330146000042], [120.33057452600008, 16.465014227000037], [120.33053107600006, 16.464652827000062], [120.3306394350001, 16.463826532000038], [120.33069515700004, 16.46290066800003], [120.33074970500004, 16.462373958000057], [120.33086018000007, 16.461880639000068], [120.33083362800004, 16.461140904000047], [120.33091489000005, 16.460822785000058], [120.33098773800008, 16.46032339800007], [120.33116696800006, 16.459445096000024], [120.33125802900008, 16.459133799000032], [120.33145887500008, 16.45914178600003], [120.33702547700013, 16.459993745000077], [120.3445747180001, 16.462177074000067], [120.34858325100002, 16.462294164000074], [120.3572862090001, 16.462562823000038], [120.361268718, 16.462689924000067], [120.37006065000004, 16.462985639000063], [120.38589641000011, 16.463507181000065], [120.384686008, 16.479910612000026], [120.3838810000001, 16.490640753000033], [120.38057634200004, 16.50945908800002], [120.3786044950001, 16.516885325000025], [120.37527631800003, 16.52078065300003], [120.37283378100008, 16.52967450100004], [120.36895738200008, 16.543796235000055], [120.36690241800012, 16.551259707000042], [120.36862686400002, 16.561095788000046]]]}','2025-10-03 19:24:59.000000','2025-10-03 19:24:59.000000',7),(103308000,'Burgos',36.0000,38.0000,'{\"type\": \"Polygon\", \"coordinates\": [[[120.47172054100008, 16.47964626600003], [120.47137154200004, 16.48075853300003], [120.47133361500006, 16.48173785000006], [120.47103481500004, 16.483352984000078], [120.47124489000012, 16.487610331000035], [120.46956378100002, 16.493671111000026], [120.46939161300008, 16.495564955000077], [120.4673463900001, 16.502706239000076], [120.46812209800012, 16.505134229000078], [120.46917073400004, 16.50831595300002], [120.46914610300009, 16.508478518000064], [120.4692594060001, 16.50864108300004], [120.469554979, 16.50870512400007], [120.47012642000004, 16.508966213000065], [120.47023479600011, 16.509222377000068], [120.47904665800004, 16.522822865000023], [120.478868067, 16.52421587200007], [120.47965826300002, 16.525426253000035], [120.4779695630001, 16.528424569000034], [120.47820839000008, 16.52999621600003], [120.48809029900006, 16.540866315000073], [120.49326212200005, 16.54365854400004], [120.5126313620001, 16.550257849000044], [120.51274658400008, 16.551467681000073], [120.51290021400006, 16.551966977000063], [120.51331949400004, 16.552711653000074], [120.51357554300012, 16.55295916700004], [120.51385719700012, 16.55330910100002], [120.51402789600002, 16.553667569000027], [120.5142924810001, 16.554495461000045], [120.51463387900004, 16.555161189000046], [120.515060628, 16.55607443100007], [120.51569221600003, 16.55661213400003], [120.5160165440001, 16.557013278000056], [120.51624698900002, 16.557448561000054], [120.51635794300012, 16.55802040400004], [120.515931195, 16.558882436000026], [120.51527400200006, 16.559616444000024], [120.514608274, 16.560222426000056], [120.51394254700006, 16.56073452500004], [120.51349872800006, 16.56131490300004], [120.5133821280001, 16.562263120000065], [120.513587593, 16.562618015000055], [120.51396116600009, 16.56284215800002], [120.51446549000002, 16.56302894500004], [120.51447482900004, 16.563411857000062], [120.51465227600012, 16.563673359000067], [120.51534338700004, 16.56400023500004], [120.51552083400009, 16.564252397000075], [120.51567026300006, 16.56457927400004], [120.51591308600008, 16.56538245600007], [120.51602515800003, 16.566017530000067], [120.51631467700008, 16.56665260500006], [120.51680966100004, 16.567586538000054], [120.51708050200013, 16.568623203000076], [120.51706182300006, 16.569230260000037], [120.5168750370001, 16.569940049000028], [120.51651080300007, 16.570603141000053], [120.51592242500011, 16.571051429000022], [120.51460558000008, 16.571396984000042], [120.51391446900006, 16.571471699000032], [120.51311128700002, 16.571481038000062], [120.51203773400005, 16.571698316000035], [120.51186679500006, 16.571380858000055], [120.51076790000002, 16.57037964200003], [120.50976668400008, 16.56950052600007], [120.50925386600012, 16.568133012000033], [120.50905850700008, 16.566863178000062], [120.50904324500006, 16.565410194000037], [120.50777951500004, 16.564256354000058], [120.50519711200003, 16.56365196200005], [120.5034938240001, 16.56310251400004], [120.50140592300012, 16.56354207200007], [120.495969445, 16.566081741000062], [120.48296165300007, 16.567068977000073], [120.47692858900008, 16.56167085000004], [120.47219852, 16.561569951000028], [120.46827644300004, 16.560290116000036], [120.46538649100012, 16.559546985000054], [120.4627855350001, 16.55896899500004], [120.46084513900009, 16.558638715000026], [120.4525547620001, 16.56000768800004], [120.45250014300008, 16.55889759300004], [120.45226395200008, 16.557173402000046], [120.45160261800002, 16.55471702000006], [120.45063423700005, 16.55282749500003], [120.449689475, 16.55216616200005], [120.44959499900006, 16.551103304000033], [120.45004376100007, 16.550087685000054], [120.45004139900004, 16.547343688000073], [120.44963495800006, 16.54775980700003], [120.44901561800008, 16.547943674000066], [120.44805757700011, 16.547972705000063], [120.44711889000008, 16.548050123000056], [120.44662535400003, 16.54791464200002], [120.44651890500003, 16.547740453000074], [120.44649955100007, 16.547498523000062], [120.44636407000009, 16.547198531000053], [120.446141495, 16.546375970000046], [120.44618988100002, 16.54571792200005], [120.44628665300002, 16.54524374000005], [120.44649955100007, 16.544876007000024], [120.44719630800012, 16.544227636000073], [120.447307517, 16.544023838000047], [120.44766987000004, 16.54240972000002], [120.44747222300008, 16.541652073000023], [120.44704398800005, 16.540630897000028], [120.44658281100013, 16.54020266200007], [120.44602281200002, 16.53974148500004], [120.4450675170001, 16.53928030900005], [120.44460634100004, 16.538423838000025], [120.44437575300002, 16.537633250000045], [120.44496869400008, 16.537106191000078], [120.4463192820001, 16.53700736800005], [120.4478345760001, 16.53700736800004], [120.44852634100005, 16.537040309000076], [120.44918516400004, 16.536710897000034], [120.44921810500011, 16.535920309000062], [120.44849340000007, 16.535426191000052], [120.44737340000005, 16.53512972100003], [120.44615457600004, 16.53486619100005], [120.44434281200007, 16.534668544000056], [120.44365104700012, 16.53433913300006], [120.44312398800002, 16.53354854500003], [120.44302516500012, 16.53239560300005], [120.4434204590001, 16.531736780000077], [120.44473810600005, 16.531012074000042], [120.44575928200004, 16.530781486000024], [120.446410957, 16.530978279000063], [120.4465805210001, 16.53120436400008], [120.44738594800005, 16.531826097000078], [120.44790876900004, 16.53205218200003], [120.44865767400006, 16.53216522400004], [120.44895441100006, 16.531741315000033], [120.44909571400002, 16.531317406000028], [120.44918049600004, 16.53080871500003], [120.4489402800001, 16.530582630000026], [120.44810659300002, 16.530483718000024], [120.4478946380001, 16.53020111200004], [120.44786637800009, 16.52976307300003], [120.44735768700004, 16.52907068900004], [120.44706095100004, 16.528915255000072], [120.44669356300004, 16.528971776000052], [120.4463261750001, 16.52914134000002], [120.44561966000002, 16.52952285800006], [120.44529810600012, 16.529397957000068], [120.44463928200004, 16.529068545000023], [120.44401340000002, 16.52798148600004], [120.44332163500007, 16.526927369000074], [120.44249810600002, 16.52623560400002], [120.44174045900002, 16.52610383900003], [120.44121340000004, 16.526268545000054], [120.44075222400012, 16.526762663000056], [120.44058751800004, 16.527256780000076], [120.44062045900012, 16.527948545000072], [120.4403898710001, 16.52840972100006], [120.43982987100004, 16.528475604000047], [120.43933575300002, 16.528080310000064], [120.43894045900004, 16.527256780000073], [120.43903928300006, 16.526070898000057], [120.43906018600002, 16.525108818000035], [120.43898226200008, 16.524582833000064], [120.43886537700008, 16.524076329000028], [120.43890433900005, 16.52366722900007], [120.43898226200008, 16.52337501500006], [120.4393329190001, 16.52298539600002], [120.43950824800004, 16.522849030000028], [120.43974201900006, 16.522849030000035], [120.43999527100004, 16.52298539600002], [120.44022904200008, 16.523219167000036], [120.44046281300008, 16.523375015000052], [120.44071606600004, 16.523433458000056], [120.44112516500002, 16.523297091000078], [120.44221718000006, 16.521662857000027], [120.44236436900006, 16.521411769000053], [120.44246826800008, 16.52109141600005], [120.44254619100002, 16.520667165000074], [120.4424422930001, 16.52008706600003], [120.44197475100007, 16.519879269000054], [120.44126477900012, 16.51996585100005], [120.44097040000008, 16.52008706600003], [120.44044225000005, 16.520468026000053], [120.44007860600006, 16.520892278000073], [120.43977556900003, 16.521316529000043], [120.43949850700004, 16.52142908600007], [120.43884048400002, 16.521359820000047], [120.438606713, 16.521143365000057], [120.4384595240001, 16.520926911000057], [120.43836428400006, 16.520571925000073], [120.43835562600007, 16.520216939000022], [120.43852878900007, 16.51968013100003], [120.4388491430001, 16.519333803000052], [120.4394032670001, 16.518848944000066], [120.43968898700008, 16.518658464000055], [120.44061216700004, 16.518325123000068], [120.44125936700004, 16.51801559300003], [120.44165331500008, 16.517396532000074], [120.442019124, 16.516608636000058], [120.44224423700008, 16.51584888000002], [120.44218795900008, 16.51520168000007], [120.44190656700005, 16.514076115000023], [120.44128750600012, 16.51328821900006], [120.44140418700007, 16.51303970300006], [120.44132486, 16.51245797000007], [120.44182726500004, 16.51154130000003], [120.4419947340001, 16.511012452000042], [120.442109318, 16.510307321000028], [120.44205643300006, 16.51004289700006], [120.441809637, 16.509857800000077], [120.44123671800004, 16.509522863000026], [120.44026716300004, 16.50910859900006], [120.439755944, 16.509126227000024], [120.43950914800008, 16.509258439000064], [120.43912132600008, 16.509364209000065], [120.438865716, 16.50932895200003], [120.43863654800008, 16.50918792600004], [120.438566035, 16.508888245000037], [120.43852196500004, 16.50821837100005], [120.43910259600013, 16.506849977000055], [120.43945956800007, 16.50619552700004], [120.43985620400008, 16.505560909000053], [120.44014732900008, 16.505204542000058], [120.44057061, 16.50503413000007], [120.4410048840001, 16.50502313600003], [120.44141717000004, 16.50517155900008], [120.4420218560001, 16.505726770000024], [120.4426265420001, 16.506364439000038], [120.44297835900012, 16.50651286200002], [120.44342362800012, 16.506600816000056], [120.4436764960001, 16.506562336000062], [120.44390187900002, 16.50638642800004], [120.44395685100004, 16.50606759300007], [120.44387989100008, 16.50568829000002], [120.44363251900006, 16.505237525000044], [120.44308074300012, 16.504671319000067], [120.44253652600004, 16.504423947000078], [120.44185625400006, 16.504052890000025], [120.441509934, 16.50365709500005], [120.44139861700012, 16.50312524700007], [120.44134914300004, 16.502432606000063], [120.44138624800009, 16.50188838900004], [120.44151884400004, 16.501365925000073], [120.44188539400012, 16.500825747000018], [120.4422133590001, 16.500652119000048], [120.44265707700004, 16.500709995000022], [120.44294645800008, 16.50096079200006], [120.44327442300003, 16.501520262000042], [120.44340946700004, 16.501886811000073], [120.44369884900004, 16.502156900000045], [120.4441425660001, 16.502176193000025], [120.44456699200008, 16.50198327200007], [120.44477920500005, 16.501597430000054], [120.44493354100008, 16.501076544000053], [120.44512646200008, 16.500246985000043], [120.44520363000004, 16.499706807000045], [120.44506858600003, 16.49920521300004], [120.44504929400011, 16.498568575000036], [120.44516504600006, 16.497603971000046], [120.44549301100008, 16.496890164000032], [120.445473719, 16.496157065000034], [120.44543513500004, 16.495790516000053], [120.44549301100008, 16.494960957000046], [120.44599460500002, 16.494054229000028], [120.44612965000012, 16.49366838800006], [120.44618752600005, 16.493301838000033], [120.44616823400008, 16.492838828000057], [120.44611035800006, 16.492530155000054], [120.44607177400007, 16.491700596000044], [120.44618752600005, 16.491237586000064], [120.44641903100012, 16.490851745000043], [120.44684345700011, 16.490639532000046], [120.44823248600004, 16.490485195000076], [120.44873408, 16.490369443000077], [120.4492356740001, 16.490022186000033], [120.44954434700004, 16.489443423000065], [120.44969868400004, 16.488883953000027], [120.44969868400004, 16.48845952800002], [120.44960222300006, 16.487957934000065], [120.44964080800004, 16.48759138400004], [120.449775852, 16.487186251000026], [120.450200278, 16.487031914000053], [120.45089479200011, 16.48689687000006], [120.45138677800004, 16.48687010300006], [120.45167343800006, 16.486602554000054], [120.4523040900001, 16.48591456900004], [120.45280096800003, 16.485914569000045], [120.45339339900008, 16.48635411500004], [120.45373739100012, 16.486507], [120.45417693700004, 16.486507], [120.4546164830001, 16.486430558000052], [120.45492225400004, 16.486105676000022], [120.45511336000004, 16.485341249000044], [120.45497958600004, 16.48507369900005], [120.45475025700011, 16.484863482000037], [120.45465470400008, 16.48463415400005], [120.45465470400008, 16.484366604000055], [120.45486492100008, 16.484041723000068], [120.45517069200002, 16.48398439000005], [120.45545735300004, 16.484137276000073], [120.45582045500012, 16.484404825000066], [120.45622178000008, 16.484634154000045], [120.45662310400007, 16.48469148600003], [120.45723464600007, 16.484672375000056], [120.4577888560001, 16.484232829000064], [120.4584768400001, 16.483544845000036], [120.45903105000002, 16.48341107000005], [120.4595470380001, 16.483353738000062], [120.46023502300012, 16.483468402000028], [120.460655458, 16.48377417300003], [120.46130522100007, 16.483946169000035], [120.46180209800002, 16.483888837000052], [120.4632736210001, 16.48314352100004], [120.46487891800008, 16.48224531900007], [120.46512735700004, 16.481920437000046], [120.46560512400004, 16.481652887000052], [120.46621666600004, 16.48161466600004], [120.46684731800008, 16.481671998000024], [120.4672677530001, 16.48127067400003], [120.46763085600004, 16.48104134600004], [120.46791751600006, 16.480812018000044], [120.46862461100012, 16.480506247000054], [120.469312596, 16.48012403300003], [120.4697712520001, 16.479818262000038], [120.47130010600006, 16.47974181900002], [120.47172054100008, 16.47964626600003]]]}','2025-10-03 19:24:59.000000','2025-10-03 19:24:59.000000',8),(103309000,'Caba',46.0000,28.0000,'{\"type\": \"Polygon\", \"coordinates\": [[[120.42619161800008, 16.45628240500002], [120.42555796700002, 16.45634650300008], [120.4250299360001, 16.456443772000053], [120.42395997800008, 16.456582728000054], [120.42279275100007, 16.45676337000003], [120.42218134600012, 16.456832848000033], [120.42147267300004, 16.45694401200006], [120.42083347700007, 16.457069072000028], [120.4201803860001, 16.457152446000062], [120.41855460600004, 16.45740256600004], [120.41798488800008, 16.457458148000057], [120.41608119600004, 16.457749955000054], [120.41521967100005, 16.457847224000034], [120.41470553600004, 16.457930597000022], [120.4132465020001, 16.45811123900006], [120.41225991700004, 16.458250195000062], [120.41085646600006, 16.45848641900005], [120.40831357900004, 16.458819913000067], [120.40643767800007, 16.459097824000025], [120.4050504380001, 16.459338680000034], [120.40370874500002, 16.459520866000048], [120.40190541000004, 16.45979877800005], [120.40115813800004, 16.459891415000072], [120.39994854500004, 16.46006961200004], [120.39960337900004, 16.460357688000048], [120.39887309000004, 16.46091042200004], [120.39841608100006, 16.461280971000065], [120.39712883100005, 16.46246509200006], [120.39638115600007, 16.463111730000037], [120.39613112000008, 16.463280530000073], [120.3955526520001, 16.46254592200006], [120.3953462290001, 16.462317255000073], [120.39461300700007, 16.46250550700006], [120.39426948100004, 16.462556026000065], [120.39354201400012, 16.46272778900004], [120.39291420400002, 16.46283422800007], [120.39171324200004, 16.462970278000057], [120.38995519700006, 16.46311173000004], [120.38842953700008, 16.463293596000028], [120.38760103200002, 16.46337442600003], [120.38714636600002, 16.463394634000057], [120.38589641000011, 16.463507181000065], [120.37006065000004, 16.462985639000063], [120.361268718, 16.462689924000067], [120.3572862090001, 16.462562823000038], [120.34858325100002, 16.462294164000074], [120.3445747180001, 16.462177074000067], [120.33702547700013, 16.459993745000077], [120.33145887500008, 16.45914178600003], [120.33125802900008, 16.459133799000032], [120.33141041300006, 16.458612863000038], [120.33188382300013, 16.45673942400003], [120.33187997400012, 16.456633990000054], [120.33203236000008, 16.455955048000074], [120.33212370600006, 16.454561153000046], [120.33224436400008, 16.453710157000046], [120.3322542620001, 16.453364660000034], [120.33233233500005, 16.452962914000064], [120.33250848700004, 16.452886757000044], [120.33260251100012, 16.452473788000074], [120.33275037700002, 16.45211887000005], [120.3328913370001, 16.451453784000027], [120.33299590600006, 16.45053807900007], [120.33302200800004, 16.449674283000036], [120.3331439420001, 16.449146334000034], [120.33317047500007, 16.448606473000044], [120.33312761800006, 16.448175888000037], [120.33322169800012, 16.447452079000072], [120.333366199, 16.446936696000023], [120.33337579300007, 16.446695650000034], [120.33349196600012, 16.44667776900008], [120.33356245400012, 16.44604945000003], [120.333704247, 16.44511274000007], [120.33371034700008, 16.44478127200006], [120.33387646000008, 16.444044315000045], [120.33394774500006, 16.443279215000075], [120.3340129390001, 16.44289111800004], [120.33402513100008, 16.442450444000023], [120.33413414600012, 16.441773029000046], [120.33411787000011, 16.441663103000053], [120.33422777700004, 16.440884273000055], [120.33427955000003, 16.440201223000035], [120.33432240800003, 16.43915043000004], [120.33433773400009, 16.43818850600007], [120.33449930800008, 16.437314828000066], [120.33451052100008, 16.436549162000055], [120.33447688900004, 16.436211060000055], [120.33453537000004, 16.435593118000043], [120.33453235700009, 16.435031542000043], [120.33460561200005, 16.434734035000076], [120.33459132600002, 16.434185745000036], [120.33466027100008, 16.433905739000068], [120.33462778800002, 16.433607377000044], [120.33464955700003, 16.432951772000028], [120.33469769400006, 16.43259028400007], [120.33468699200012, 16.43193998600003], [120.33471454400002, 16.43134799100005], [120.3346381560001, 16.43090219900006], [120.33458913800008, 16.430372508000058], [120.33461108400002, 16.429959101000073], [120.334588874, 16.42919962600007], [120.334468881, 16.428387495000035], [120.3345181750001, 16.42814627300004], [120.334433686, 16.426540937000023], [120.33434253500002, 16.42445590100004], [120.33432206300006, 16.424329071000045], [120.33436641000002, 16.423404363000035], [120.33425101300008, 16.42172595400007], [120.33413731900008, 16.421353914000065], [120.33414168300013, 16.420436239000026], [120.33405463400004, 16.419967357000075], [120.3339882050001, 16.41926291900006], [120.33368619600004, 16.417930089000038], [120.33368615200004, 16.417607407000048], [120.33353920400008, 16.417075683000064], [120.33341718400004, 16.416303824000067], [120.33331289600004, 16.41590389400005], [120.33328916300002, 16.41557667100005], [120.33317921400013, 16.41521740700006], [120.33436915200002, 16.41481041600002], [120.33502172600004, 16.414865744000053], [120.33986082500007, 16.415227952000063], [120.34396355600006, 16.41554547400006], [120.34756318600012, 16.41585446500005], [120.34904486100004, 16.415843786000043], [120.34963300200005, 16.41581017800007], [120.3503555750001, 16.41582698200006], [120.35126299200007, 16.41577657000005], [120.35191120700006, 16.415780155000053], [120.352863973, 16.416100561000057], [120.35368277200008, 16.416028630000024], [120.35437173700006, 16.41591100200003], [120.35519130600004, 16.41582322300007], [120.35658754500004, 16.415605060000075], [120.35717798400005, 16.415533938000063], [120.3584551150001, 16.415524509000022], [120.35933639300004, 16.415474163000052], [120.36072365900009, 16.41555811700005], [120.36168148800004, 16.415541313000062], [120.36260571000004, 16.41557492100003], [120.36440374100006, 16.41555811700004], [120.36522713800002, 16.41552450900002], [120.36598331900004, 16.415541313000062], [120.36648744, 16.415490901000055], [120.36726042500004, 16.41547409700007], [120.36875598300004, 16.41539007700004], [120.37194874800004, 16.415289253000022], [120.37260568300007, 16.415279334000047], [120.37320905, 16.415339665000033], [120.3739316240001, 16.415306057000066], [120.37485584500008, 16.415289253000022], [120.37566243800003, 16.41525564500006], [120.37655305200008, 16.415272449000042], [120.37739325300004, 16.41520523300005], [120.37781335400004, 16.41527244900004], [120.37841829900002, 16.415255645000055], [120.37905685200006, 16.415272449000046], [120.37949460700008, 16.415212368000027], [120.38070364600004, 16.415457293000028], [120.381174159, 16.41560852900005], [120.38230002900002, 16.415860590000023], [120.38372837100007, 16.416196670000037], [120.38401403900002, 16.41629749400005], [120.3850726930001, 16.416482339000023], [120.38613134700006, 16.41673439900006], [120.38708697200002, 16.41691886700005], [120.38888720700004, 16.417339344000023], [120.38949215200012, 16.417456972000025], [120.39117969900006, 16.417839103000055], [120.39174146900008, 16.418281738000076], [120.39275213300004, 16.41849882200006], [120.39391161100004, 16.418700470000033], [120.39569283800006, 16.419120571000065], [120.397521072, 16.41963501600003], [120.40042871700008, 16.42052606800007], [120.40206156400008, 16.42103623000003], [120.4034301580001, 16.421370224000047], [120.40407970600003, 16.42156073600006], [120.40468299200008, 16.42177560700003], [120.40581567200002, 16.42208657200007], [120.41643549900004, 16.42785444400005], [120.43139860400002, 16.435863982000054], [120.42831654400004, 16.446195528000032], [120.42742960300006, 16.447605910000053], [120.4262105270001, 16.44936385500006], [120.4261157950001, 16.450453277000065], [120.42616316100008, 16.45159006500006], [120.42616316100008, 16.453011051000036], [120.4261276850001, 16.45467903600007], [120.42616937200012, 16.455207067000053], [120.42619161800008, 16.45628240500002]]]}','2025-10-03 19:24:59.000000','2025-10-03 19:24:59.000000',9),(103310000,'Luna',40.0000,34.0000,'{\"type\": \"Polygon\", \"coordinates\": [[[120.43578240100008, 16.843001620000052], [120.435790085, 16.843346035000025], [120.43566637900008, 16.843659066000047], [120.4355169470001, 16.844237673000062], [120.435122642, 16.84433840600008], [120.43503629000008, 16.844433674000072], [120.43503072400004, 16.84471403100002], [120.43494752900008, 16.84490370300006], [120.43462178900006, 16.844974293000064], [120.43423529300004, 16.844899793000017], [120.43381635300013, 16.844980711000062], [120.43317604000003, 16.845916711000026], [120.43303836000008, 16.846739205000063], [120.43262503300002, 16.84734375000005], [120.43256341900008, 16.847685705000053], [120.4321163950001, 16.848500434000066], [120.43162442500012, 16.84928238200007], [120.43122795400004, 16.849957311000022], [120.43098765, 16.850146993000067], [120.43084797900008, 16.850125266000077], [120.430464163, 16.849820397000023], [120.43024004500012, 16.849808015000058], [120.43007767200004, 16.849904414000033], [120.42986662400008, 16.85019978200006], [120.42954183100004, 16.85026825100004], [120.429291755, 16.85038332800008], [120.42868297000008, 16.85091495900002], [120.42868610500012, 16.851225319000037], [120.42855757300003, 16.851416550000067], [120.4283475320001, 16.851457305000057], [120.42808733200002, 16.851322502000073], [120.42757947100006, 16.85148551900005], [120.42758887600009, 16.851610917000073], [120.42776129800008, 16.851780204000022], [120.42758574100004, 16.852159531000037], [120.42703712600007, 16.852234770000052], [120.42696815700003, 16.852410327000026], [120.426620178, 16.852510645000052], [120.42634116800002, 16.852498105000045], [120.42615620700008, 16.852654852000057], [120.4259022770001, 16.85255453500002], [120.42569850600012, 16.85269874200003], [120.42549473400004, 16.852999696000037], [120.42531604300008, 16.853005966000072], [120.42513421600006, 16.852852354000046], [120.42462322000006, 16.852864894000046], [120.42449155300004, 16.85294953700003], [120.42388964400004, 16.85290251300006], [120.42313098800004, 16.85292759300006], [120.42284884300012, 16.85284294900004], [120.42264820700008, 16.853046720000066], [120.42227828400006, 16.85320346800006], [120.42168578000008, 16.853379024000045], [120.4212343480001, 16.85361728000003], [120.42089263900006, 16.853937044000077], [120.420256246, 16.854363396000053], [120.41996469600006, 16.854764669000073], [120.41966687700004, 16.85545749100004], [120.41964493200012, 16.85581487400003], [120.41951007700004, 16.856134500000056], [120.41632604200004, 16.862218547000058], [120.41583154600004, 16.86324841600003], [120.4155433090001, 16.863764661000058], [120.41491521200008, 16.864990741000046], [120.41468720400006, 16.865390831000067], [120.41444037500004, 16.86569304900007], [120.41410212700008, 16.865984512000065], [120.41322451100008, 16.86658249500004], [120.41222505200004, 16.86720461700003], [120.41152947700006, 16.86774562000005], [120.41088542600006, 16.868312385000024], [120.41042170900003, 16.86913677000007], [120.40975189600012, 16.870038442000066], [120.40910784500012, 16.87073401700007], [120.40864128400004, 16.87157732900005], [120.408323772, 16.872011626000077], [120.40738583600012, 16.87297146000003], [120.40633476300005, 16.873810858000066], [120.40574718500012, 16.87443128300003], [120.40556835600012, 16.874562667000074], [120.40486092900004, 16.87482342100003], [120.40416692600004, 16.875449510000067], [120.40379832100008, 16.875690381000023], [120.403466211, 16.87581081600006], [120.40299541800005, 16.87611008000005], [120.40243703600004, 16.87665021400005], [120.40186770500009, 16.87700057200004], [120.40134216800004, 16.87737647600005], [120.40099181100004, 16.877792526000064], [120.40089692200004, 16.878004200000078], [120.40081298300004, 16.87837645500002], [120.39970729600007, 16.879166204000054], [120.39850970600004, 16.88004049700004], [120.3986770030001, 16.880203730000055], [120.39860281900006, 16.880314500000054], [120.39798862300006, 16.879663127000075], [120.3975666560001, 16.879312911000056], [120.39717695600008, 16.87892602900007], [120.39625872700002, 16.878171734000038], [120.39589631200008, 16.877895355000074], [120.395266106, 16.87747294600007], [120.3945242110001, 16.87694745600004], [120.39403708800012, 16.87651308300008], [120.39327005000008, 16.875959540000053], [120.39261871200006, 16.875624628000033], [120.3923165220001, 16.87541974000004], [120.39191237400009, 16.87494700300004], [120.39152696200006, 16.87429451500003], [120.39123146800011, 16.874025600000046], [120.39091743800007, 16.873668191000036], [120.39043895800012, 16.87323928000006], [120.38981452200008, 16.87273879300005], [120.38893104700004, 16.871865902000025], [120.38861564500006, 16.871590736000027], [120.38757664300007, 16.87074556600004], [120.38707067000006, 16.87031255000005], [120.38614572000009, 16.86944237200004], [120.38594957600004, 16.869215198000063], [120.38525845200002, 16.868596557000046], [120.38440490500012, 16.867788089000044], [120.38361965400009, 16.86710325400003], [120.38320996500008, 16.866714536000067], [120.38248521600008, 16.865868249000073], [120.38152356500008, 16.86502047300007], [120.38092013700007, 16.864436338000075], [120.38012519200004, 16.863697123000065], [120.379154953, 16.862853571000073], [120.37839785000004, 16.862134694000076], [120.377317, 16.861175288000023], [120.37651087300004, 16.86043314900007], [120.37547533200008, 16.859414112000024], [120.37463929900002, 16.85872406300007], [120.37349629100004, 16.857718180000067], [120.37299283400012, 16.857335412000058], [120.37201379700002, 16.85671943000006], [120.37088070900008, 16.85611979700008], [120.37057310200012, 16.85598480600004], [120.36985514700008, 16.855607855000073], [120.36894567200012, 16.85520736500007], [120.36778040400009, 16.854515627000065], [120.36685832, 16.85402024600006], [120.365205886, 16.853250325000033], [120.36449326300009, 16.85287935700006], [120.36290951100013, 16.851982202000045], [120.36251933500012, 16.851704289000057], [120.36182505600004, 16.851285518000054], [120.36096784700013, 16.850859485000065], [120.35949808400004, 16.85025731700005], [120.35838610000008, 16.84986432000005], [120.3577393830001, 16.849671344000058], [120.35698005000006, 16.849412621000052], [120.35569751000004, 16.84902174500007], [120.35487854200004, 16.848798867000028], [120.35451796600012, 16.84872323500002], [120.3537675980001, 16.84861734100002], [120.35301351300006, 16.84857399300006], [120.35172507500008, 16.848416789000055], [120.35097139700008, 16.84829873700005], [120.3503798060001, 16.84817144200002], [120.34999142200004, 16.848141333000058], [120.34943620000004, 16.84803530800002], [120.34897985100008, 16.84780740700006], [120.34873096200008, 16.84763332500006], [120.348235702, 16.847394700000052], [120.34781696700009, 16.847364586000023], [120.347168656, 16.847166285000068], [120.34667766500004, 16.846879652000034], [120.34612972800004, 16.846601088000057], [120.345650169, 16.846268755000036], [120.34524377700006, 16.845879638000042], [120.34454633900008, 16.84560510600005], [120.34419495100008, 16.845217482000063], [120.3437466800001, 16.844775547000044], [120.34351505300005, 16.84459005100007], [120.34316491900007, 16.844398483000074], [120.34267178000005, 16.844209441000032], [120.34238906600002, 16.84400433700006], [120.34182908900004, 16.84351299700006], [120.34158711800002, 16.84336559000008], [120.34092663600006, 16.842879616000058], [120.34045747500012, 16.842368718000046], [120.33996866000008, 16.841877440000076], [120.33984358400004, 16.841812343000065], [120.3397430780001, 16.841568017000046], [120.33897637200006, 16.840956196000036], [120.33880143200008, 16.840877751000047], [120.33811901, 16.84035183600002], [120.33803309900009, 16.840146468000054], [120.3374776300001, 16.83958719900005], [120.33685511400006, 16.83878800800005], [120.33652214100006, 16.838423337000055], [120.335887714, 16.83754745900006], [120.33550452000009, 16.837084124000057], [120.33528829000012, 16.83673898400002], [120.3349758290001, 16.836074048000054], [120.33475123100006, 16.835533059000053], [120.3346000160001, 16.834961940000024], [120.334327088, 16.834389175000062], [120.33410798500005, 16.83337269200007], [120.3339623070001, 16.832996149000056], [120.33372442700012, 16.831880662000057], [120.3334870130001, 16.83132739900003], [120.33338059100004, 16.83116487400002], [120.33275882500004, 16.830511928000025], [120.33229258200004, 16.82987202700002], [120.33215198500012, 16.829601623000027], [120.33210808400008, 16.829324256000064], [120.3321347750001, 16.828730648000032], [120.33208400800002, 16.828343980000056], [120.33208347200002, 16.827945720000056], [120.33199809000006, 16.827552703000038], [120.33208469600004, 16.82713589000002], [120.33222082600004, 16.82684266600006], [120.33224888200006, 16.826389301000063], [120.33237696000003, 16.82562600400007], [120.33258503900004, 16.825317713000057], [120.33276868600002, 16.82449429500002], [120.33291160500004, 16.824257101000057], [120.33297721500004, 16.82391118400005], [120.33317273000011, 16.82315724800003], [120.33353557100008, 16.82278859900003], [120.33385201300008, 16.822675643000025], [120.3343712410001, 16.822426740000026], [120.334650882, 16.822404326000026], [120.33489032400009, 16.82218126400005], [120.33501085600004, 16.82196002500007], [120.335064976, 16.821657253000062], [120.33506515300007, 16.821251853000035], [120.33501968900008, 16.820752973000026], [120.33485238300013, 16.820306473000073], [120.33467531000008, 16.82004094000007], [120.33422587100004, 16.819509397000047], [120.33388554300006, 16.819232526000064], [120.334223027, 16.818967937000025], [120.33499028600012, 16.818657380000047], [120.33542872000012, 16.818346822000024], [120.33571148400006, 16.81802745300007], [120.33544209900003, 16.817798229000058], [120.33537279900008, 16.817507474000028], [120.34080851400006, 16.813333321000073], [120.33962736700003, 16.80996443800007], [120.3419940780001, 16.80871627500005], [120.34871457200006, 16.805193443000064], [120.34900102200004, 16.804984452000042], [120.35421886300004, 16.801054259000068], [120.35690322800008, 16.801106652000044], [120.3586302330001, 16.801116921000073], [120.36413804600012, 16.801588028000026], [120.37385111700009, 16.812339821000023], [120.37686147000012, 16.81580963400006], [120.37679669600004, 16.81593918300007], [120.37708724600007, 16.81619002800005], [120.384356194, 16.824398552000048], [120.38470030200006, 16.82637717700004], [120.3850634470001, 16.82799643800007], [120.38575720800009, 16.827741322000065], [120.38590468300002, 16.828908834000057], [120.38548225400008, 16.829108009000038], [120.38568693500008, 16.829725198000066], [120.38745317200004, 16.829289812000066], [120.38791007600004, 16.83075804600003], [120.3875327830001, 16.831663382000045], [120.3882839050001, 16.83178931000003], [120.38950614300003, 16.831272266000042], [120.39077282700008, 16.830872260000035], [120.39137283600007, 16.830525589000047], [120.39177284100003, 16.830538922000073], [120.39201284400008, 16.83061892300003], [120.39221284700012, 16.830898927000074], [120.3920592090001, 16.831326567000072], [120.392387664, 16.831358193000025], [120.39283211500002, 16.83214635200005], [120.39315211900008, 16.832075239000062], [120.393359529, 16.83211672200002], [120.39342173600004, 16.832234011000022], [120.3943373200001, 16.834896019000034], [120.39636511100004, 16.84128294400005], [120.39696329400012, 16.84221669900006], [120.39763024400008, 16.841482169000074], [120.39794437500008, 16.84126739100003], [120.39834837, 16.840890132000023], [120.39858018400002, 16.840197582000027], [120.39899635100004, 16.84022619400002], [120.3992878260001, 16.840062108000044], [120.39935764100004, 16.839842569000044], [120.39936512500002, 16.83916550600003], [120.399564541, 16.838783734000067], [120.399905869, 16.838558016000036], [120.40036068100004, 16.838320327000076], [120.40100254900004, 16.83805828700002], [120.40150111400013, 16.837824424000075], [120.40173426400008, 16.837653947000035], [120.402244901, 16.837049291000028], [120.40244653900004, 16.836551632000063], [120.4026910780001, 16.836204128000077], [120.402884136, 16.836023941000064], [120.4032745410001, 16.835822303000043], [120.40351479000005, 16.835770821000043], [120.403948097, 16.835783692000067], [120.404475787, 16.835993910000074], [120.40472890700006, 16.836264191000055], [120.40493054500008, 16.836277061000033], [120.40582718900008, 16.836109745000044], [120.40608888900012, 16.83582659400002], [120.40643639300004, 16.835552023000048], [120.40663374000007, 16.835453349000037], [120.4072601050001, 16.835230261000053], [120.40756041600002, 16.83530319300007], [120.40775776400004, 16.835539153000074], [120.407882179, 16.83593384800003], [120.40780066600009, 16.836671756000044], [120.40783498700011, 16.83681333200008], [120.408152459, 16.837169415000062], [120.4096948360001, 16.840603992000066], [120.40897798500008, 16.841323690000024], [120.40977444700005, 16.84332917100005], [120.41019041900007, 16.84440529400007], [120.41286176500012, 16.848580746000042], [120.41349168600006, 16.84932968800007], [120.41453750100004, 16.848672583000052], [120.41482496100002, 16.84752346700003], [120.41662913100004, 16.847265823000043], [120.41768303600008, 16.84534672100006], [120.42364397300004, 16.84204638200003], [120.423828823, 16.84387128900005], [120.42459254700007, 16.843565800000018], [120.42507533700008, 16.84434219600007], [120.427075756, 16.844055113000024], [120.43433238800004, 16.84308878600007], [120.43578240100008, 16.843001620000052]]]}','2025-10-03 19:24:59.000000','2025-10-03 19:24:59.000000',11),(103311000,'Naguilian',102.0000,50.0000,'{\"type\": \"Polygon\", \"coordinates\": [[[120.4525547620001, 16.56000768800004], [120.45000390300004, 16.563754261000035], [120.44896768600007, 16.57259960000005], [120.44832990300006, 16.57810283800006], [120.44367991900003, 16.58260566200005], [120.44222724300003, 16.58984984200004], [120.44028421100008, 16.59388296900005], [120.43624676400007, 16.596346328000042], [120.4280914310001, 16.59965538300002], [120.42576250600008, 16.601609903000053], [120.42312240600006, 16.602319409000078], [120.4075744260001, 16.60260535100002], [120.40606226300008, 16.589507323000078], [120.40520816900003, 16.58847290600005], [120.40412079400004, 16.587469175000027], [120.4028661310001, 16.583621542000056], [120.40294977500004, 16.58052670600006], [120.40085867000003, 16.57726458100007], [120.39843298800008, 16.574253390000028], [120.39475422700002, 16.567022481000034], [120.390179191, 16.562903809000034], [120.38676487000008, 16.563021623000058], [120.3806197880001, 16.56124091600003], [120.36862686400002, 16.561095788000046], [120.36690241800012, 16.551259707000042], [120.36895738200008, 16.543796235000055], [120.37283378100008, 16.52967450100004], [120.37527631800003, 16.52078065300003], [120.3786044950001, 16.516885325000025], [120.38057634200004, 16.50945908800002], [120.3838810000001, 16.490640753000033], [120.384686008, 16.479910612000026], [120.38589641000011, 16.463507181000065], [120.38714636600002, 16.463394634000057], [120.38760103200002, 16.46337442600003], [120.38842953700008, 16.463293596000028], [120.38995519700006, 16.46311173000004], [120.39171324200004, 16.462970278000057], [120.39291420400002, 16.46283422800007], [120.39354201400012, 16.46272778900004], [120.39426948100004, 16.462556026000065], [120.39461300700007, 16.46250550700006], [120.3953462290001, 16.462317255000073], [120.3955526520001, 16.46254592200006], [120.39613112000008, 16.463280530000073], [120.39638115600007, 16.463111730000037], [120.39712883100005, 16.46246509200006], [120.39841608100006, 16.461280971000065], [120.39887309000004, 16.46091042200004], [120.39960337900004, 16.460357688000048], [120.39994854500004, 16.46006961200004], [120.40115813800004, 16.459891415000072], [120.40190541000004, 16.45979877800005], [120.40370874500002, 16.459520866000048], [120.4050504380001, 16.459338680000034], [120.40643767800007, 16.459097824000025], [120.40831357900004, 16.458819913000067], [120.41085646600006, 16.45848641900005], [120.41225991700004, 16.458250195000062], [120.4132465020001, 16.45811123900006], [120.41470553600004, 16.457930597000022], [120.41521967100005, 16.457847224000034], [120.41608119600004, 16.457749955000054], [120.41798488800008, 16.457458148000057], [120.41855460600004, 16.45740256600004], [120.4201803860001, 16.457152446000062], [120.42083347700007, 16.457069072000028], [120.42147267300004, 16.45694401200006], [120.42218134600012, 16.456832848000033], [120.42279275100007, 16.45676337000003], [120.42395997800008, 16.456582728000054], [120.4250299360001, 16.456443772000053], [120.42555796700002, 16.45634650300008], [120.42619161800008, 16.45628240500002], [120.42932820600002, 16.457014604000047], [120.43380126200007, 16.459153891000028], [120.43632951000006, 16.461293178000062], [120.43961867300004, 16.46322711600004], [120.44196944900013, 16.464210388000023], [120.44642091800009, 16.468208631000046], [120.4520824430001, 16.474712344000068], [120.45244973100012, 16.480712594000067], [120.45089479200011, 16.48689687000006], [120.450200278, 16.487031914000053], [120.449775852, 16.487186251000026], [120.44964080800004, 16.48759138400004], [120.44960222300006, 16.487957934000065], [120.44969868400004, 16.48845952800002], [120.44969868400004, 16.488883953000027], [120.44954434700004, 16.489443423000065], [120.4492356740001, 16.490022186000033], [120.44873408, 16.490369443000077], [120.44823248600004, 16.490485195000076], [120.44684345700011, 16.490639532000046], [120.44641903100012, 16.490851745000043], [120.44618752600005, 16.491237586000064], [120.44607177400007, 16.491700596000044], [120.44611035800006, 16.492530155000054], [120.44616823400008, 16.492838828000057], [120.44618752600005, 16.493301838000033], [120.44612965000012, 16.49366838800006], [120.44599460500002, 16.494054229000028], [120.44549301100008, 16.494960957000046], [120.44543513500004, 16.495790516000053], [120.445473719, 16.496157065000034], [120.44549301100008, 16.496890164000032], [120.44516504600006, 16.497603971000046], [120.44504929400011, 16.498568575000036], [120.44506858600003, 16.49920521300004], [120.44520363000004, 16.499706807000045], [120.44512646200008, 16.500246985000043], [120.44493354100008, 16.501076544000053], [120.44477920500005, 16.501597430000054], [120.44456699200008, 16.50198327200007], [120.4441425660001, 16.502176193000025], [120.44369884900004, 16.502156900000045], [120.44340946700004, 16.501886811000073], [120.44327442300003, 16.501520262000042], [120.44294645800008, 16.50096079200006], [120.44265707700004, 16.500709995000022], [120.4422133590001, 16.500652119000048], [120.44188539400012, 16.500825747000018], [120.44151884400004, 16.501365925000073], [120.44138624800009, 16.50188838900004], [120.44134914300004, 16.502432606000063], [120.44139861700012, 16.50312524700007], [120.441509934, 16.50365709500005], [120.44185625400006, 16.504052890000025], [120.44253652600004, 16.504423947000078], [120.44308074300012, 16.504671319000067], [120.44363251900006, 16.505237525000044], [120.44387989100008, 16.50568829000002], [120.44395685100004, 16.50606759300007], [120.44390187900002, 16.50638642800004], [120.4436764960001, 16.506562336000062], [120.44342362800012, 16.506600816000056], [120.44297835900012, 16.50651286200002], [120.4426265420001, 16.506364439000038], [120.4420218560001, 16.505726770000024], [120.44141717000004, 16.50517155900008], [120.4410048840001, 16.50502313600003], [120.44057061, 16.50503413000007], [120.44014732900008, 16.505204542000058], [120.43985620400008, 16.505560909000053], [120.43945956800007, 16.50619552700004], [120.43910259600013, 16.506849977000055], [120.43852196500004, 16.50821837100005], [120.438566035, 16.508888245000037], [120.43863654800008, 16.50918792600004], [120.438865716, 16.50932895200003], [120.43912132600008, 16.509364209000065], [120.43950914800008, 16.509258439000064], [120.439755944, 16.509126227000024], [120.44026716300004, 16.50910859900006], [120.44123671800004, 16.509522863000026], [120.441809637, 16.509857800000077], [120.44205643300006, 16.51004289700006], [120.442109318, 16.510307321000028], [120.4419947340001, 16.511012452000042], [120.44182726500004, 16.51154130000003], [120.44132486, 16.51245797000007], [120.44140418700007, 16.51303970300006], [120.44128750600012, 16.51328821900006], [120.44190656700005, 16.514076115000023], [120.44218795900008, 16.51520168000007], [120.44224423700008, 16.51584888000002], [120.442019124, 16.516608636000058], [120.44165331500008, 16.517396532000074], [120.44125936700004, 16.51801559300003], [120.44061216700004, 16.518325123000068], [120.43968898700008, 16.518658464000055], [120.4394032670001, 16.518848944000066], [120.4388491430001, 16.519333803000052], [120.43852878900007, 16.51968013100003], [120.43835562600007, 16.520216939000022], [120.43836428400006, 16.520571925000073], [120.4384595240001, 16.520926911000057], [120.438606713, 16.521143365000057], [120.43884048400002, 16.521359820000047], [120.43949850700004, 16.52142908600007], [120.43977556900003, 16.521316529000043], [120.44007860600006, 16.520892278000073], [120.44044225000005, 16.520468026000053], [120.44097040000008, 16.52008706600003], [120.44126477900012, 16.51996585100005], [120.44197475100007, 16.519879269000054], [120.4424422930001, 16.52008706600003], [120.44254619100002, 16.520667165000074], [120.44246826800008, 16.52109141600005], [120.44236436900006, 16.521411769000053], [120.44221718000006, 16.521662857000027], [120.44112516500002, 16.523297091000078], [120.44071606600004, 16.523433458000056], [120.44046281300008, 16.523375015000052], [120.44022904200008, 16.523219167000036], [120.43999527100004, 16.52298539600002], [120.43974201900006, 16.522849030000035], [120.43950824800004, 16.522849030000028], [120.4393329190001, 16.52298539600002], [120.43898226200008, 16.52337501500006], [120.43890433900005, 16.52366722900007], [120.43886537700008, 16.524076329000028], [120.43898226200008, 16.524582833000064], [120.43906018600002, 16.525108818000035], [120.43903928300006, 16.526070898000057], [120.43894045900004, 16.527256780000073], [120.43933575300002, 16.528080310000064], [120.43982987100004, 16.528475604000047], [120.4403898710001, 16.52840972100006], [120.44062045900012, 16.527948545000072], [120.44058751800004, 16.527256780000076], [120.44075222400012, 16.526762663000056], [120.44121340000004, 16.526268545000054], [120.44174045900002, 16.52610383900003], [120.44249810600002, 16.52623560400002], [120.44332163500007, 16.526927369000074], [120.44401340000002, 16.52798148600004], [120.44463928200004, 16.529068545000023], [120.44529810600012, 16.529397957000068], [120.44561966000002, 16.52952285800006], [120.4463261750001, 16.52914134000002], [120.44669356300004, 16.528971776000052], [120.44706095100004, 16.528915255000072], [120.44735768700004, 16.52907068900004], [120.44786637800009, 16.52976307300003], [120.4478946380001, 16.53020111200004], [120.44810659300002, 16.530483718000024], [120.4489402800001, 16.530582630000026], [120.44918049600004, 16.53080871500003], [120.44909571400002, 16.531317406000028], [120.44895441100006, 16.531741315000033], [120.44865767400006, 16.53216522400004], [120.44790876900004, 16.53205218200003], [120.44738594800005, 16.531826097000078], [120.4465805210001, 16.53120436400008], [120.446410957, 16.530978279000063], [120.44575928200004, 16.530781486000024], [120.44473810600005, 16.531012074000042], [120.4434204590001, 16.531736780000077], [120.44302516500012, 16.53239560300005], [120.44312398800002, 16.53354854500003], [120.44365104700012, 16.53433913300006], [120.44434281200007, 16.534668544000056], [120.44615457600004, 16.53486619100005], [120.44737340000005, 16.53512972100003], [120.44849340000007, 16.535426191000052], [120.44921810500011, 16.535920309000062], [120.44918516400004, 16.536710897000034], [120.44852634100005, 16.537040309000076], [120.4478345760001, 16.53700736800004], [120.4463192820001, 16.53700736800005], [120.44496869400008, 16.537106191000078], [120.44437575300002, 16.537633250000045], [120.44460634100004, 16.538423838000025], [120.4450675170001, 16.53928030900005], [120.44602281200002, 16.53974148500004], [120.44658281100013, 16.54020266200007], [120.44704398800005, 16.540630897000028], [120.44747222300008, 16.541652073000023], [120.44766987000004, 16.54240972000002], [120.447307517, 16.544023838000047], [120.44719630800012, 16.544227636000073], [120.44649955100007, 16.544876007000024], [120.44628665300002, 16.54524374000005], [120.44618988100002, 16.54571792200005], [120.446141495, 16.546375970000046], [120.44636407000009, 16.547198531000053], [120.44649955100007, 16.547498523000062], [120.44651890500003, 16.547740453000074], [120.44662535400003, 16.54791464200002], [120.44711889000008, 16.548050123000056], [120.44805757700011, 16.547972705000063], [120.44901561800008, 16.547943674000066], [120.44963495800006, 16.54775980700003], [120.45004139900004, 16.547343688000073], [120.45004376100007, 16.550087685000054], [120.44959499900006, 16.551103304000033], [120.449689475, 16.55216616200005], [120.45063423700005, 16.55282749500003], [120.45160261800002, 16.55471702000006], [120.45226395200008, 16.557173402000046], [120.45250014300008, 16.55889759300004], [120.4525547620001, 16.56000768800004]]]}','2025-10-03 19:24:59.000000','2025-10-03 19:24:59.000000',12),(103312000,'Pugo',52.0000,46.0000,'{\"type\": \"Polygon\", \"coordinates\": [[[120.51182322200007, 16.23220132700004], [120.51180617600004, 16.232371795000063], [120.51196101700008, 16.23270988900003], [120.51262015800012, 16.233420171000038], [120.51281903700009, 16.23376110600003], [120.51312019700002, 16.23415886300006], [120.51339400800008, 16.23480812000002], [120.51317824500006, 16.236187199000028], [120.51669938400006, 16.249475371000077], [120.51256863600008, 16.25984597900003], [120.51261465000005, 16.261807859000044], [120.51263666200008, 16.263518755000067], [120.51251467500003, 16.265275649000046], [120.51199669200004, 16.267644508000043], [120.51159171000008, 16.270079362000043], [120.51059975200008, 16.275798020000025], [120.50654804300008, 16.28719368400004], [120.5050652770001, 16.289387030000057], [120.50485854400009, 16.289302458000066], [120.50406919800002, 16.289866276000055], [120.50342343900002, 16.290656648000034], [120.50325166100004, 16.29078718000005], [120.503074479, 16.291121928000052], [120.502737152, 16.291447623000064], [120.50257430400008, 16.291726791000034], [120.50250451200009, 16.292052486000046], [120.50250451200009, 16.292354918000054], [120.50270225600003, 16.292785301000034], [120.50267899200004, 16.293052837000065], [120.5020741290001, 16.293564644000067], [120.501632113, 16.293785652000057], [120.50131805, 16.29376238800006], [120.50082950600007, 16.293355268000028], [120.4973696500001, 16.31297650700003], [120.49803975300006, 16.314211998000076], [120.4984338160001, 16.31972386100006], [120.49912476800012, 16.323063542000057], [120.49063149700012, 16.332446348000076], [120.49094257500008, 16.332712457000074], [120.49128645600004, 16.332787176000068], [120.49204085600002, 16.33280889200006], [120.49227370100004, 16.333032598000045], [120.49243986500004, 16.33344790400002], [120.49242788200002, 16.33491711700003], [120.49249414500004, 16.335417543000062], [120.49271586600004, 16.335694476000064], [120.493148484, 16.335801180000033], [120.49342587, 16.335758746000067], [120.4937873330001, 16.335512237000042], [120.49413392300004, 16.335085116000073], [120.49452988400004, 16.334832112000072], [120.4949587420001, 16.334721561000045], [120.49546536500009, 16.334837111000066], [120.49592402100006, 16.335076639000018], [120.49615315100006, 16.335536181000066], [120.49616282800004, 16.33604346100003], [120.4960627590001, 16.336608112000018], [120.49590280200006, 16.33724968300004], [120.49591248500008, 16.33774739200004], [120.496031893, 16.338226017000068], [120.49636549300013, 16.33875818900003], [120.49663449200013, 16.339275180000072], [120.49679380900012, 16.339734686000046], [120.49670380700005, 16.34013663300004], [120.49646424700006, 16.34044278800007], [120.4960523200001, 16.340650878000076], [120.49534407500003, 16.340794064000022], [120.49469571700004, 16.340860710000072], [120.49402736900004, 16.340994343000034], [120.4936881320001, 16.341185583000026], [120.49338865800009, 16.34159698300004], [120.49325875500008, 16.34198933500005], [120.49334822900006, 16.342490754000043], [120.49369695200006, 16.34312264700003], [120.49417555900004, 16.34339090300006], [120.49502317400002, 16.343726357000037], [120.49586958500004, 16.344093147000024], [120.49635142500006, 16.344529582000064], [120.49643376200004, 16.34505832500002], [120.49628202200006, 16.34544155100002], [120.49582724200005, 16.345837830000047], [120.49515183900009, 16.34663051500007], [120.49473825900009, 16.347225081000033], [120.494724172, 16.347753779000076], [120.48084990500004, 16.34760837700003], [120.4808415770001, 16.347870716000042], [120.48060422300011, 16.348153875000037], [120.48046680700008, 16.34842454200003], [120.48025443800007, 16.34856612200002], [120.47980471400004, 16.34871186600003], [120.47966313500002, 16.348920071000062], [120.47962565800005, 16.34913660500007], [120.47981304200005, 16.34935313800003], [120.48054592500011, 16.349407271000075], [120.48091653100006, 16.34955717900004], [120.48139540300008, 16.349936113000066], [120.48161193700004, 16.35052741600003], [120.48143704400002, 16.351064586000064], [120.4812413310001, 16.351239479000068], [120.48122883900012, 16.351451848000067], [120.48100397700011, 16.351801633000033], [120.4806999970001, 16.352080628000067], [120.48064170000008, 16.352259685000032], [120.48048762800012, 16.352405429000044], [120.48029191500008, 16.352463726000053], [120.48001708400012, 16.352655275000075], [120.47995045800008, 16.35294259800003], [120.48001292000004, 16.353338188000063], [120.47987966800008, 16.353842045000018], [120.47957985200004, 16.35421681500003], [120.47947158600006, 16.354495810000063], [120.47919675500007, 16.35474982100004], [120.47918009800004, 16.355028816000072], [120.47909265200008, 16.355366109000048], [120.47934249800008, 16.355541001000063], [120.479617329, 16.355499360000067], [120.4800545610001, 16.35524534900003], [120.4805126120001, 16.35504130800007], [120.4809456800001, 16.354745657000027], [120.48156196700008, 16.35455410800006], [120.4818159780001, 16.354529123000077], [120.48205333200008, 16.35438754300003], [120.48235314800002, 16.354508303000046], [120.482623815, 16.355153739000063], [120.48321122900008, 16.355832431000067], [120.48328264200006, 16.356364857000074], [120.48351281500004, 16.35757391700002], [120.48366342800011, 16.357832432000066], [120.484019944, 16.35796947900008], [120.48423390300002, 16.35815966700005], [120.48436072400013, 16.358441029000065], [120.48440041100004, 16.358889514000055], [120.4690371590001, 16.37975687500005], [120.444614374, 16.38612987700003], [120.45090785700006, 16.37399045400002], [120.45131723100008, 16.37319530100006], [120.45352722900007, 16.36702795800005], [120.4562737330001, 16.359353187000067], [120.45291751700005, 16.350426056000057], [120.45355562300006, 16.344146024000054], [120.45361725300006, 16.34394352500004], [120.45361725400004, 16.34363537400003], [120.45354681900004, 16.34296624700005], [120.45336230500006, 16.34275557100006], [120.45334060100004, 16.342495134000043], [120.45353414200008, 16.342153238000037], [120.45395965900003, 16.34176456200004], [120.4541631200001, 16.34153114400004], [120.45437214000005, 16.341434904000042], [120.454893878, 16.340650714000052], [120.45488507400012, 16.340439410000045], [120.45477061800013, 16.340043217000073], [120.45470018300011, 16.339611806000047], [120.45444485900008, 16.33882822200008], [120.45439203300008, 16.338502463000058], [120.45415032800008, 16.337634568000055], [120.45387954100008, 16.336944358000043], [120.45385379300002, 16.33578186000005], [120.45374713900004, 16.335552984000064], [120.45475811100006, 16.334661883000024], [120.45511055400004, 16.334311126000042], [120.45540227400012, 16.333842925000063], [120.45552573900012, 16.33344752000005], [120.45558843500008, 16.332949330000073], [120.45559031500012, 16.332363007000023], [120.45571495100012, 16.331601166000045], [120.45614591000005, 16.33057639000003], [120.45679162700004, 16.32925910600005], [120.4574774560001, 16.327947668000036], [120.45642633500007, 16.327238137000055], [120.45319305900011, 16.324142104000035], [120.45097068500002, 16.32204729600005], [120.45040315000006, 16.321486090000064], [120.45040315000006, 16.32095140700005], [120.4504898560001, 16.320652755000022], [120.45135582200008, 16.31970222800004], [120.45504727100004, 16.310038663000057], [120.45669338200004, 16.305540270000048], [120.45716649600004, 16.298296536000063], [120.46674514200002, 16.296081302000058], [120.478558377, 16.293366270000035], [120.4801067730001, 16.294012005000067], [120.48099109000007, 16.29382323200002], [120.4816527920001, 16.29365780700004], [120.48275350800009, 16.293511469000066], [120.48363789800008, 16.293479656000045], [120.48852822000003, 16.29165716300002], [120.48546554600011, 16.288958939000054], [120.484779644, 16.285572316000067], [120.48481134000008, 16.27922040100003], [120.48530857200002, 16.277734120000048], [120.48548808700004, 16.276564697000026], [120.48565569300004, 16.274043793000033], [120.48558798700005, 16.272286549000057], [120.48577780300002, 16.268798044000047], [120.48649869700012, 16.26765768000007], [120.49052434900013, 16.25983423000002], [120.49050203600008, 16.259075589000073], [120.49064483900008, 16.25875428300003], [120.49062698800005, 16.25846867700005], [120.49137670400012, 16.255719719000066], [120.49198718700006, 16.253578887000057], [120.49310963100002, 16.249706828000058], [120.49577091900004, 16.242978534000034], [120.49965716200003, 16.23650146300002], [120.50246321400004, 16.236052932000067], [120.50506933500004, 16.235647019000055], [120.50614609900003, 16.235364285000056], [120.5069581370001, 16.234562076000028], [120.50741616800008, 16.23384614300005], [120.50783983200007, 16.23342591700003], [120.508285095, 16.233097829000027], [120.51001214700013, 16.23258785900003], [120.51182322200007, 16.23220132700004]]]}','2025-10-03 19:24:59.000000','2025-10-03 19:24:59.000000',13),(103313000,'Rosario',78.0000,41.0000,'{\"type\": \"Polygon\", \"coordinates\": [[[120.51182322200007, 16.23220132700004], [120.51001214700013, 16.23258785900003], [120.508285095, 16.233097829000027], [120.50783983200007, 16.23342591700003], [120.50741616800008, 16.23384614300005], [120.5069581370001, 16.234562076000028], [120.50614609900003, 16.235364285000056], [120.50506933500004, 16.235647019000055], [120.50246321400004, 16.236052932000067], [120.49965716200003, 16.23650146300002], [120.49577091900004, 16.242978534000034], [120.49310963100002, 16.249706828000058], [120.49198718700006, 16.253578887000057], [120.49137670400012, 16.255719719000066], [120.49062698800005, 16.25846867700005], [120.49064483900008, 16.25875428300003], [120.49050203600008, 16.259075589000073], [120.49052434900013, 16.25983423000002], [120.48649869700012, 16.26765768000007], [120.48577780300002, 16.268798044000047], [120.48558798700005, 16.272286549000057], [120.48565569300004, 16.274043793000033], [120.48548808700004, 16.276564697000026], [120.48530857200002, 16.277734120000048], [120.48481134000008, 16.27922040100003], [120.484779644, 16.285572316000067], [120.48546554600011, 16.288958939000054], [120.48852822000003, 16.29165716300002], [120.48363789800008, 16.293479656000045], [120.48275350800009, 16.293511469000066], [120.4816527920001, 16.29365780700004], [120.48099109000007, 16.29382323200002], [120.4801067730001, 16.294012005000067], [120.478558377, 16.293366270000035], [120.46674514200002, 16.296081302000058], [120.45716649600004, 16.298296536000063], [120.45628918400008, 16.29825672200008], [120.44609980200003, 16.297732512000035], [120.44256828400012, 16.296932923000046], [120.43921221100004, 16.295850233000067], [120.43903676600009, 16.295800173000035], [120.43558508900004, 16.29522348200004], [120.42354923900008, 16.293269069000075], [120.42534566000006, 16.287323523000055], [120.43107594000004, 16.269719882000064], [120.43412054900011, 16.259134987000042], [120.43483756500008, 16.256617951000067], [120.4390768740001, 16.245284582000068], [120.43639171600012, 16.244157553000036], [120.43463327600011, 16.242754030000068], [120.432966512, 16.242066934000032], [120.43018068600009, 16.240770774000058], [120.42499433600004, 16.24066293400005], [120.41091820800013, 16.240320940000064], [120.40965715000006, 16.240153829000064], [120.40689189900004, 16.239764483000044], [120.40580318600009, 16.23945289100004], [120.40561171000002, 16.239359607000036], [120.40533150000007, 16.239065303000075], [120.40385725100008, 16.23904137100004], [120.4042029970001, 16.23851929600005], [120.4043007140001, 16.238156361000044], [120.40445708900008, 16.23781185800004], [120.40482909000004, 16.23715130200003], [120.40491308900005, 16.236905695000075], [120.40487523900003, 16.236592796000025], [120.40495424800008, 16.236444250000037], [120.40515507100008, 16.235552], [120.40520775100003, 16.235066850000063], [120.40530458900002, 16.23491127500006], [120.40539183300008, 16.234440347000035], [120.4056535520001, 16.233519551000022], [120.40583460900008, 16.23317663000006], [120.40598604200012, 16.232614046000037], [120.4061564540001, 16.232281159000024], [120.40618279300008, 16.231993545000023], [120.40671661500004, 16.231493327000063], [120.40684335300011, 16.231212036000045], [120.40712401200004, 16.230842033000044], [120.40719972700003, 16.23051702600003], [120.40742192800008, 16.229902292000077], [120.407428513, 16.229739522000045], [120.40760924200004, 16.229072881000036], [120.40773606200004, 16.228901315000027], [120.40783482000008, 16.228523623000058], [120.4080504320001, 16.22831502500003], [120.40823806300013, 16.228264456000034], [120.40896251000004, 16.22769739600005], [120.40915813600007, 16.227401777000065], [120.409480506, 16.22716216300006], [120.40967783200009, 16.226853477000077], [120.40980291200005, 16.22618210400003], [120.40990157600004, 16.225879949000046], [120.4099746070001, 16.225413153000034], [120.41010389100008, 16.22510609900007], [120.4100919890001, 16.22473371300003], [120.41037004700004, 16.22453520500005], [120.41057598000008, 16.224238992000036], [120.4107357780001, 16.223697666000074], [120.41080722600007, 16.223263216000078], [120.41124685600003, 16.221742721000055], [120.41134381500002, 16.221507531000036], [120.41150541500008, 16.22076674600003], [120.41161938300002, 16.220517584000046], [120.4117452590001, 16.220066807000023], [120.41182010600006, 16.21950332800003], [120.41201702100012, 16.21901077700005], [120.41231600200004, 16.218402195000067], [120.41240949000009, 16.21788218900002], [120.4123793010001, 16.217689554000057], [120.41250446300012, 16.217212693000025], [120.4126143530001, 16.21632947000006], [120.41274615900012, 16.21576591400003], [120.4128642600001, 16.215588737000076], [120.41300442600004, 16.21502838900005], [120.41329444200004, 16.214604138000023], [120.4135599000001, 16.213841944000027], [120.41364322900006, 16.21330249000005], [120.41371671900004, 16.213154760000066], [120.41414911500011, 16.212678130000032], [120.41419978400006, 16.21219135200005], [120.41427889800003, 16.21203499300003], [120.41424134600004, 16.211747721000044], [120.41430349200004, 16.211228864000073], [120.41442950800004, 16.210667189000045], [120.41478878800002, 16.20999721200008], [120.41508018500006, 16.20964637000003], [120.41538014400008, 16.208789274000026], [120.41550377300008, 16.20865345800007], [120.41565968400003, 16.208302682000067], [120.41582133000009, 16.207666255000046], [120.41597321100004, 16.207366811000043], [120.4163324020001, 16.20714039900002], [120.41659316500012, 16.20705643100007], [120.41686614200012, 16.206804006000027], [120.41715892800006, 16.206335883000065], [120.41746441600004, 16.205624321000077], [120.41731567800002, 16.205608228000074], [120.41710512800012, 16.20545473500005], [120.41705452800012, 16.205293078000064], [120.4171966240001, 16.205020785000045], [120.41728388300012, 16.204611896000074], [120.41873050500013, 16.204792170000076], [120.42701355800013, 16.20130000300002], [120.43093844900012, 16.202283858000044], [120.43120115300007, 16.20276770500004], [120.44070866400013, 16.203553636000038], [120.4533030250001, 16.204903778000073], [120.45407935100002, 16.204930955000066], [120.46110630200008, 16.20533979000004], [120.46143303200004, 16.205355445000066], [120.46260046600004, 16.205320964000066], [120.4643727360001, 16.20438685400006], [120.46582803700008, 16.20458758500007], [120.47177413400006, 16.20510754100007], [120.47588132100007, 16.20529014400006], [120.47773069800007, 16.205339671000047], [120.48861927000009, 16.205939155000067], [120.48978221400012, 16.206093202000034], [120.49403744000008, 16.206511051000053], [120.49865014600005, 16.20692389100003], [120.50295182400008, 16.206890209000054], [120.50592796100013, 16.206804787000067], [120.5066795030001, 16.206713226000034], [120.50665554500009, 16.207000727000036], [120.5067513780001, 16.20739604000005], [120.50710103200004, 16.20845671500007], [120.50727085700012, 16.208721366000074], [120.507629606, 16.209563884000033], [120.50769328900004, 16.20998316800006], [120.50752985200003, 16.210358806000045], [120.50748663700006, 16.210877386000043], [120.50757306700008, 16.211879974000055], [120.50762857600012, 16.212744223000072], [120.50765014700004, 16.214189462000036], [120.50767171800013, 16.214491452000054], [120.50737427800006, 16.215060597000047], [120.50719716200004, 16.21520328700007], [120.5069814540001, 16.215699414000028], [120.50680888800004, 16.216217111000045], [120.50679519700007, 16.216607694000057], [120.50644218600009, 16.217468214000068], [120.5061617660001, 16.217985912000074], [120.50570878100008, 16.21841732600006], [120.50570878100008, 16.219064449000026], [120.50585977600008, 16.219388010000042], [120.50624804900008, 16.219862566000074], [120.50637747400005, 16.220574400000032], [120.50633433200004, 16.220941103000023], [120.50691674200006, 16.221911786000078], [120.50704616700013, 16.222537337000055], [120.50683045900008, 16.223270742000068], [120.50685203000012, 16.22355116200004], [120.50743444000013, 16.224133572000024], [120.5079089960001, 16.224737552000015], [120.5082541280001, 16.224953260000063], [120.50903067400009, 16.22523367900004], [120.509397377, 16.22534153300006], [120.50995821600009, 16.22575137700005], [120.51086418700004, 16.226031797000072], [120.51127403100008, 16.22633378700004], [120.51144659700005, 16.22657106500003], [120.51142502600008, 16.226937767000038], [120.51127403100008, 16.227261329000044], [120.51120931900005, 16.227692743000034], [120.51120931900005, 16.22810258700002], [120.51107989400008, 16.22846929000008], [120.51110146500004, 16.228835992000025], [120.51131717200008, 16.229267407000066], [120.51161916300008, 16.229461544000056], [120.51192115300012, 16.229806675000074], [120.512266285, 16.230345944000074], [120.512266285, 16.23066950500004], [120.51207214800004, 16.231057778000036], [120.51198586500004, 16.231597047000033], [120.51182322200007, 16.23220132700004]]]}','2025-10-03 19:24:59.000000','2025-10-03 19:24:59.000000',14),(103314000,'City Of San Fernando',99.0000,54.0000,'{\"type\": \"Polygon\", \"coordinates\": [[[120.42381469100006, 16.643496254000066], [120.41182247200004, 16.64388319600005], [120.407974952, 16.644000590000076], [120.40381424800012, 16.644174381000024], [120.39885467000012, 16.643088074000048], [120.396686079, 16.643276648000036], [120.39399891200004, 16.643465221000042], [120.38947315700013, 16.64417237000003], [120.3866917030001, 16.64478523300005], [120.3842536310001, 16.64513039600007], [120.37187533200007, 16.643996610000045], [120.37093702800009, 16.643908737000057], [120.36115199300002, 16.645365880000046], [120.35415253400004, 16.64425816000005], [120.3513866400001, 16.644608309000034], [120.3508144660001, 16.644626189000064], [120.34163815200009, 16.64429497200007], [120.34044631600013, 16.644621404000077], [120.33910295500004, 16.645686411000042], [120.33625023600004, 16.64749031600007], [120.33560423000004, 16.647835271000076], [120.33540196100012, 16.649491053000077], [120.33473283800004, 16.65044398900005], [120.3346251050001, 16.65147219800002], [120.3345695930001, 16.652289025000073], [120.32618911800012, 16.651756512000073], [120.32069218200004, 16.652939254000046], [120.32033337400004, 16.653008498000077], [120.31782245200009, 16.654012666000032], [120.31723592600008, 16.65278396800005], [120.31683201600003, 16.652556958000044], [120.3167666280001, 16.652462237000062], [120.31569854800011, 16.65171651300005], [120.31541198000004, 16.651587854000073], [120.31486321300008, 16.651233900000022], [120.31450596000002, 16.65111039200008], [120.31421039800011, 16.65080657900006], [120.313357782, 16.650446815000066], [120.3130410460001, 16.650280963000053], [120.31265719900011, 16.650001598000074], [120.31231468400006, 16.649798105000055], [120.31208151300008, 16.649716288000032], [120.3116763910001, 16.649448101000075], [120.3115229330001, 16.649435158000074], [120.31127126700004, 16.649236371000026], [120.31106906500008, 16.648954838000066], [120.31089964700006, 16.648956008000027], [120.31053996600006, 16.64868405400005], [120.31015895000009, 16.64810134000004], [120.309892632, 16.647455885000056], [120.30953442200008, 16.64696179500004], [120.30935983200004, 16.646622976000057], [120.30906832200004, 16.64625180300004], [120.30883417300004, 16.646064676000034], [120.30873209300012, 16.64586706500007], [120.30849039400005, 16.645571386000032], [120.308089353, 16.644977106000052], [120.30772177400002, 16.64448157100002], [120.30755536700008, 16.644058844000025], [120.30763618900004, 16.64360381400007], [120.30782862800004, 16.64317520800006], [120.30788946200003, 16.64291985400007], [120.30789090000007, 16.64226486800004], [120.30782430100012, 16.64161822700004], [120.30772080100006, 16.641133224000043], [120.30753350600004, 16.640657033000018], [120.30715756300005, 16.639962788000048], [120.30705523900008, 16.639340407000073], [120.30712523900002, 16.638959364000073], [120.307269689, 16.638558239000073], [120.30750005500008, 16.63833378300006], [120.30785667900012, 16.63789393500002], [120.30795828200009, 16.637687508000056], [120.30825097000002, 16.63727040000003], [120.30857699200013, 16.636674811000038], [120.308996879, 16.63616930200004], [120.30922385400002, 16.63574208300002], [120.30945521000002, 16.63539138900006], [120.30977828000005, 16.63464999500007], [120.3099828830001, 16.63428693400004], [120.31011012500004, 16.63417803300007], [120.310400317, 16.63343214000002], [120.3104554130001, 16.633179372000026], [120.31066881000004, 16.633001286000013], [120.310975211, 16.632617899000024], [120.31185442800007, 16.632106617000026], [120.31222023600004, 16.631711495000044], [120.3126787540001, 16.631487914000044], [120.313031871, 16.631417554000045], [120.31362625000008, 16.631427280000022], [120.31389522000006, 16.63154289000005], [120.31481765900004, 16.631517512000073], [120.31516918400008, 16.63130047600003], [120.31553118600004, 16.630922558000066], [120.31576546400004, 16.630509565000068], [120.31584930200007, 16.63054338700005], [120.31616225900008, 16.62966980000004], [120.3163118980001, 16.629370568000073], [120.316417795, 16.629300101000073], [120.31644362700004, 16.628813752000042], [120.3164072740001, 16.62762609200007], [120.3162569100001, 16.62679789100002], [120.31626625, 16.626599519000024], [120.31611572300004, 16.62648015700006], [120.31616969900006, 16.62610334800007], [120.3160229670001, 16.625849004000028], [120.3161067540001, 16.625540692000065], [120.31588531100007, 16.624855564000026], [120.31569763300004, 16.624447303000064], [120.31568031000003, 16.62410815300006], [120.31554458600012, 16.623823590000022], [120.31549186200004, 16.62322067500002], [120.3153244130001, 16.622783225000028], [120.31538252900008, 16.622505721000035], [120.315237485, 16.622092934000026], [120.31472614000006, 16.62134762400007], [120.31459135300008, 16.621036258000057], [120.31406931800004, 16.620280184000023], [120.31312625400004, 16.618805089000034], [120.31264838800008, 16.617925822000075], [120.31246121900006, 16.617673397000033], [120.31202862500004, 16.616993130000026], [120.31187183800012, 16.616835971000054], [120.31127634100004, 16.616070645000033], [120.31116820000013, 16.615976317000047], [120.31058209100004, 16.615220962000027], [120.31048716900013, 16.61499707700005], [120.3100721510001, 16.61469741200006], [120.309679962, 16.61426865500005], [120.30906898800002, 16.61352063900005], [120.3089664670001, 16.613459450000047], [120.30862021800012, 16.613058095000042], [120.30805617800002, 16.612584505000026], [120.30790411300008, 16.61241433700008], [120.30751027100008, 16.61212699900005], [120.30733272900012, 16.612058536000063], [120.30718161900006, 16.611897765000037], [120.30622747600012, 16.611391611000045], [120.30599902700008, 16.611210313000075], [120.30579675100012, 16.611151018000044], [120.30549731100004, 16.610962034000067], [120.30514154600009, 16.610869668000078], [120.30503684200006, 16.61076590700003], [120.30409749300009, 16.61035731900006], [120.30321313800005, 16.610103695000074], [120.30258698500008, 16.609955093000053], [120.3021451400001, 16.60977740200007], [120.30143899700012, 16.609607263000044], [120.30122464300008, 16.609743354000045], [120.29906164000012, 16.60972580700007], [120.29906557800008, 16.609887107000077], [120.299316749, 16.609882076000073], [120.299315427, 16.610048416000044], [120.29906425600008, 16.610050928000074], [120.29906867000012, 16.611536050000044], [120.29887930400002, 16.61153352200006], [120.29886298400004, 16.609517878000073], [120.29861303500005, 16.609432178000073], [120.29808702900004, 16.609370408000075], [120.29750719100004, 16.60934896000003], [120.29727311500004, 16.60939683500004], [120.29722969500006, 16.609876952000036], [120.29722366700004, 16.611229188000035], [120.29702115000008, 16.611229179000077], [120.29702486500004, 16.609762406000073], [120.29700909500002, 16.60932489400005], [120.2966974420001, 16.60918626200003], [120.29621622300012, 16.60916415900004], [120.29596242200012, 16.609206991000054], [120.29564549300004, 16.609344331000045], [120.2956511230001, 16.60978471500005], [120.29560509500004, 16.609827558000063], [120.29559450800004, 16.611614469000077], [120.295393105, 16.61161446700004], [120.29540201500004, 16.60985110300004], [120.2953382300001, 16.609455435000026], [120.29470418100004, 16.60951255600003], [120.29460213700008, 16.609603906000075], [120.294606326, 16.609921052000054], [120.29481443500003, 16.610204117000023], [120.29461729600006, 16.610354364000045], [120.29428969100002, 16.609961932000033], [120.29412773900005, 16.61002695900004], [120.29413873100007, 16.61017878600006], [120.29276044200004, 16.610707491000028], [120.29272067600004, 16.61090330800005], [120.2930398950001, 16.611159598000032], [120.29280111000004, 16.611440697000035], [120.29235707500006, 16.61112421100006], [120.29223004900008, 16.61116866600003], [120.292023233, 16.611445244000038], [120.29172286700008, 16.612227921000056], [120.29169299500006, 16.612421116000068], [120.2914101870001, 16.61312401800006], [120.29126207000002, 16.613640075000035], [120.29125691200012, 16.613933098000075], [120.2911612920001, 16.614888493000027], [120.29099533800004, 16.616140774000026], [120.29082711100013, 16.61677571900003], [120.29080182400004, 16.617043524000056], [120.29092321200008, 16.617070815000037], [120.2910336220001, 16.616798179000053], [120.29125727300004, 16.61701520200006], [120.291343621, 16.617355659000054], [120.29158182100004, 16.617603057000057], [120.29146727300008, 16.617804876000037], [120.29125661300009, 16.617913208000065], [120.29083021600002, 16.618346078000062], [120.29041738100013, 16.618545131000076], [120.28988223300009, 16.61887211200007], [120.28972243500006, 16.619121334000056], [120.28962093500002, 16.619464440000055], [120.28946976400006, 16.61967340400003], [120.2889381560001, 16.619953709000068], [120.28839515200002, 16.620185097000043], [120.28798235700005, 16.620427375000077], [120.28768221400004, 16.620755061000065], [120.28691855600005, 16.620911045000067], [120.28672896600008, 16.62113899600007], [120.28642514, 16.62125486000002], [120.28618517500004, 16.62151252400002], [120.28556149300005, 16.62171480200004], [120.28542142200004, 16.62209284000005], [120.28472232500008, 16.622458505000054], [120.284587836, 16.622639021000055], [120.28435658900004, 16.62279096400005], [120.28422941200004, 16.623121060000074], [120.28409300700002, 16.62383515600004], [120.28395467300004, 16.62406784900003], [120.28393868000002, 16.624225826000046], [120.28363274500008, 16.624712530000064], [120.28347830300004, 16.624804235000052], [120.28337457200008, 16.625003347000074], [120.28296995900008, 16.625124590000045], [120.28260396900008, 16.625177775000047], [120.28246964100002, 16.625102282000057], [120.28221754000003, 16.625253150000045], [120.28193185000008, 16.625300434000046], [120.281528954, 16.62518526200006], [120.28132859500012, 16.62520279000006], [120.2808023980001, 16.62486873400007], [120.28051176600002, 16.624791604000052], [120.28000806100012, 16.624795541000022], [120.27993191800007, 16.624610304000043], [120.2794494310001, 16.624407395000052], [120.27943678800013, 16.624194313000036], [120.27929997700006, 16.62400771000006], [120.27934939900004, 16.623857654000062], [120.2790278670001, 16.62325325200004], [120.27869268000006, 16.622427767000033], [120.27822054, 16.62176284900005], [120.27803814800006, 16.621149045000035], [120.2780252560001, 16.62077462000008], [120.27793709500008, 16.62033652200006], [120.2780025410001, 16.620141991000025], [120.27801241800012, 16.619089973000026], [120.27792890500008, 16.61887106100005], [120.27787548400012, 16.618506314000058], [120.2778910720001, 16.618276896000054], [120.27815868200004, 16.61788920000004], [120.27855148800006, 16.61754094300005], [120.27885779700011, 16.617358598000067], [120.27894251200009, 16.617124730000054], [120.279195146, 16.61679356200005], [120.27939455400008, 16.61633807800007], [120.27953949300004, 16.61615268600007], [120.2796157350001, 16.61589222300006], [120.279507619, 16.615500291000043], [120.27962074700008, 16.615298072000027], [120.27980256300008, 16.615162634000058], [120.27988554100013, 16.61492734400002], [120.28030331900004, 16.61462430200004], [120.28059253400012, 16.61435748300005], [120.2807371670001, 16.61412628100004], [120.28100401700009, 16.614026514000045], [120.28117756500002, 16.613656648000074], [120.28148057900012, 16.61346622900004], [120.2817024190001, 16.613452436000042], [120.28205869400006, 16.61319369000006], [120.28248399500002, 16.61283318200003], [120.28292973300005, 16.61273691900004], [120.28323701100008, 16.61247824800006], [120.28361842100004, 16.612264490000033], [120.28426287100002, 16.611539304000075], [120.28430956900004, 16.611365469000077], [120.28456524300007, 16.611262471000035], [120.284896687, 16.61071933600005], [120.2850586080001, 16.610313598000058], [120.28510555000004, 16.60997580000003], [120.28502667400004, 16.609856215000036], [120.28479457600008, 16.609819095000034], [120.28492071900008, 16.60956374900007], [120.284859148, 16.60940309800003], [120.28496576100008, 16.609113868000065], [120.28511194000008, 16.608949142000025], [120.28531962000012, 16.608526832000052], [120.28533111700004, 16.608375807000073], [120.28547158600009, 16.608114972000063], [120.28623912400006, 16.607181324000063], [120.28649700300002, 16.607114898000074], [120.2866742440001, 16.60661925600004], [120.286771885, 16.606552928000042], [120.28700890000006, 16.606735327000028], [120.28751564800008, 16.606672549000052], [120.28801245300008, 16.605974275000047], [120.28798030300004, 16.60573831000005], [120.2884395650001, 16.605598907000058], [120.28868581100006, 16.605484566000033], [120.28887705300008, 16.60557316200004], [120.2891272510001, 16.605527158000033], [120.28930090000006, 16.60537564800006], [120.28951342800008, 16.60531851800005], [120.28973543100008, 16.60565392800004], [120.29023125800003, 16.60574405400007], [120.29041785100004, 16.605819569000065], [120.29083410700004, 16.605721042000027], [120.29139516100008, 16.60605953300006], [120.291400402, 16.60638328600003], [120.29152318500007, 16.606629570000056], [120.2917231900001, 16.60681931600004], [120.2921492490001, 16.606989546000023], [120.29285298500008, 16.606958590000033], [120.29347881700006, 16.606844887000015], [120.2941284540001, 16.60668615300005], [120.29494463500008, 16.60637724300005], [120.29538542600004, 16.60615237800005], [120.2967846680001, 16.605267464000065], [120.29732813300008, 16.604885739000053], [120.29791463900008, 16.60437267100002], [120.29826679100007, 16.603970769000057], [120.29926793900007, 16.602565480000067], [120.29943251600002, 16.602264951000052], [120.29985516700005, 16.601198613000065], [120.30010955800002, 16.600681098000056], [120.30027372100004, 16.600276930000064], [120.30037831600008, 16.599899770000036], [120.30052876900002, 16.59956894800007], [120.300721769, 16.598903248000052], [120.30086948800012, 16.598114972000076], [120.30106134400012, 16.597370263000073], [120.30114180800004, 16.596821175000066], [120.30120972400005, 16.596003549000045], [120.3012656320001, 16.59474664400005], [120.3013516420001, 16.59421430500004], [120.30157114000008, 16.593323079000072], [120.30146349900008, 16.592426798000076], [120.30147164900006, 16.591198113000072], [120.30116008200002, 16.589258667000028], [120.30084630600004, 16.588432659000038], [120.30056412200008, 16.588061364000055], [120.30029635000008, 16.58799146000007], [120.30018734200009, 16.587635739000056], [120.30000961000006, 16.587323452000074], [120.29981145700002, 16.58712729600006], [120.29984345000004, 16.58702282200005], [120.29965650700002, 16.58635226300004], [120.29962987300009, 16.585915012000036], [120.29953283500004, 16.585546142000055], [120.29933515300002, 16.58544296900003], [120.29930126000008, 16.58524003800005], [120.2993469480001, 16.584820738000072], [120.29955302200004, 16.584656704000054], [120.29968068200004, 16.58410135800006], [120.29987050400008, 16.58390050500003], [120.29991878200008, 16.583720106000044], [120.29988994300004, 16.58320857000007], [120.29981862400008, 16.58303505800006], [120.29986696000005, 16.58278625600008], [120.30004054000004, 16.582525373000067], [120.30045424700006, 16.582526610000055], [120.3008671540001, 16.582238], [120.30120534600007, 16.581581564000036], [120.30180793000012, 16.581327689000037], [120.30262068700009, 16.581375381000047], [120.303080496, 16.58104584500006], [120.30362598300007, 16.580871419000058], [120.30390433500008, 16.580955854000024], [120.30406668700006, 16.58092128100003], [120.30439543600004, 16.581092676000026], [120.30469525500008, 16.581159466000035], [120.30483948200003, 16.58110626200005], [120.30520780800008, 16.580847967000064], [120.30551213800004, 16.58071301100006], [120.30572562400006, 16.580739130000044], [120.30610389400012, 16.580590435000033], [120.30691044900004, 16.580071691000054], [120.30725565600004, 16.57988884400004], [120.30762205900008, 16.579752433000067], [120.30783750600006, 16.579901072000048], [120.30788340100004, 16.58022453700005], [120.30798762800008, 16.580380527000045], [120.30793640200012, 16.580549194000067], [120.30799085100011, 16.581027452000058], [120.30797372300002, 16.581257335000032], [120.30816075100005, 16.581480132000024], [120.30857626500008, 16.58162158700003], [120.30977366400008, 16.581630461000035], [120.31030317200008, 16.58171205900004], [120.31104802500008, 16.58176924600002], [120.3112454830001, 16.581753871000046], [120.31139831500003, 16.58220121400006], [120.31153749600004, 16.58204322800003], [120.312307303, 16.58173263600003], [120.31271515800006, 16.581518643000035], [120.31335805500012, 16.58111062100005], [120.314301504, 16.58030913100004], [120.31443239500004, 16.580240525000026], [120.31486560000008, 16.57977764000003], [120.31516999100006, 16.57936257400007], [120.31540491500006, 16.579100592000028], [120.3163739370001, 16.578581835000023], [120.316837619, 16.578258538000057], [120.31701334500008, 16.578085910000024], [120.31788288000006, 16.577559376000067], [120.31871131900006, 16.57692374300007], [120.31887331300004, 16.576760332000045], [120.31932872500008, 16.57617472800007], [120.31913103000012, 16.576481954000023], [120.31969647300002, 16.576467211000022], [120.32009648200004, 16.57608116700004], [120.32057463600005, 16.575505762000034], [120.32077319100009, 16.575363937000073], [120.32117030200004, 16.57526263300002], [120.32188303200007, 16.575263046000032], [120.32212494500004, 16.575196311000067], [120.32244733800007, 16.574950974000046], [120.32262097200012, 16.57469128000002], [120.32301808300008, 16.57427390800007], [120.32324846000004, 16.573696854000048], [120.32409481700005, 16.573683489000075], [120.32589685800008, 16.574308843000043], [120.3269246100001, 16.574584690000048], [120.32788396100013, 16.57454117000003], [120.328106692, 16.574675107000072], [120.32902282000008, 16.57243504400003], [120.33069924000006, 16.569797445000066], [120.33419576900008, 16.57007247400003], [120.34312562900004, 16.57030819600004], [120.34418316900006, 16.570347474000073], [120.3541351660001, 16.565666645000025], [120.36862686400002, 16.561095788000046], [120.3806197880001, 16.56124091600003], [120.38676487000008, 16.563021623000058], [120.390179191, 16.562903809000034], [120.39475422700002, 16.567022481000034], [120.39843298800008, 16.574253390000028], [120.40085867000003, 16.57726458100007], [120.40294977500004, 16.58052670600006], [120.4028661310001, 16.583621542000056], [120.40412079400004, 16.587469175000027], [120.40520816900003, 16.58847290600005], [120.40606226300008, 16.589507323000078], [120.4075744260001, 16.60260535100002], [120.40991628600013, 16.614634255000055], [120.4105406450001, 16.61730516600005], [120.41886364800008, 16.614440937000037], [120.42126157600002, 16.613236710000024], [120.4210332870001, 16.62013545100007], [120.42030452600012, 16.621965127000063], [120.42072490300006, 16.62231239400006], [120.42045074400004, 16.625255031000048], [120.41986587200007, 16.62708275600005], [120.41968310000004, 16.62840785600002], [120.4199298430001, 16.629065837000045], [120.42079049800007, 16.63007857000002], [120.42306439000004, 16.630811314000027], [120.42427068800008, 16.63117685900005], [120.42463623300011, 16.631560681000053], [120.42467278800008, 16.63220038400004], [120.42467278800008, 16.633863614000063], [120.42434379700002, 16.63470436700004], [120.42443518400012, 16.635508566000055], [120.42491039200002, 16.636276210000066], [120.42502005600012, 16.636861082000056], [120.42481900600002, 16.637464231000024], [120.42498350100006, 16.638085658000023], [120.42525766000009, 16.638542589000057], [120.42540387800013, 16.639218847000045], [120.4257145910001, 16.640333759000047], [120.4257145910001, 16.641083126000066], [120.4252211050001, 16.64174110700003], [120.42381469100006, 16.643496254000066]]]}','2025-10-03 19:24:59.000000','2025-10-03 19:24:59.000000',10),(103315000,'San Gabriel',121.0000,58.0000,'{\"type\": \"Polygon\", \"coordinates\": [[[120.5629930140001, 16.67841648000007], [120.53762835500004, 16.67531680500002], [120.52928300600004, 16.685554913000033], [120.51801248400012, 16.701299231000068], [120.5181845530001, 16.704310439000043], [120.51500127500005, 16.70448250800007], [120.51233420500012, 16.705084750000022], [120.50880679000012, 16.70654733700007], [120.50433299400004, 16.706375268000045], [120.50037540600012, 16.708009924000066], [120.49409488600008, 16.713085960000058], [120.47551528200005, 16.70911520100003], [120.47458554500008, 16.708921292000063], [120.46691884400002, 16.713103010000058], [120.46003513000004, 16.71681417400004], [120.455714144, 16.719157953000035], [120.45505035400004, 16.72001842200006], [120.4547326060001, 16.720704257000023], [120.4550911250001, 16.720890352000026], [120.4554558860001, 16.72123356400004], [120.45545581600004, 16.721738909000067], [120.4551176530001, 16.722440944000027], [120.45496120200004, 16.723064868000055], [120.45498071200008, 16.723295732000054], [120.45478526000012, 16.72334561500003], [120.45445886900006, 16.723172919000035], [120.45411356900004, 16.723141689000048], [120.45378125500008, 16.723347652000026], [120.45373560700013, 16.723653351000053], [120.453917959, 16.72405886900003], [120.45421113000008, 16.724252320000062], [120.454678316, 16.724362450000058], [120.45481509700004, 16.724618294000038], [120.45469124100008, 16.72498642700003], [120.45439801200008, 16.725273411000046], [120.45409830100004, 16.725441833000048], [120.4533035390001, 16.72554779000006], [120.45321881600012, 16.72574741900007], [120.45333450700002, 16.726432867000025], [120.45323024400012, 16.726751070000038], [120.45327579900004, 16.727000625000073], [120.45364710200012, 16.727131687000057], [120.45393378700012, 16.72715668300004], [120.45505334400004, 16.727092352000057], [120.45525531400006, 16.727192183000057], [120.45527480900012, 16.727472924000036], [120.45518354800002, 16.727635150000026], [120.45441453400008, 16.72815304800002], [120.45444706800004, 16.72840892100004], [120.45475978400007, 16.728714774000025], [120.455046496, 16.72884588800002], [120.45535278700004, 16.728914596000035], [120.45585304200009, 16.728962153000055], [120.45597681600007, 16.729280490000065], [120.45586597200008, 16.729661187000033], [120.45573560500009, 16.72985464400006], [120.45547488200008, 16.730079296000046], [120.454816627, 16.73007296700007], [120.454653709, 16.730185284000076], [120.45461058600004, 16.73076005100006], [120.45401078100008, 16.732158001000077], [120.45384128900002, 16.73234519200002], [120.45356758400008, 16.732357642000068], [120.45288999700009, 16.731390211000075], [120.45258387500007, 16.731140651000036], [120.45236235800007, 16.731140624000037], [120.45194513100012, 16.731358879000027], [120.45151596200004, 16.731741743000043], [120.45124867700008, 16.73234081600003], [120.4511834530001, 16.73265284500008], [120.45120298000008, 16.73289622700003], [120.45145064000008, 16.733289449000033], [120.45166575300004, 16.733420565000067], [120.45213513900002, 16.733551744000067], [120.45257823300008, 16.733745286000037], [120.45279889100004, 16.73411776700004], [120.45290286600004, 16.735022796000067], [120.45290272800004, 16.73530987500004], [120.45283751900004, 16.73558445900005], [120.452707153, 16.735790387000065], [120.4525050950001, 16.73596509500004], [120.45199039400006, 16.73624598900005], [120.45162546400005, 16.736327152000054], [120.45114315800004, 16.736302158000054], [120.4507715970001, 16.736351967000076], [120.4506151510001, 16.73643928600006], [120.45027747100006, 16.736799547000032], [120.44956695700012, 16.737323647000043], [120.449338871, 16.737529583000025], [120.44926715600002, 16.73772930400003], [120.44934965200002, 16.73913144400006], [120.44919975700007, 16.73949342300006], [120.44900425800004, 16.73963698700004], [120.44846321300008, 16.73993672400007], [120.44818868300004, 16.740021766000044], [120.44764093100002, 16.740271464000042], [120.44743227500012, 16.740546216000045], [120.44745180600012, 16.74074601700005], [120.44757563400005, 16.740939573000052], [120.44786898200006, 16.741108182000062], [120.4490072970001, 16.74146723800004], [120.44915074300005, 16.741592171000036], [120.44924851200008, 16.74187945800003], [120.44918318600004, 16.742291656000077], [120.44853090700008, 16.74342473800004], [120.44812648900006, 16.744061600000062], [120.44788280100012, 16.744584400000065], [120.44759572600002, 16.744902849000027], [120.44719798700012, 16.745171268000032], [120.4470088720001, 16.74520870300006], [120.44649372800008, 16.745077475000073], [120.44644809400006, 16.745002533000044], [120.44584084900008, 16.744742169000062], [120.4452148470001, 16.744723308000058], [120.44456924000008, 16.744779396000073], [120.4440736030001, 16.74497290900007], [120.44366270900002, 16.74528504300002], [120.44343447000006, 16.745566011000047], [120.44320352900002, 16.745989337000026], [120.44305345600004, 16.746395214000074], [120.44300118900004, 16.746857331000054], [120.44289118900008, 16.747406684000058], [120.44266284600008, 16.74781256700004], [120.44233674400004, 16.748099731000018], [120.44204967500004, 16.748262131000043], [120.44171049400008, 16.74871789900004], [120.44142119700008, 16.749332888000026], [120.441186269, 16.74957647900004], [120.44090579400006, 16.749695075000027], [120.44022743200004, 16.749819814000034], [120.43993389300007, 16.74984473000006], [120.43952288100002, 16.750013270000064], [120.439216244, 16.750363019000076], [120.43884954500004, 16.75106845400006], [120.43841902100009, 16.75136188200002], [120.43789063100007, 16.75150542600005], [120.43688234500009, 16.75173630200004], [120.43660182800012, 16.751861162000065], [120.43604733600012, 16.75201093900006], [120.435669006, 16.751923397000038], [120.43526860500003, 16.751448453000023], [120.43492941400008, 16.751223457000037], [120.43462278800008, 16.751154666000044], [120.43413345400006, 16.75119204700007], [120.43252805500003, 16.751732926000045], [120.4319602500001, 16.752045079000027], [120.43157516500004, 16.752301230000057], [120.43108367700007, 16.752758712000055], [120.43086468700008, 16.753073074000042], [120.43043343300008, 16.754101346000024], [120.43005001500002, 16.755149390000046], [120.42985151900008, 16.755444148000038], [120.42925610400005, 16.75613841400007], [120.42745744200012, 16.764202273000016], [120.42335976300002, 16.751377833000046], [120.41598349600008, 16.73347746800005], [120.40906482900006, 16.724113099000018], [120.40518465600007, 16.707803933000037], [120.40560523800004, 16.704251229000022], [120.40352158400005, 16.69439330000006], [120.40351498300004, 16.69416103900005], [120.40311342100006, 16.693431535000055], [120.40314484900011, 16.692501516000043], [120.40310682300004, 16.688968729000063], [120.40290006200006, 16.688346630000073], [120.40101442800004, 16.682552783000062], [120.39868975300011, 16.67569564200005], [120.39878116300008, 16.674915438000028], [120.39899563500002, 16.672892828000045], [120.3989945930001, 16.672681107000066], [120.399443517, 16.670982975000072], [120.40023489200009, 16.66926907000004], [120.400445578, 16.668858233000037], [120.40182737400004, 16.666006573000054], [120.40159871900006, 16.663170786000023], [120.401804254, 16.663129650000034], [120.40226000100006, 16.662837499000037], [120.40250864400002, 16.662498923000047], [120.40266206100011, 16.66219208700005], [120.40289921200008, 16.661452995000047], [120.40308170600008, 16.661059495000075], [120.40325279300008, 16.66081427000006], [120.40375464900002, 16.660363740000037], [120.40413104100004, 16.660209762000026], [120.40471273700008, 16.660055783000075], [120.40610424700004, 16.659890399000062], [120.40650915300012, 16.65987329000006], [120.407472944, 16.65971360900005], [120.40843673600013, 16.659474086000046], [120.40921233100003, 16.659211753000026], [120.41003355000008, 16.65896082500006], [120.41051829700008, 16.658875281000068], [120.41116842900009, 16.658823955000056], [120.41167028400002, 16.658823955000056], [120.41192121200002, 16.658903796000057], [120.41209230000004, 16.659103397000024], [120.41214932900006, 16.659371434000033], [120.41234322700008, 16.660614668000054], [120.41259415500008, 16.66115074100003], [120.4129021120001, 16.66153853900005], [120.41330701900006, 16.66184649600007], [120.41360357000006, 16.66201758300002], [120.41408261400012, 16.662188670000035], [120.41457306400002, 16.66228562000003], [120.41506921700012, 16.66230272900003], [120.41562810200004, 16.66228562000003], [120.41616987900012, 16.662200076000026], [120.41663181400008, 16.662068909000023], [120.41705953200004, 16.661869308000064], [120.4175727940001, 16.661584162000054], [120.41819441100006, 16.661179256000022], [120.41864494000004, 16.660808567000053], [120.41931788400008, 16.66042076900004], [120.41996801500012, 16.660141327000073], [120.42062955200004, 16.659964537000064], [120.4214735830001, 16.659690797000053], [120.42192981500013, 16.65966798500006], [120.42273392500012, 16.659553927000044], [120.42350381800009, 16.65952541300004], [120.42470142800003, 16.659405652000032], [120.42537437100007, 16.659365731000037], [120.42629824200004, 16.659382840000035], [120.42673166300004, 16.659177535000023], [120.427319063, 16.658704194000048], [120.42779810700006, 16.65844756300004], [120.42810606400008, 16.658441860000035], [120.42857370300013, 16.658618650000047], [120.42896331100006, 16.65884650000004], [120.42919810500008, 16.659175211000044], [120.42954246900004, 16.659284782000043], [120.43045033800004, 16.65947261700006], [120.43081035500006, 16.659363046000063], [120.43107645400003, 16.659049988000053], [120.43153038900005, 16.65865866500007], [120.43185910000012, 16.658314301000072], [120.4321095460001, 16.657672532000046], [120.43221911700005, 16.657265556000024], [120.43246956300004, 16.656780316000035], [120.43251652200004, 16.656404646000055], [120.43275131600002, 16.65598201700004], [120.43301741500012, 16.65574722400004], [120.43384702000004, 16.65565330600003], [120.43428530100005, 16.655528083000032], [120.43467662400008, 16.65546547100007], [120.43517751700006, 16.65548112400006], [120.4360071220001, 16.65574722400004], [120.43644540300008, 16.655590694000068], [120.43696194900008, 16.655449818000026], [120.43746284300003, 16.65535590100006], [120.43818287700005, 16.655058495000045], [120.43863681100004, 16.654933272000054], [120.43912205100004, 16.654635867000025], [120.43959163900004, 16.654213238000068], [120.43984208500002, 16.653884527000063], [120.44002992000004, 16.653461898000046], [120.44038993700008, 16.652961005000062], [120.44078126000012, 16.652554029000044], [120.4412195420001, 16.652319236000036], [120.44164217000004, 16.651927913000065], [120.44178304700009, 16.651380061000047], [120.44178304700009, 16.65097308500003], [120.44200218700009, 16.650268704000045], [120.44219002200008, 16.64976781100006], [120.44261265100012, 16.64956432300005], [120.44309789100012, 16.649611282000027], [120.44358313200009, 16.64957997600004], [120.44453795900004, 16.649016471000042], [120.44472579400008, 16.648609495000073], [120.44480405900003, 16.64820252000004], [120.44511711700012, 16.647967726000047], [120.44544582800005, 16.647842503000046], [120.44561801000008, 16.647545097000034], [120.44566496900008, 16.647247692000064], [120.446009333, 16.646981592000035], [120.4463223910001, 16.64659026900006], [120.44668240800004, 16.64607372300003], [120.44757462400004, 16.644586697000022], [120.44791898900009, 16.64411710900003], [120.44857641100008, 16.643428381000042], [120.44893642800002, 16.643350117000068], [120.4492807920001, 16.643412728000044], [120.44970342100008, 16.643365769000066], [120.450110396, 16.643037058000058], [120.45048606600004, 16.642802265000054], [120.45081477700012, 16.642677041000066], [120.451221753, 16.642426595000074], [120.45156611700008, 16.64266138800002], [120.45178525800009, 16.643052711000056], [120.45212962200002, 16.64339707500005], [120.45255225100004, 16.64344403400003], [120.45305314400002, 16.64339707500005], [120.45364795500008, 16.64328750500005], [120.45410188900009, 16.643099670000023], [120.45471235300012, 16.643115323000078], [120.45526020500006, 16.643334464000077], [120.45583936300012, 16.643428381000035], [120.45637156200009, 16.643788398000027], [120.45693506600004, 16.64386666300004], [120.45749857100007, 16.64388231600003], [120.458109035, 16.64386666300004], [120.45859427500012, 16.64407015100005], [120.45958040900008, 16.643819704000066], [120.46155267600012, 16.643130976000066], [120.46186573400009, 16.643130976000066], [120.46238228000004, 16.64297444700003], [120.46285186800004, 16.64275530600003], [120.46375973600004, 16.64269269400006], [120.46419801800003, 16.642770959000075], [120.46479282900007, 16.642520512000036], [120.465199804, 16.642270066000037], [120.4654659040001, 16.641878743000063], [120.46582592100005, 16.641518726000072], [120.46623289700004, 16.641252626000036], [120.46670248400004, 16.641111750000043], [120.46712511300008, 16.64117436200007], [120.46773557600012, 16.641769172000064], [120.468377346, 16.64205092500003], [120.46883128000005, 16.642207454000072], [120.46941043800004, 16.642301371000027], [120.46994263700005, 16.642301371000027], [120.47038091900004, 16.64223876000005], [120.47141401100008, 16.642238760000055], [120.47178968100005, 16.64228571800004], [120.472478409, 16.641910049000042], [120.47290103800005, 16.642019619000052], [120.4734332370001, 16.64284922300004], [120.47376194800007, 16.64316228200005], [120.47423153500006, 16.643068364000047], [120.47457589900011, 16.643287505000046], [120.47468547000004, 16.64369448100007], [120.47476373400004, 16.644211027000036], [120.47471677600004, 16.644664961000046], [120.47485765200008, 16.645071937000065], [120.47537419800004, 16.645306731000066], [120.47573421500012, 16.645666748000053], [120.47612553800002, 16.646151988000046], [120.47632902600004, 16.647310303000033], [120.4764072900001, 16.648233825000034], [120.47653251300004, 16.64849992500007], [120.47678296000004, 16.648609495000073], [120.47718993600006, 16.648468619000028], [120.47764387000008, 16.647952073000056], [120.47808215200008, 16.64760770900006], [120.4785047800001, 16.64723203900007], [120.47905263200006, 16.647106816000075], [120.4796161370001, 16.647263345000052], [120.480257907, 16.647341609000023], [120.48069618800004, 16.647310303000033], [120.48111881700002, 16.647044204000046], [120.4812283870001, 16.646746799000024], [120.48115012300002, 16.646261558000052], [120.481165776, 16.64580762400004], [120.48157275100004, 16.64533803600005], [120.48201103300006, 16.645056284000077], [120.48251192600004, 16.64488410200005], [120.48290324900007, 16.644602350000074], [120.48329457200008, 16.644367556000077], [120.4835293650001, 16.643976233000043], [120.48381111800008, 16.643725786000058], [120.484374623, 16.643647522000034], [120.48532945000012, 16.642990100000073], [120.48597122000002, 16.642880529000024], [120.48651907200008, 16.642817917000055], [120.4871921470001, 16.642410942000026], [120.48767738700008, 16.642176148000036], [120.48817828100006, 16.642003966000058], [120.48930529000006, 16.641941354000036], [120.48975922500009, 16.641753519000076], [120.49026011800004, 16.64164394900007], [120.49143408700002, 16.64159699000004], [120.49191932700012, 16.641596990000043], [120.49251413800005, 16.64165960200006], [120.49301503100004, 16.64191004900005], [120.49357853600009, 16.642144842000047], [120.49396985800004, 16.642066578000026], [120.49428291700006, 16.641925701000044], [120.494423793, 16.641503073000024], [120.49479946300004, 16.64115870900002], [120.49506556200004, 16.641236973000048], [120.49569167900005, 16.641565684000057], [120.49664650700004, 16.641205667000065], [120.49708478800008, 16.64120566700006], [120.49764829300013, 16.64167525500005], [120.49786743400011, 16.641894396000055], [120.49829006200002, 16.64200396600006], [120.49882226100009, 16.641894396000055], [120.49911966700006, 16.64167525500005], [120.49969882500012, 16.641643949000073], [120.50010580000004, 16.641471767000045], [120.5004032060001, 16.641064791000076], [120.50095105800008, 16.64010996400003], [120.5013580330001, 16.639734294000053], [120.50193719100002, 16.639609070000063], [120.50248504300008, 16.639577764000023], [120.50328334200002, 16.639593417000068], [120.50373727600004, 16.639530806000042], [120.50403468100002, 16.63956211200001], [120.5043164340001, 16.63978125200003], [120.5047703680001, 16.63981255800007], [120.5063669650001, 16.639640376000045], [120.50689916500004, 16.639859517000048], [120.507212223, 16.640313451000047], [120.50738440500004, 16.640673468000045], [120.50771311600008, 16.641033485000033], [120.50786964500004, 16.641456114000047], [120.50807313300004, 16.641706561000035], [120.50835488500002, 16.641722214000026], [120.5086366380001, 16.64155003200005], [120.50893404300008, 16.641769172000068], [120.50918449000008, 16.64211353600007], [120.5093566720001, 16.642426595000074], [120.5097949530001, 16.642583124000055], [120.51020192900012, 16.642677041000074], [120.51065586400011, 16.642927488000055], [120.51098457500008, 16.64281791700006], [120.5113915510001, 16.64259877700005], [120.51189244400008, 16.642598777000046], [120.512690742, 16.642911835000064], [120.51303510600007, 16.642833570000047], [120.513849058, 16.642896182000072], [120.51417776900009, 16.64273965300004], [120.51442821600006, 16.642927488000055], [120.51463170400008, 16.64335011700007], [120.51460039800008, 16.64380405100007], [120.51485084400008, 16.64414841500007], [120.51517955500005, 16.644414515000047], [120.51552392000008, 16.644508432000066], [120.51569610200008, 16.644727573000065], [120.51637354700006, 16.64610007600004], [120.51871587900008, 16.647287738000045], [120.51908977300002, 16.646737894000072], [120.52210857800004, 16.64363447800002], [120.52210857800004, 16.643258808000038], [120.52224423700012, 16.643133585000044], [120.522285978, 16.642935314000056], [120.52226510700008, 16.642590950000056], [120.52244250700004, 16.642017010000075], [120.52298514100004, 16.642142233000065], [120.52331907000008, 16.642110928000022], [120.52363212800005, 16.642027445000053], [120.52540645200008, 16.641698564000023], [120.52681392600005, 16.64111901600006], [120.52867675900008, 16.64024969400003], [120.53012562900004, 16.639711542000047], [120.53132612100002, 16.639463164000066], [120.53265080200003, 16.638925012000065], [120.53438944600008, 16.638800824000043], [120.53616948600003, 16.63880082400004], [120.5382393010001, 16.638966409000034], [120.53972956700012, 16.63896640900003], [120.54035051100004, 16.638593842000034], [120.541219833, 16.638014294000072], [120.54155099700006, 16.63821171300003], [120.5556526920001, 16.657592543000078], [120.5650648840001, 16.669766382000034], [120.56451876900007, 16.67006977900008], [120.5640737870001, 16.670696800000034], [120.56370971100012, 16.671505859000035], [120.56324450200007, 16.672395823000038], [120.56298155800005, 16.672982391000062], [120.56286019900004, 16.67447914900003], [120.56298155800005, 16.67490390500007], [120.56283997200002, 16.675328661000034], [120.56277929300003, 16.676137720000042], [120.56277929300003, 16.676704061000063], [120.56271861400012, 16.677654705000062], [120.5629930140001, 16.67841648000007]]]}','2025-10-03 19:24:59.000000','2025-10-03 19:24:59.000000',15),(103316000,'San Juan',50.0000,36.0000,'{\"type\": \"Polygon\", \"coordinates\": [[[120.42857370300013, 16.658618650000047], [120.42810606400008, 16.658441860000035], [120.42779810700006, 16.65844756300004], [120.427319063, 16.658704194000048], [120.42673166300004, 16.659177535000023], [120.42629824200004, 16.659382840000035], [120.42537437100007, 16.659365731000037], [120.42470142800003, 16.659405652000032], [120.42350381800009, 16.65952541300004], [120.42273392500012, 16.659553927000044], [120.42192981500013, 16.65966798500006], [120.4214735830001, 16.659690797000053], [120.42062955200004, 16.659964537000064], [120.41996801500012, 16.660141327000073], [120.41931788400008, 16.66042076900004], [120.41864494000004, 16.660808567000053], [120.41819441100006, 16.661179256000022], [120.4175727940001, 16.661584162000054], [120.41705953200004, 16.661869308000064], [120.41663181400008, 16.662068909000023], [120.41616987900012, 16.662200076000026], [120.41562810200004, 16.66228562000003], [120.41506921700012, 16.66230272900003], [120.41457306400002, 16.66228562000003], [120.41408261400012, 16.662188670000035], [120.41360357000006, 16.66201758300002], [120.41330701900006, 16.66184649600007], [120.4129021120001, 16.66153853900005], [120.41259415500008, 16.66115074100003], [120.41234322700008, 16.660614668000054], [120.41214932900006, 16.659371434000033], [120.41209230000004, 16.659103397000024], [120.41192121200002, 16.658903796000057], [120.41167028400002, 16.658823955000056], [120.41116842900009, 16.658823955000056], [120.41051829700008, 16.658875281000068], [120.41003355000008, 16.65896082500006], [120.40921233100003, 16.659211753000026], [120.40843673600013, 16.659474086000046], [120.407472944, 16.65971360900005], [120.40650915300012, 16.65987329000006], [120.40610424700004, 16.659890399000062], [120.40471273700008, 16.660055783000075], [120.40413104100004, 16.660209762000026], [120.40375464900002, 16.660363740000037], [120.40325279300008, 16.66081427000006], [120.40308170600008, 16.661059495000075], [120.40289921200008, 16.661452995000047], [120.40266206100011, 16.66219208700005], [120.40250864400002, 16.662498923000047], [120.40226000100006, 16.662837499000037], [120.401804254, 16.663129650000034], [120.40159871900006, 16.663170786000023], [120.40182737400004, 16.666006573000054], [120.400445578, 16.668858233000037], [120.40023489200009, 16.66926907000004], [120.399443517, 16.670982975000072], [120.3989945930001, 16.672681107000066], [120.39899563500002, 16.672892828000045], [120.39878116300008, 16.674915438000028], [120.39868975300011, 16.67569564200005], [120.40101442800004, 16.682552783000062], [120.40290006200006, 16.688346630000073], [120.40310682300004, 16.688968729000063], [120.40314484900011, 16.692501516000043], [120.40311342100006, 16.693431535000055], [120.40351498300004, 16.69416103900005], [120.40352158400005, 16.69439330000006], [120.40560523800004, 16.704251229000022], [120.40031899900008, 16.702651541000023], [120.39888845000006, 16.70248519800003], [120.3975244380001, 16.70271807800003], [120.39568850600006, 16.702912731000026], [120.39376334800008, 16.702648022000066], [120.39296922000008, 16.70214266800002], [120.39227135000012, 16.701324475000035], [120.39154941500011, 16.70098757200003], [120.39056277100006, 16.70062660500002], [120.38950393400012, 16.70079505700005], [120.388276646, 16.701204153000052], [120.38726593700004, 16.70115602400006], [120.3865199390001, 16.700843185000053], [120.3856536170001, 16.700145316000032], [120.38433007100002, 16.699519639000073], [120.382116138, 16.69918273600006], [120.3810813660001, 16.69937525200004], [120.38040756000008, 16.699543703000078], [120.37968562600008, 16.70000092900006], [120.3792284010001, 16.700097187000043], [120.37697218200005, 16.700462808000054], [120.37578351800006, 16.70023720000006], [120.37459231000004, 16.700062465000027], [120.37410691500008, 16.700028728000063], [120.3736859490001, 16.699196819000065], [120.37344947800013, 16.69897961500004], [120.37331152300008, 16.69876948000006], [120.37267867700008, 16.698409148000053], [120.37195613300004, 16.698318829000065], [120.370358312, 16.69842504700006], [120.368504056, 16.698715714000055], [120.36717099700004, 16.698996358000045], [120.36616869700003, 16.699427348000032], [120.36558131400012, 16.699648315000047], [120.36456212800007, 16.69996563100005], [120.36392067400004, 16.70044672100005], [120.36270298800002, 16.700862293000057], [120.36171004700007, 16.700394010000025], [120.36112592600011, 16.700079019000043], [120.35961194700008, 16.69973206600002], [120.357963906, 16.69930642100007], [120.3539012330001, 16.699469222000058], [120.350540935, 16.69976917500003], [120.34959886600006, 16.699328262000048], [120.34950897800002, 16.699097124000048], [120.34932920400004, 16.698840303000058], [120.34836882400008, 16.698633439000048], [120.34661645100006, 16.69881225200004], [120.34454221500005, 16.698716885000067], [120.34342165100009, 16.698542045000064], [120.33967054100002, 16.69866920200008], [120.33940033400006, 16.699161932000035], [120.33885720500008, 16.699672751000033], [120.33657368100012, 16.70034518500006], [120.33590881900012, 16.70058480800003], [120.33565977400008, 16.700155225000053], [120.33534273400006, 16.69951476300002], [120.33529016400009, 16.699244247000024], [120.33509332500012, 16.69886950500006], [120.33474581500002, 16.698037731000053], [120.33446438400006, 16.697568534000027], [120.33440331200008, 16.697354265000058], [120.33422153000004, 16.697120462000044], [120.33407792900006, 16.696449148000056], [120.33413244300004, 16.69602296700004], [120.33430797900007, 16.69564497900006], [120.334385848, 16.695593148000054], [120.33482425500009, 16.695804878000043], [120.33500139100012, 16.695505407000045], [120.33504874100004, 16.695318520000054], [120.33555424300005, 16.694324005000055], [120.33608060800007, 16.693710211000052], [120.33635297400008, 16.69323820100004], [120.33673683000006, 16.69279546000007], [120.3368754060001, 16.69258687000007], [120.33723437300011, 16.69226507300004], [120.33747453, 16.69194490300004], [120.3376460410001, 16.691620944000018], [120.33773903800012, 16.691172131000027], [120.33776186900003, 16.690694506000057], [120.3379745960001, 16.690233218000063], [120.33833144100004, 16.68908885600007], [120.33830442800004, 16.688497857000073], [120.33819916100003, 16.687937671000043], [120.33819654900005, 16.687596393000035], [120.33813129500004, 16.68733482400006], [120.33815057100004, 16.686630670000053], [120.3380633180001, 16.68631028200002], [120.33784015600008, 16.685761065000065], [120.33770795400008, 16.685559714000018], [120.33766300600008, 16.685117600000066], [120.33745445200007, 16.684680164000035], [120.3371834410001, 16.684328116000074], [120.33711685500008, 16.683882777000065], [120.3370071280001, 16.683673827000064], [120.3369185570001, 16.68317867700005], [120.33701288800012, 16.68246874500005], [120.33685687900004, 16.681960377000053], [120.33660530200008, 16.681528709000077], [120.33669292400008, 16.681211398000073], [120.33654885200008, 16.680443798000056], [120.3363752800001, 16.68005790900002], [120.33627394700012, 16.679317012000073], [120.3360453770001, 16.67889999600004], [120.3358692490001, 16.678235929000035], [120.33551418700009, 16.677494285000027], [120.33525578700004, 16.67663832700003], [120.33518993800013, 16.67627170800006], [120.33498286500004, 16.67585449900002], [120.33496881000008, 16.675630973000064], [120.334631864, 16.67476136600004], [120.33429423600012, 16.67424655300004], [120.33419660800008, 16.67399399300007], [120.33394908500009, 16.673660091000045], [120.333753451, 16.673314604000044], [120.33363979400008, 16.673018207000045], [120.33347075400005, 16.672790439000043], [120.33340508800006, 16.67245290900007], [120.333293957, 16.67226418100006], [120.33303404200002, 16.67198814800003], [120.33288788100003, 16.671683126000058], [120.33250059400008, 16.671132731000053], [120.33197900400012, 16.67055295700004], [120.33183883100004, 16.67033882400005], [120.33154332700006, 16.67009807200003], [120.33114824100004, 16.669555581000054], [120.33107247400008, 16.669377741000066], [120.33031877900008, 16.668399468000075], [120.32986349800002, 16.66798726300004], [120.3297990960001, 16.667877172000033], [120.3289310450001, 16.666977332000044], [120.32856591600012, 16.666695579000077], [120.32842448500004, 16.666523786000024], [120.32799477000005, 16.66584159400002], [120.32734900800006, 16.665251352000034], [120.32707390100008, 16.665099844000054], [120.32635396800003, 16.664492926000037], [120.32601845800002, 16.664318394000073], [120.32544708600004, 16.663836494000066], [120.32503639600009, 16.66343171300002], [120.32470693200004, 16.663201292000046], [120.32404808800004, 16.662960595000072], [120.32386194300013, 16.662834337000042], [120.3232855650001, 16.66264020400007], [120.32254246600009, 16.662255687000027], [120.32205721200012, 16.661780317000026], [120.32179530100004, 16.661450471000027], [120.32162446400004, 16.66085900400003], [120.32160141100007, 16.660626772000057], [120.32161021900004, 16.65989995800004], [120.32158551900012, 16.659679014000062], [120.32170908100012, 16.659371276000055], [120.321629228, 16.659032514000046], [120.32100078500004, 16.658367462000058], [120.32058238700006, 16.658026559000064], [120.3199651750001, 16.65759189100004], [120.31972952600005, 16.657557249000035], [120.3193572340001, 16.657690790000057], [120.3194396340001, 16.65727038800003], [120.31905952100011, 16.65674496900004], [120.3189524480001, 16.656727603000036], [120.31870755500007, 16.65624315400004], [120.31862686300008, 16.65583124800003], [120.31812450300004, 16.654967003000024], [120.31798831300011, 16.654611266000074], [120.3179705440001, 16.65436008300003], [120.31782245200009, 16.654012666000032], [120.32033337400004, 16.653008498000077], [120.32069218200004, 16.652939254000046], [120.32618911800012, 16.651756512000073], [120.3345695930001, 16.652289025000073], [120.3346251050001, 16.65147219800002], [120.33473283800004, 16.65044398900005], [120.33540196100012, 16.649491053000077], [120.33560423000004, 16.647835271000076], [120.33625023600004, 16.64749031600007], [120.33910295500004, 16.645686411000042], [120.34044631600013, 16.644621404000077], [120.34163815200009, 16.64429497200007], [120.3508144660001, 16.644626189000064], [120.3513866400001, 16.644608309000034], [120.35415253400004, 16.64425816000005], [120.36115199300002, 16.645365880000046], [120.37093702800009, 16.643908737000057], [120.37187533200007, 16.643996610000045], [120.3842536310001, 16.64513039600007], [120.3866917030001, 16.64478523300005], [120.38947315700013, 16.64417237000003], [120.39399891200004, 16.643465221000042], [120.396686079, 16.643276648000036], [120.39885467000012, 16.643088074000048], [120.40381424800012, 16.644174381000024], [120.407974952, 16.644000590000076], [120.41182247200004, 16.64388319600005], [120.42381469100006, 16.643496254000066], [120.42400849400008, 16.64344202500007], [120.4241066510001, 16.643594713000017], [120.42442293400003, 16.64373649500004], [120.42473921700004, 16.643671058000052], [120.42500096800008, 16.643496557000052], [120.4252190950001, 16.643540182000038], [120.42551356500007, 16.644107310000038], [120.42578120700011, 16.645316180000066], [120.42579534000002, 16.64576840900003], [120.4256893480001, 16.646188842000072], [120.42548796500012, 16.646573944000068], [120.4253537090001, 16.646729398000048], [120.424859082, 16.64706857100004], [120.42454817400008, 16.64721695900005], [120.4244315840001, 16.647330016000065], [120.42335047100003, 16.648771499000077], [120.42301483200002, 16.649449844000056], [120.42366310600003, 16.650012427000036], [120.42389997500004, 16.65024838100004], [120.42410487400002, 16.65053524000006], [120.42476055100008, 16.651641694000038], [120.42562112600002, 16.652707169000056], [120.42639974200004, 16.652912068000035], [120.42730129800007, 16.65364970400003], [120.42783403500005, 16.654428320000022], [120.42767011600006, 16.65549379500004], [120.427928, 16.656495288000027], [120.42815243600012, 16.656635561000034], [120.42825904400004, 16.657247150000046], [120.42846103700003, 16.657898016000047], [120.42857370300013, 16.658618650000047]]]}','2025-10-03 19:24:59.000000','2025-10-03 19:24:59.000000',16),(103317000,'Santo Tomas',41.0000,44.0000,'{\"type\": \"Polygon\", \"coordinates\": [[[120.42354923900008, 16.293269069000075], [120.42057980200003, 16.303803391000027], [120.41805878300012, 16.30337918100002], [120.41312597100011, 16.302494638000038], [120.40073703000006, 16.29937052000003], [120.3944948510001, 16.29838321200003], [120.39193864600009, 16.298453091000056], [120.38933733800005, 16.29885910700006], [120.38711582300006, 16.29918991100004], [120.38175881900008, 16.300043712000043], [120.37974432000011, 16.298597469000065], [120.37568781100003, 16.298302189000026], [120.37206055700004, 16.297965043000033], [120.37054471000012, 16.29738059800007], [120.3655186520001, 16.295553613000035], [120.36472028900003, 16.295254227000044], [120.3624735300001, 16.294495280000028], [120.35804341500013, 16.29113268400004], [120.35659601100008, 16.290044215000023], [120.34920794200004, 16.28510543400006], [120.34743923300005, 16.284406557000068], [120.34741308000002, 16.28409228900005], [120.34746387200003, 16.28376804500004], [120.34764295500008, 16.283411423000075], [120.34770261200003, 16.282931927000046], [120.34758982700008, 16.28288099400004], [120.34787008400008, 16.282555712000033], [120.34790061800004, 16.28190458400007], [120.34807732300013, 16.281859991000033], [120.34829289300002, 16.281512915000068], [120.34833838400006, 16.281173483000032], [120.34850096500008, 16.28115292900003], [120.34869332800008, 16.280941175000066], [120.34885506300007, 16.280544109000058], [120.34919004500011, 16.28022886100007], [120.34937742000012, 16.279931140000027], [120.3496328110001, 16.279783058000078], [120.34994616900008, 16.27924063500007], [120.35014352400002, 16.279196038000066], [120.35047944800012, 16.27857091700002], [120.3506552450001, 16.27854065000003], [120.35098028400012, 16.278346391000067], [120.3510648350001, 16.27809166300006], [120.35115770600012, 16.27806458900005], [120.35158029600008, 16.27758419500003], [120.35149404000003, 16.277461622000033], [120.3519069780001, 16.277297600000054], [120.35228067700008, 16.27692333200002], [120.35249793900005, 16.276937635000017], [120.35261567700002, 16.27684051000005], [120.35296478500004, 16.27673709000004], [120.35329624000008, 16.27646521600008], [120.35355037500004, 16.27612319700006], [120.35401174800003, 16.27577455300008], [120.35456936100005, 16.27483217700006], [120.35484251300012, 16.274565104000033], [120.35546046700006, 16.27423242800006], [120.35563534000006, 16.274013339000078], [120.35592225900008, 16.273247419000025], [120.35610544600002, 16.27293740600004], [120.35634522500004, 16.272337741000054], [120.35648844200011, 16.272083477000024], [120.35674981300006, 16.27144725000005], [120.35686773000008, 16.271071208000016], [120.35699429000012, 16.270832937000026], [120.35715078400004, 16.27027166000005], [120.35725569300008, 16.270063772000068], [120.35768299400002, 16.268910023000046], [120.35796457000004, 16.26809427600005], [120.35843629500005, 16.266989799000044], [120.35865715900005, 16.266327064000052], [120.35886133500004, 16.265865482000038], [120.35909585800005, 16.26495443700003], [120.35920928200008, 16.264366703000064], [120.35932229600007, 16.264120022000046], [120.35940715700008, 16.263638832000026], [120.3595913910001, 16.26309997100003], [120.35976696600008, 16.262720647000037], [120.3599644310001, 16.261896427000067], [120.36019345800004, 16.261433827000072], [120.36052886000004, 16.261208993000025], [120.36068658600004, 16.261038390000067], [120.36093810800004, 16.26049824000006], [120.36118535900005, 16.259543287000042], [120.36135322900007, 16.259065832000033], [120.36184300800004, 16.258560395000075], [120.36212855700002, 16.25818890200003], [120.36272842300002, 16.257560393000066], [120.36301565800012, 16.25732759300007], [120.36325472200006, 16.257032627000058], [120.36340747400006, 16.25692578900003], [120.36389817400004, 16.256909966000023], [120.3643249060001, 16.25674249900004], [120.36468524800011, 16.256734461000065], [120.365005687, 16.256480927000037], [120.365695038, 16.255797491000067], [120.36610178500008, 16.255368581000024], [120.36644680200006, 16.255197160000026], [120.36673741500012, 16.255264057000034], [120.36698315100011, 16.255139663000023], [120.367272006, 16.254766570000072], [120.36759742100004, 16.254525784000066], [120.36796103500002, 16.25431049700006], [120.368034652, 16.25404616700007], [120.36830360200008, 16.253770320000058], [120.36852770900008, 16.253472164000073], [120.36905400700005, 16.25306235200003], [120.36928979300002, 16.25269123700002], [120.36952553700009, 16.252463222000074], [120.369844337, 16.25236591000004], [120.37041826300003, 16.251824], [120.37097795000012, 16.251335698000048], [120.37116884300008, 16.25105348800002], [120.37131654000008, 16.250677232000044], [120.37162364700008, 16.25030412600006], [120.37176346500006, 16.24994995700007], [120.37227808600004, 16.249383912000038], [120.3723876360001, 16.24920374500005], [120.372365854, 16.24789234000002], [120.37240898700009, 16.247726536000073], [120.37286278400008, 16.247117614000047], [120.37296898400004, 16.246829045000027], [120.37304193600004, 16.246385849000035], [120.37317797100002, 16.246026], [120.37324098700005, 16.245694397000026], [120.37326909700003, 16.245214545000067], [120.37325902200008, 16.244761802000028], [120.373322045, 16.244460488000076], [120.37331492800004, 16.244210776000045], [120.3734492210001, 16.24338336900007], [120.37366988400004, 16.242787852000042], [120.37374861100012, 16.242279991000032], [120.37382563500012, 16.242018865000034], [120.37407897600008, 16.241578384000032], [120.37410807000003, 16.24138115700004], [120.37434257400004, 16.240846994000037], [120.37472736800012, 16.240101511000034], [120.37513305500008, 16.23957884600003], [120.375446312, 16.23931586400005], [120.37597141400008, 16.238736399000057], [120.37629322400004, 16.238415892000038], [120.37667886800013, 16.238175200000057], [120.37712221400012, 16.237787300000036], [120.37802776500008, 16.237389807000053], [120.37869708500013, 16.237296088000043], [120.37908567500006, 16.237333866000025], [120.37999060000004, 16.23759386600005], [120.38036892500008, 16.23774011700004], [120.38087393700005, 16.237994835000052], [120.38264898400008, 16.239066047000055], [120.38291263500004, 16.239383232000016], [120.383070157, 16.23974808800006], [120.38313182000005, 16.24017212100006], [120.38307193800006, 16.240571013000018], [120.38297438100008, 16.240792900000034], [120.38281176400008, 16.24091289200004], [120.3823820870001, 16.24091949900003], [120.38189248700006, 16.24085708000007], [120.38134806200004, 16.24093855000006], [120.38101767000002, 16.240922138000027], [120.38084135700002, 16.241048704000036], [120.38060173000008, 16.241526993000036], [120.38056751200008, 16.241798181000032], [120.38034336500004, 16.24252352200006], [120.380081451, 16.242620509000066], [120.38000098000008, 16.242434792000033], [120.37978014100008, 16.24234276800007], [120.37959698000007, 16.242492343000038], [120.37907315500004, 16.242633720000075], [120.37865375900002, 16.242880277000044], [120.37883181300003, 16.243159670000065], [120.37878219000004, 16.243519612000057], [120.378616135, 16.24350154300004], [120.37828915200012, 16.243325701000057], [120.37813679500005, 16.24336680000005], [120.37803236200013, 16.24324353900005], [120.37782858900006, 16.243218562000035], [120.37761974600006, 16.243351701000048], [120.37735098000006, 16.243355002000047], [120.37726881900008, 16.24351278700004], [120.37702059200002, 16.24345527500003], [120.37702572, 16.243313930000056], [120.37645396000003, 16.24354898500007], [120.37608591800009, 16.243922089000023], [120.37589281600005, 16.244063816000047], [120.37540664600012, 16.244236410000042], [120.3754015180001, 16.244407340000063], [120.37518924900009, 16.24452404000004], [120.374893089, 16.244471459000067], [120.37445827700004, 16.244721296000023], [120.37423242700004, 16.245070901000076], [120.37409739600004, 16.245405549000054], [120.37388616300008, 16.24563281500002], [120.37384185300004, 16.24581268200006], [120.37362551400008, 16.246015418000066], [120.37371405600004, 16.24618549300004], [120.373621683, 16.246662573000037], [120.37343089600006, 16.246837514000045], [120.37306461600008, 16.24739343500005], [120.37292148100006, 16.247798949000074], [120.372995, 16.248079457000063], [120.37318912100012, 16.248395080000023], [120.37319932100002, 16.248525898000022], [120.37275805, 16.249369607000066], [120.37254850400008, 16.249663680000026], [120.37246841300008, 16.249910586000055], [120.37245983300012, 16.250322658000073], [120.3723661140001, 16.250571198000042], [120.3722179, 16.25074614500005], [120.37205430800007, 16.251132535000064], [120.37178517600012, 16.25122897400007], [120.37174257200002, 16.25136959500003], [120.3713814250001, 16.251704760000052], [120.37137968500008, 16.251932055000054], [120.37151076400006, 16.252386664000028], [120.37141254300002, 16.252616404000037], [120.37125412400007, 16.252701412000025], [120.37077718800003, 16.252812535000036], [120.37060173300004, 16.25291879700006], [120.37042965800003, 16.253172229000025], [120.37041428700005, 16.25342078000005], [120.37025755600008, 16.253581009000072], [120.3697744010001, 16.25385336400006], [120.36947115000008, 16.254231051000033], [120.36928713600004, 16.25455643000003], [120.36927856600003, 16.25486548500004], [120.36967675000004, 16.254795435000055], [120.36985696500004, 16.25467466000003], [120.37012683300009, 16.254744609000053], [120.37052678500004, 16.25499195300006], [120.37051139800008, 16.25533534500005], [120.37021914700009, 16.25552682400007], [120.37019524800006, 16.255676815000072], [120.369764787, 16.25589754300006], [120.369805465, 16.256053766000036], [120.36959526800004, 16.256244158000072], [120.3694650440001, 16.25650140300007], [120.36945825800002, 16.25670969900005], [120.369573521, 16.256825241000058], [120.36976506600004, 16.25682687300002], [120.36974980500008, 16.25703842300004], [120.369126015, 16.256875677000036], [120.36943131300008, 16.25718660700005], [120.36913635900012, 16.257450224000024], [120.36919059700006, 16.25762434800004], [120.36899057300002, 16.257713845000072], [120.36885327300004, 16.25762433900007], [120.368585444, 16.25774963500004], [120.36855661700008, 16.258034415000054], [120.36832777000006, 16.25823457000007], [120.36836891500002, 16.258389527000077], [120.36806887300008, 16.25861408800006], [120.36802649000003, 16.25876054500003], [120.36778917400012, 16.258809357000075], [120.36752981600011, 16.258978589000037], [120.36743320100004, 16.258823990000053], [120.36718910500008, 16.258825609000045], [120.36725011900012, 16.259099], [120.36739080400002, 16.25932032000003], [120.36718716200004, 16.259342199000063], [120.36674641900004, 16.259685546000068], [120.3664938510001, 16.259584643000036], [120.36659212400004, 16.25995155200007], [120.36632284000008, 16.260228704000042], [120.36653980400004, 16.260511865000066], [120.36590344700004, 16.26096299200003], [120.36566920000008, 16.261256237000058], [120.36533519300008, 16.261516943000057], [120.36484530500002, 16.26138348100005], [120.36470237300011, 16.26171825600005], [120.36448707600005, 16.261999771000042], [120.3644116360001, 16.26237594300006], [120.364194655, 16.262418243000074], [120.3639573260001, 16.262595608000026], [120.36407427600012, 16.262869003000045], [120.36426582100012, 16.262974788000065], [120.36420832800002, 16.26357849800007], [120.36405575600008, 16.26372820300003], [120.36379639300004, 16.263827456000058], [120.363365754, 16.26425892400004], [120.36321656400004, 16.264533932000063], [120.36321993500007, 16.26485939500003], [120.36329281500002, 16.26505630400004], [120.36292326500008, 16.265145786000062], [120.36301759900005, 16.265436282000053], [120.36326507500009, 16.265742230000058], [120.36366876400008, 16.26616638000007], [120.36393151500012, 16.26617290300004], [120.36400542500007, 16.266347030000073], [120.364283429, 16.26642840900007], [120.36495938900008, 16.267083884000044], [120.36432896600002, 16.26792942300005], [120.3637468590001, 16.26867932600004], [120.3636351890001, 16.26900586500005], [120.36325638700008, 16.269649967000074], [120.36309295900004, 16.269859527000055], [120.36345218500004, 16.27057982300004], [120.36362701300004, 16.270522459000063], [120.3639194420001, 16.270562776000077], [120.36401473600006, 16.27073134500006], [120.36430621300008, 16.271005441000057], [120.3642981810001, 16.271224887000074], [120.36415318500008, 16.271380494000024], [120.3640053590001, 16.27180185500004], [120.36389501500004, 16.271629003000047], [120.36386348900012, 16.271380035000046], [120.36369502600007, 16.271383916000044], [120.36366525400004, 16.27207605800003], [120.36394118000008, 16.27219959000007], [120.36399435700002, 16.27263779900005], [120.3641043880001, 16.27264471600006], [120.36427427800004, 16.27288123800002], [120.36441865300002, 16.272568486000065], [120.36479386700012, 16.272390865000034], [120.36489130600012, 16.272221499000068], [120.364717906, 16.27198058100004], [120.36482230400009, 16.27181446900005], [120.364825547, 16.271597137000068], [120.3653372660001, 16.270961855000053], [120.36558115600008, 16.270996003000054], [120.36590624400004, 16.27117559100003], [120.36596275500006, 16.271279176000064], [120.3661920730001, 16.271245885000045], [120.36628094500009, 16.271353581000024], [120.3664615130001, 16.271293299000035], [120.36643561800008, 16.270879565000033], [120.36655775100007, 16.270268208000058], [120.36677322, 16.270253070000024], [120.36693114200013, 16.270556038000052], [120.36732456000006, 16.27073873100005], [120.3672930140001, 16.27102993600005], [120.36745122800006, 16.27125487200004], [120.36777434600005, 16.271381720000022], [120.3679081800001, 16.27154404000004], [120.36811730900004, 16.271569062000022], [120.36828960200012, 16.271423217000063], [120.368535156, 16.27137093200002], [120.36893213200008, 16.271018557000044], [120.36953478600005, 16.271103617000048], [120.3697532010001, 16.27124349500002], [120.36982838300004, 16.271410729000028], [120.36973266900009, 16.27164360000006], [120.36947127900012, 16.27194378900003], [120.36927725500004, 16.272259639000026], [120.36890083900003, 16.27272399900005], [120.36842196600004, 16.273184275000062], [120.36856731400007, 16.27329448000006], [120.36911964, 16.27302229100007], [120.36928681900008, 16.273278736000062], [120.36974202100008, 16.273222089000058], [120.369946894, 16.27333536300006], [120.36994853900002, 16.27359810400003], [120.37004196200006, 16.273668901000065], [120.37044064500004, 16.273719237000016], [120.37050620100004, 16.273602812000032], [120.37027346300012, 16.273429754000063], [120.370245597, 16.273281864000072], [120.37046193500008, 16.273052157000052], [120.37047996, 16.272918426000047], [120.370725803, 16.27280671500006], [120.3709412290001, 16.27295808000002], [120.37113370800012, 16.272963035000032], [120.37137603300005, 16.272788173000034], [120.37158070400008, 16.272893077000045], [120.37195707600006, 16.272700072000074], [120.37213064300012, 16.27295413400003], [120.372362629, 16.27357278300008], [120.3730677320001, 16.27342102800003], [120.373631132, 16.27332726700007], [120.37387110400005, 16.273325684000046], [120.37415576600009, 16.273003192000033], [120.37448344800008, 16.272983395000036], [120.37433470500002, 16.272513620000044], [120.37415946000012, 16.27233072700005], [120.37419036600012, 16.271620890000065], [120.37461443900008, 16.271592443000028], [120.3747002, 16.27177997200004], [120.37499084500008, 16.271842486000025], [120.37493617200003, 16.27142907600006], [120.37505370600002, 16.271139401000028], [120.37546823300012, 16.27113330900005], [120.37548094200008, 16.270924437000073], [120.37530624300004, 16.270578348000072], [120.37491984300004, 16.27013902400006], [120.37497219000012, 16.26991245700003], [120.375181836, 16.269973445000062], [120.37545819100002, 16.269811838000063], [120.37571707600011, 16.269476426000043], [120.3760156620001, 16.26936513300007], [120.37582861300008, 16.269019578000044], [120.3760636740001, 16.268603361000032], [120.376377346, 16.26840446400007], [120.37719209600004, 16.268363305000033], [120.37733979900008, 16.26828250100004], [120.37748432700003, 16.268024843000035], [120.37772465500008, 16.26799022600005], [120.37797508300004, 16.26773211800003], [120.37812368200004, 16.26769991100003], [120.37830401000008, 16.26738122100005], [120.37853825600006, 16.26733269600004], [120.37873906900006, 16.267082413000026], [120.379066007, 16.26683329100007], [120.37953449600003, 16.266734622000055], [120.37964908900008, 16.266749185000034], [120.37990530000002, 16.26660310100004], [120.37995629900004, 16.266445916000066], [120.38012003800009, 16.26632480500007], [120.38011735200008, 16.266123815000068], [120.37970491400006, 16.265774667000077], [120.38056943600009, 16.26509038400007], [120.38072966400011, 16.264717103000066], [120.38111633900007, 16.26452002000008], [120.38130254600004, 16.264270937000042], [120.38168934600004, 16.264427011000066], [120.3819692610001, 16.264198657000065], [120.38208912100004, 16.263864070000064], [120.38206783500006, 16.263694289000053], [120.3821408110001, 16.26335016400003], [120.38206295700004, 16.263257373000037], [120.38211058900004, 16.262858378000033], [120.38226383000006, 16.26274513300007], [120.382511442, 16.26274957600003], [120.38269765300004, 16.262520864000066], [120.38289666500008, 16.262177926000053], [120.38316951800005, 16.26230107500004], [120.383233657, 16.262164605000063], [120.38296996100009, 16.262006240000062], [120.38305819200004, 16.261821220000062], [120.38320255700012, 16.26179115200005], [120.38347423800008, 16.26142036900006], [120.38374595300004, 16.261147137000023], [120.38417521900011, 16.261012858000072], [120.3844456160001, 16.26040482500002], [120.3846158130001, 16.260392571000068], [120.38497901900008, 16.260233927000055], [120.3849458310001, 16.259905633000074], [120.38543859300012, 16.259744502000046], [120.38571041700004, 16.259771231000055], [120.3859359830001, 16.25969955900007], [120.38609349700003, 16.25973120600003], [120.38622819500004, 16.259887235000065], [120.38655077200008, 16.25977006000005], [120.38681494900004, 16.259728506000044], [120.38714509400008, 16.25948451500005], [120.387282206, 16.259321071000045], [120.38734816800002, 16.259101563000062], [120.38697226700005, 16.259267532000028], [120.38688475300012, 16.259069560000057], [120.38681092900003, 16.258674516000042], [120.38683542800004, 16.258268909000034], [120.38698524600012, 16.258117655000035], [120.38669044500011, 16.257795851000022], [120.38676652100004, 16.257456776000026], [120.38705603600012, 16.257259136000076], [120.38700765600002, 16.256968947000072], [120.38730483200004, 16.256873729000056], [120.38744222300012, 16.25695258400003], [120.38774956600004, 16.256871994000047], [120.38833140700002, 16.257161988000064], [120.38857652600008, 16.25717825800007], [120.38910122100005, 16.257345946000044], [120.38950445500006, 16.25732870300004], [120.3896938910001, 16.257068842000024], [120.3899068180001, 16.256976559000062], [120.39017405700008, 16.25694839600004], [120.39121272400008, 16.25704519100003], [120.39156811400004, 16.256969542000036], [120.39312582600007, 16.256911436000046], [120.39341016000004, 16.25676211800004], [120.39365936800006, 16.25669468700005], [120.39366438900004, 16.256580685000078], [120.39393032100008, 16.256540550000064], [120.39405241800011, 16.25644260800004], [120.39439996400004, 16.255957620000057], [120.39536015700004, 16.255228579000057], [120.395766438, 16.255527875000038], [120.39586951200012, 16.25542700400007], [120.39549031100012, 16.255139801000038], [120.39633327, 16.25422458900005], [120.39653907600008, 16.254027204000067], [120.39662604600004, 16.25411712200002], [120.397588379, 16.25348068600004], [120.39802912200004, 16.25315076800007], [120.3981668560001, 16.253309878000035], [120.39839203200006, 16.253152225000065], [120.39853594600004, 16.252856414000068], [120.39869084400004, 16.252811536000024], [120.39894480400008, 16.252520603000047], [120.39912257700009, 16.252231294000072], [120.39926455700004, 16.25168774400003], [120.39878546200008, 16.251358419000038], [120.39687907500002, 16.250091707000024], [120.39609107900002, 16.249607199000025], [120.39608431000012, 16.249537308000072], [120.39574938600003, 16.248886527000025], [120.39543959200012, 16.24837290300007], [120.3952855240001, 16.248556562000037], [120.39504004200012, 16.248563054000044], [120.394549071, 16.248681684000076], [120.39454739000008, 16.24842650300007], [120.39525167700003, 16.248255870000033], [120.3953278690001, 16.248068958000033], [120.395485312, 16.248143730000027], [120.39616986300008, 16.249425020000043], [120.39633746200003, 16.249615192000025], [120.39887777500006, 16.251270912000052], [120.39898865400004, 16.25116934400006], [120.39943899700006, 16.250964559000067], [120.3998185820001, 16.25069977500004], [120.400202905, 16.250270687000064], [120.40042638300008, 16.250098403000035], [120.40081519700006, 16.24970567900004], [120.40133064300004, 16.24905847800005], [120.40145423700008, 16.248640762000033], [120.40119182800002, 16.248340068000054], [120.40145086500002, 16.247447422000047], [120.40163202100008, 16.24660548900005], [120.40173529600008, 16.24633579300007], [120.40168620400006, 16.246005846000063], [120.4019045970001, 16.245830309000034], [120.40227150900012, 16.245275225000057], [120.4025271490001, 16.24481956300002], [120.402865743, 16.24408232900003], [120.40321506700002, 16.243239787000054], [120.40325569800008, 16.24305449700006], [120.40318629000002, 16.24239460200005], [120.40339048400006, 16.241841992000047], [120.40331260900008, 16.24173309300005], [120.40345481600002, 16.240959772000053], [120.40356485600012, 16.240774482000063], [120.40334477600004, 16.240690637000057], [120.40339387100006, 16.24036881600006], [120.40257280700006, 16.240216030000056], [120.40273871500008, 16.240090878000046], [120.40336495600002, 16.240214059000042], [120.40385725100008, 16.23904137100004], [120.40533150000007, 16.239065303000075], [120.40561171000002, 16.239359607000036], [120.40580318600009, 16.23945289100004], [120.40689189900004, 16.239764483000044], [120.40965715000006, 16.240153829000064], [120.41091820800013, 16.240320940000064], [120.42499433600004, 16.24066293400005], [120.43018068600009, 16.240770774000058], [120.432966512, 16.242066934000032], [120.43463327600011, 16.242754030000068], [120.43639171600012, 16.244157553000036], [120.4390768740001, 16.245284582000068], [120.43483756500008, 16.256617951000067], [120.43412054900011, 16.259134987000042], [120.43107594000004, 16.269719882000064], [120.42534566000006, 16.287323523000055], [120.42354923900008, 16.293269069000075]]]}','2025-10-03 19:24:59.000000','2025-10-03 19:24:59.000000',18),(103318000,'Santol',114.0000,55.0000,'{\"type\": \"Polygon\", \"coordinates\": [[[120.5429340300001, 16.76328141200003], [120.53891887300006, 16.76427650100004], [120.49057354700004, 16.801864505000026], [120.467384239, 16.812485928000058], [120.45621658900006, 16.812376827000033], [120.445249342, 16.822092211000047], [120.44217503400012, 16.815582645000063], [120.44176913500009, 16.81534051100004], [120.44194718400004, 16.814947321000037], [120.442021371, 16.814643154000066], [120.44200653300004, 16.814168358000074], [120.4418952530001, 16.81385677300005], [120.44172462300004, 16.813567444000057], [120.44146496900012, 16.812988786000062], [120.44115338400002, 16.812862668000037], [120.44090856700006, 16.81287008700002], [120.44076761200006, 16.812721713000023], [120.44070826200004, 16.812491734000048], [120.44078244900004, 16.812165311000054], [120.44136110700003, 16.811408605000054], [120.4416875300001, 16.810792853000066], [120.44178397300004, 16.81041450000004], [120.44176171700008, 16.809917447000036], [120.4415317370001, 16.80951683800003], [120.44124982700008, 16.80911622900004], [120.44122757100004, 16.808552408000025], [120.4413907820001, 16.808411453000076], [120.442095558, 16.808159217000025], [120.44252584200002, 16.807691840000075], [120.44279291500004, 16.80756572200005], [120.44338641000004, 16.807944075000023], [120.44396506800004, 16.80874529400006], [120.44392055600008, 16.809524257000078], [120.4440615110001, 16.80993228500006], [120.4444101900001, 16.81025870700006], [120.44522624600008, 16.81032547600006], [120.44556750600007, 16.81002130900003], [120.44576781, 16.809687468000046], [120.4458568350001, 16.809145903000054], [120.44588650900003, 16.808678526000055], [120.44562685500011, 16.807721515000022], [120.44567136700006, 16.80729864900007], [120.445834579, 16.806883202000055], [120.44584199700012, 16.80658645500006], [120.44556008700008, 16.806378731000052], [120.44510012800002, 16.806185845000073], [120.444758868, 16.805926191000022], [120.44432858400012, 16.805495907000022], [120.44336415400004, 16.804946924000035], [120.44290419500012, 16.80442761500006], [120.44257777300004, 16.80435342800007], [120.44227360600009, 16.804412778000028], [120.44208072000004, 16.80430891600002], [120.44165043600005, 16.803700583000023], [120.44147980600007, 16.803322230000052], [120.44126466400007, 16.802995808000045], [120.441234989, 16.802847434000054], [120.44136110700003, 16.802676804000047], [120.44154657500007, 16.80222426400007], [120.44147980600007, 16.801994284000045], [120.44090114800008, 16.801497232000024], [120.44068600600008, 16.801141135000023], [120.44055988800008, 16.80079987500005], [120.44058956300012, 16.800139611000077], [120.44068600600008, 16.799872538000045], [120.441012429, 16.79942741700006], [120.44170236700006, 16.799093576000075], [120.44251100500004, 16.79867071000007], [120.442815171, 16.79840363700004], [120.44210616800002, 16.795803996000075], [120.44037805500012, 16.790640410000034], [120.43919687900006, 16.787067040000068], [120.43902423700004, 16.78553484100007], [120.43712517400004, 16.78417528500006], [120.42847860400003, 16.768890468000052], [120.42745744200012, 16.764202273000016], [120.42925610400005, 16.75613841400007], [120.42985151900008, 16.755444148000038], [120.43005001500002, 16.755149390000046], [120.43043343300008, 16.754101346000024], [120.43086468700008, 16.753073074000042], [120.43108367700007, 16.752758712000055], [120.43157516500004, 16.752301230000057], [120.4319602500001, 16.752045079000027], [120.43252805500003, 16.751732926000045], [120.43413345400006, 16.75119204700007], [120.43462278800008, 16.751154666000044], [120.43492941400008, 16.751223457000037], [120.43526860500003, 16.751448453000023], [120.435669006, 16.751923397000038], [120.43604733600012, 16.75201093900006], [120.43660182800012, 16.751861162000065], [120.43688234500009, 16.75173630200004], [120.43789063100007, 16.75150542600005], [120.43841902100009, 16.75136188200002], [120.43884954500004, 16.75106845400006], [120.439216244, 16.750363019000076], [120.43952288100002, 16.750013270000064], [120.43993389300007, 16.74984473000006], [120.44022743200004, 16.749819814000034], [120.44090579400006, 16.749695075000027], [120.441186269, 16.74957647900004], [120.44142119700008, 16.749332888000026], [120.44171049400008, 16.74871789900004], [120.44204967500004, 16.748262131000043], [120.44233674400004, 16.748099731000018], [120.44266284600008, 16.74781256700004], [120.44289118900008, 16.747406684000058], [120.44300118900004, 16.746857331000054], [120.44305345600004, 16.746395214000074], [120.44320352900002, 16.745989337000026], [120.44343447000006, 16.745566011000047], [120.44366270900002, 16.74528504300002], [120.4440736030001, 16.74497290900007], [120.44456924000008, 16.744779396000073], [120.4452148470001, 16.744723308000058], [120.44584084900008, 16.744742169000062], [120.44644809400006, 16.745002533000044], [120.44649372800008, 16.745077475000073], [120.4470088720001, 16.74520870300006], [120.44719798700012, 16.745171268000032], [120.44759572600002, 16.744902849000027], [120.44788280100012, 16.744584400000065], [120.44812648900006, 16.744061600000062], [120.44853090700008, 16.74342473800004], [120.44918318600004, 16.742291656000077], [120.44924851200008, 16.74187945800003], [120.44915074300005, 16.741592171000036], [120.4490072970001, 16.74146723800004], [120.44786898200006, 16.741108182000062], [120.44757563400005, 16.740939573000052], [120.44745180600012, 16.74074601700005], [120.44743227500012, 16.740546216000045], [120.44764093100002, 16.740271464000042], [120.44818868300004, 16.740021766000044], [120.44846321300008, 16.73993672400007], [120.44900425800004, 16.73963698700004], [120.44919975700007, 16.73949342300006], [120.44934965200002, 16.73913144400006], [120.44926715600002, 16.73772930400003], [120.449338871, 16.737529583000025], [120.44956695700012, 16.737323647000043], [120.45027747100006, 16.736799547000032], [120.4506151510001, 16.73643928600006], [120.4507715970001, 16.736351967000076], [120.45114315800004, 16.736302158000054], [120.45162546400005, 16.736327152000054], [120.45199039400006, 16.73624598900005], [120.4525050950001, 16.73596509500004], [120.452707153, 16.735790387000065], [120.45283751900004, 16.73558445900005], [120.45290272800004, 16.73530987500004], [120.45290286600004, 16.735022796000067], [120.45279889100004, 16.73411776700004], [120.45257823300008, 16.733745286000037], [120.45213513900002, 16.733551744000067], [120.45166575300004, 16.733420565000067], [120.45145064000008, 16.733289449000033], [120.45120298000008, 16.73289622700003], [120.4511834530001, 16.73265284500008], [120.45124867700008, 16.73234081600003], [120.45151596200004, 16.731741743000043], [120.45194513100012, 16.731358879000027], [120.45236235800007, 16.731140624000037], [120.45258387500007, 16.731140651000036], [120.45288999700009, 16.731390211000075], [120.45356758400008, 16.732357642000068], [120.45384128900002, 16.73234519200002], [120.45401078100008, 16.732158001000077], [120.45461058600004, 16.73076005100006], [120.454653709, 16.730185284000076], [120.454816627, 16.73007296700007], [120.45547488200008, 16.730079296000046], [120.45573560500009, 16.72985464400006], [120.45586597200008, 16.729661187000033], [120.45597681600007, 16.729280490000065], [120.45585304200009, 16.728962153000055], [120.45535278700004, 16.728914596000035], [120.455046496, 16.72884588800002], [120.45475978400007, 16.728714774000025], [120.45444706800004, 16.72840892100004], [120.45441453400008, 16.72815304800002], [120.45518354800002, 16.727635150000026], [120.45527480900012, 16.727472924000036], [120.45525531400006, 16.727192183000057], [120.45505334400004, 16.727092352000057], [120.45393378700012, 16.72715668300004], [120.45364710200012, 16.727131687000057], [120.45327579900004, 16.727000625000073], [120.45323024400012, 16.726751070000038], [120.45333450700002, 16.726432867000025], [120.45321881600012, 16.72574741900007], [120.4533035390001, 16.72554779000006], [120.45409830100004, 16.725441833000048], [120.45439801200008, 16.725273411000046], [120.45469124100008, 16.72498642700003], [120.45481509700004, 16.724618294000038], [120.454678316, 16.724362450000058], [120.45421113000008, 16.724252320000062], [120.453917959, 16.72405886900003], [120.45373560700013, 16.723653351000053], [120.45378125500008, 16.723347652000026], [120.45411356900004, 16.723141689000048], [120.45445886900006, 16.723172919000035], [120.45478526000012, 16.72334561500003], [120.45498071200008, 16.723295732000054], [120.45496120200004, 16.723064868000055], [120.4551176530001, 16.722440944000027], [120.45545581600004, 16.721738909000067], [120.4554558860001, 16.72123356400004], [120.4550911250001, 16.720890352000026], [120.4547326060001, 16.720704257000023], [120.45505035400004, 16.72001842200006], [120.455714144, 16.719157953000035], [120.46003513000004, 16.71681417400004], [120.46691884400002, 16.713103010000058], [120.47458554500008, 16.708921292000063], [120.47551528200005, 16.70911520100003], [120.49409488600008, 16.713085960000058], [120.50037540600012, 16.708009924000066], [120.50433299400004, 16.706375268000045], [120.50880679000012, 16.70654733700007], [120.51233420500012, 16.705084750000022], [120.51500127500005, 16.70448250800007], [120.5181845530001, 16.704310439000043], [120.51801248400012, 16.701299231000068], [120.52928300600004, 16.685554913000033], [120.53762835500004, 16.67531680500002], [120.5629930140001, 16.67841648000007], [120.56308981200004, 16.678726462000046], [120.56349630300008, 16.679414371000057], [120.56396533200008, 16.67993030200006], [120.56452034900006, 16.680250805000068], [120.56487212000002, 16.680508771000063], [120.56495810900005, 16.680719834000058], [120.56526297700007, 16.681079422000042], [120.56536460000004, 16.681298302000073], [120.56506754900012, 16.68176733100006], [120.56474704600012, 16.682361434000033], [120.5647001430001, 16.682986805000045], [120.56489557200008, 16.683221319000044], [120.56493465700012, 16.683408931000024], [120.56481655800006, 16.683887112000036], [120.56473922900012, 16.68440952500004], [120.56458288600004, 16.684761296000033], [120.56438745700008, 16.685027079000065], [120.56387152600009, 16.68552737600004], [120.56357447400002, 16.685886965000066], [120.56330869200008, 16.686293456000044], [120.56298818900008, 16.686473251000052], [120.56240972000012, 16.68709080500003], [120.5621830230001, 16.687403491000055], [120.56183906900004, 16.688138302000024], [120.56164364000006, 16.688435354000035], [120.5611667940001, 16.688732405000053], [120.56076030300004, 16.689170165000068], [120.56057269200004, 16.689248336000045], [120.56053360600004, 16.689459399000043], [120.56060838000008, 16.68963828900007], [120.55950174300006, 16.690499079000062], [120.55925941100008, 16.690655422000077], [120.55909525100004, 16.690952474000028], [120.5587434800001, 16.691132268000043], [120.5585480510001, 16.691437136000047], [120.558219731, 16.691702919000022], [120.55786796000008, 16.69169510200004], [120.55664848600009, 16.692281388000026], [120.55619509100008, 16.69246118200005], [120.55570261100002, 16.69255498800004], [120.55526485100006, 16.692758234000056], [120.55495998300012, 16.69294584500005], [120.55461602900006, 16.693235079000026], [120.5539437540001, 16.69321944500006], [120.55350599400003, 16.69326634800006], [120.55260702300008, 16.693547765000062], [120.55230997100011, 16.693696291000034], [120.55188002900005, 16.69384481700007], [120.551559526, 16.69403242800007], [120.55116085100008, 16.69414968500007], [120.55066837100004, 16.694431102000063], [120.55024624600004, 16.69458744500002], [120.55005081700006, 16.69477505700007], [120.54958178900006, 16.69492358200006], [120.54907367400006, 16.695017388000053], [120.54826850900008, 16.695603674000044], [120.54804962900006, 16.695900725000058], [120.54769785700012, 16.696103971000067], [120.54733826900008, 16.696440108000044], [120.54701776600008, 16.69662771900005], [120.54661127400004, 16.696729342000026], [120.5462126000001, 16.697151468000072], [120.54587646300004, 16.697620497000056], [120.54554814300002, 16.698198965000078], [120.54536834800004, 16.69867581100004], [120.54482896600008, 16.699613868000025], [120.54455536600004, 16.699950005000062], [120.5438909080001, 16.70051283900006], [120.54349223400004, 16.700778622000026], [120.54306229100008, 16.700958417000038], [120.54278087400009, 16.701185114000054], [120.54264798300004, 16.701583788000054], [120.54260108000004, 16.701966828000025], [120.54248382300013, 16.702349868000052], [120.54269488600004, 16.702920519000028], [120.54307792600004, 16.704335422000042], [120.5433280740001, 16.704859171000066], [120.54343751400006, 16.705398554000055], [120.54359385700002, 16.70568778800003], [120.54363294300003, 16.706023925000068], [120.54377566600012, 16.706471003000047], [120.54376583400004, 16.706922897000027], [120.54357040600009, 16.707345022000016], [120.54310137700008, 16.708032931000044], [120.54303884, 16.708376885000064], [120.54274178800006, 16.709041342000035], [120.5424447370001, 16.709244588000047], [120.54163957100002, 16.709995034000027], [120.5412799830001, 16.710417160000077], [120.54067806300009, 16.711019080000025], [120.54026885000007, 16.71152081700006], [120.53958366300002, 16.712410531000046], [120.53924752600008, 16.712801388000056], [120.53901301100008, 16.71319224500007], [120.53869250800004, 16.713512748000028], [120.53843454300012, 16.713919240000052], [120.53807495400008, 16.714224108000053], [120.53784825700006, 16.714607148000027], [120.5370899940001, 16.71504490800004], [120.53650370800004, 16.715224702000054], [120.53577671400002, 16.715748451000024], [120.53483865700004, 16.715928245000043], [120.53427582300004, 16.71617057700007], [120.53365826800008, 16.71647544500007], [120.53343938800003, 16.716842851000024], [120.53341007400002, 16.71793725100002], [120.5335566450001, 16.71898474800002], [120.533820362, 16.719888223000055], [120.53420505800013, 16.720465268000055], [120.53478210300013, 16.720904921000056], [120.53574384400008, 16.721042312000066], [120.53676054100004, 16.720987355000034], [120.5377772390001, 16.721097269000037], [120.53972819900002, 16.721454487000074], [120.5407174180001, 16.722059010000063], [120.54181655100004, 16.723103185000074], [120.54277829200008, 16.724147361000067], [120.54354768400005, 16.725328929000053], [120.54409725100004, 16.726208235000055], [120.54450942500011, 16.727224932000066], [120.54500403500003, 16.728296586000052], [120.54544368800008, 16.728928588000027], [120.54552612300007, 16.72975293700006], [120.54552612300007, 16.73052233000004], [120.54530629600004, 16.73164894000007], [120.54527881800006, 16.732857986000052], [120.545058991, 16.733929640000042], [120.54483916500013, 16.73527607800003], [120.54483916500013, 16.73659503600004], [120.54486664300008, 16.738078865000034], [120.54522386100008, 16.739672607000045], [120.54555360100008, 16.740744262000078], [120.54585586300004, 16.741623567000033], [120.54651534200002, 16.741623567000033], [120.54736717000004, 16.742118177000066], [120.54780682300007, 16.74258530800006], [120.5483838670001, 16.743052440000042], [120.54885099800003, 16.743931746000044], [120.54931813000006, 16.745305661000028], [120.5503684790001, 16.746588971000055], [120.55093935000002, 16.74813592700008], [120.55132404700012, 16.749482365000055], [120.55126909000002, 16.751103585000067], [120.55091187200004, 16.752477501000044], [120.55027987100006, 16.753301850000067], [120.54945552100004, 16.753768981000064], [120.5487136070001, 16.754318547000025], [120.5483563890001, 16.755637506000024], [120.54777934400008, 16.75725872700002], [120.54711986500004, 16.75811055400004], [120.54654282000004, 16.758687599000037], [120.54519638300008, 16.759402035000054], [120.54409725100004, 16.760006558000043], [120.5433278580001, 16.760720994000053], [120.54283324800008, 16.76160030000005], [120.54264090000004, 16.762452128000067], [120.5429340300001, 16.76328141200003]]]}','2025-10-03 19:24:59.000000','2025-10-03 19:24:59.000000',17),(103319000,'Sudipen',89.0000,57.0000,'{\"type\": \"Polygon\", \"coordinates\": [[[120.5429340300001, 16.76328141200003], [120.54423786100008, 16.764970922000032], [120.54552833900004, 16.765769790000036], [120.547003172, 16.766199950000043], [120.54829365100012, 16.766875915000075], [120.54890816500009, 16.767490429000077], [120.54922831500006, 16.768428437000065], [120.54974314800008, 16.769367250000073], [120.549864285, 16.77063919000005], [120.54977343300006, 16.77224425800006], [120.54947059000008, 16.773485914000045], [120.54895575700006, 16.77460643300003], [120.54838035500006, 16.775908658000052], [120.5477141, 16.777634863000063], [120.5474718260001, 16.778664529000025], [120.54674500300008, 16.77939135200006], [120.545533631, 16.77966391100006], [120.54471595500002, 16.779300499000044], [120.54383771000003, 16.778603961000044], [120.54341373000013, 16.777786284000058], [120.54229321100004, 16.777180599000076], [120.54093041800002, 16.776998893000037], [120.5396887610001, 16.77727145100005], [120.53859852700008, 16.777877137000072], [120.5372660180001, 16.77845253900005], [120.53647862600008, 16.779118794000055], [120.53578208700004, 16.779966754000036], [120.53535810700008, 16.781117557000073], [120.53493412700004, 16.78299518400007], [120.53475785400008, 16.784111664000022], [120.53471281000007, 16.785542150000023], [120.5348584310001, 16.786424940000074], [120.53514004700004, 16.787169211000048], [120.53576362600003, 16.787973829000066], [120.53634697300004, 16.788516946000072], [120.53699066800006, 16.78881867700005], [120.53795620900009, 16.789341679000074], [120.53839874800008, 16.789804334000053], [120.53908267300004, 16.790246874000047], [120.5400280990001, 16.790448028000068], [120.54095341000004, 16.79068941300005], [120.5420195280001, 16.790850337000048], [120.54320633900012, 16.791011260000058], [120.54389026400008, 16.79137333800002], [120.54433280400008, 16.79193657100007], [120.54441326500012, 16.79298257400006], [120.54433280400008, 16.793586037000065], [120.54401095700008, 16.794330308000042], [120.5432264540001, 16.79489354000003], [120.542421837, 16.795195272000058], [120.54179825800009, 16.795034349000048], [120.54119479500002, 16.79457169300002], [120.54095341000004, 16.794290077000028], [120.54065167800002, 16.794048692000043], [120.53996775300004, 16.793827422000053], [120.53926371200008, 16.794330308000042], [120.5385999030001, 16.794953887000073], [120.53799644, 16.795617696000026], [120.53757401500002, 16.79634185200006], [120.53723205300004, 16.79736774000003], [120.53670905100012, 16.799057437000045], [120.53632685800004, 16.80050574900002], [120.53602512600004, 16.80131036600005], [120.53566304800005, 16.801853483000063], [120.53511993200004, 16.80237648500003], [120.53423485200004, 16.80314087100004], [120.53367162000008, 16.803000063000074], [120.53226353900006, 16.80201440700006], [120.53192157600006, 16.801591982000044], [120.53137845900004, 16.800787365000076], [120.53085545800003, 16.799359168000024], [120.53047326500008, 16.798594782000066], [120.5299904940001, 16.79791085700003], [120.52914564500009, 16.79762924000005], [120.52815998900007, 16.797568894000047], [120.52699329300005, 16.797347624000054], [120.5260478670001, 16.796985546000037], [120.52514267300012, 16.796703930000035], [120.523935746, 16.796945315000073], [120.52303055100003, 16.797830395000055], [120.52228628000012, 16.79877582100005], [120.52168281700008, 16.799701131000063], [120.52138108500004, 16.800445402000037], [120.52126039200004, 16.80100863500007], [120.52126039200004, 16.80169256000005], [120.52136097000005, 16.80231613800004], [120.5217431630001, 16.803120756000055], [120.52246731900004, 16.803764450000077], [120.52361389900013, 16.80446849100002], [120.52478059500004, 16.80505183800005], [120.52566567400004, 16.805474263000065], [120.52671167700012, 16.806097841000057], [120.52721456300002, 16.806640958000063], [120.52826056600009, 16.80704326700004], [120.52948760800008, 16.80736511400005], [120.53067441900008, 16.807546153000033], [120.53180088400006, 16.808612271000072], [120.53280665600003, 16.80931631200002], [120.53389289000006, 16.80967839000004], [120.5353009700001, 16.81054335400006], [120.53526074, 16.811569241000033], [120.53552224000008, 16.813520439000058], [120.53548200900003, 16.814928520000024], [120.53520039300008, 16.816054985000047], [120.53453658400008, 16.817040641000062], [120.5339733510001, 16.81748318100006], [120.53274630900012, 16.817945836000035], [120.5322031930001, 16.818509069000065], [120.53135834400008, 16.81977634100002], [120.5307749960001, 16.820540728000022], [120.52982957000008, 16.821184422000044], [120.52898472200002, 16.82150626900005], [120.52826056600009, 16.821808001000022], [120.52743583300004, 16.822451695000037], [120.52695306200008, 16.82353792900005], [120.52667144600002, 16.824624163000067], [120.52643006100006, 16.825368434000044], [120.525907059, 16.827098362000072], [120.52548463500013, 16.828305289000067], [120.52498174900003, 16.82906967500003], [120.52468001700004, 16.829572561000077], [120.52407418100006, 16.829864180000072], [120.52346839100004, 16.830490860000054], [120.52277904400012, 16.831013093000028], [120.52193302600006, 16.831514436000067], [120.5213690150001, 16.831535325000058], [120.52087811600006, 16.831232430000053], [120.52036632800002, 16.830845978000067], [120.519631042, 16.830880065000027], [120.51916838700004, 16.83136283600004], [120.51820284500002, 16.831664567000075], [120.51731776600002, 16.831765144000034], [120.5165734950001, 16.83178526000006], [120.51480333600011, 16.831885837000062], [120.513918256, 16.83184560600006], [120.51279179200004, 16.83182549100007], [120.51186648100008, 16.832650224000076], [120.511705558, 16.833837035000045], [120.51035782300004, 16.836492273000037], [120.50931182000012, 16.837095736000038], [120.50882905000005, 16.838986588000072], [120.5086681260001, 16.839429128000063], [120.50728016100004, 16.842325751000033], [120.5069985450001, 16.84321083100002], [120.5068979670001, 16.844095910000025], [120.5068979670001, 16.844880412000066], [120.50695831400004, 16.846549994000043], [120.50717958400004, 16.846851725000025], [120.5077830470001, 16.847254034000056], [120.5087485880001, 16.84745518900007], [120.50961355200003, 16.848139114000052], [120.50979459100007, 16.84856153800007], [120.51001586100006, 16.850613313000053], [120.51021701500008, 16.854736978000055], [120.51029747700012, 16.85536055700004], [120.51029747700012, 16.856044482000073], [120.5099957450001, 16.856849100000034], [120.5095330900001, 16.85755314000005], [120.50911066600008, 16.857874987000056], [120.50830604800002, 16.85839798900003], [120.50774281600002, 16.858820413000043], [120.50740085300004, 16.859162376000025], [120.5075617770001, 16.859665262000018], [120.50890951100008, 16.862300384000037], [120.509070435, 16.86342684900006], [120.50963366700012, 16.865116546000024], [120.50981470600006, 16.865599317000033], [120.5100963230001, 16.867027513000036], [120.51019690000012, 16.86765109200007], [120.51021701500008, 16.86835513200003], [120.51035782300004, 16.86889824900004], [120.51076013200009, 16.869622405000026], [120.51114232500004, 16.87084944700007], [120.51144405700006, 16.87175464200004], [120.5116250960001, 16.872498913000072], [120.51202740500004, 16.873243184000042], [120.51244982900003, 16.873665609000057], [120.5133952550001, 16.874490342000055], [120.51413952600002, 16.875113920000047], [120.5151452980001, 16.876079462000064], [120.51592980000012, 16.876501886000028], [120.51665395600004, 16.877185811000064], [120.51725722800008, 16.877846577000074], [120.51772007500006, 16.878432968000027], [120.51812238400008, 16.879257701000025], [120.518102268, 16.87980081800004], [120.5179011140001, 16.88070601300006], [120.5176798440001, 16.881329592000043], [120.51751892000004, 16.882013517000075], [120.51697580300004, 16.882657211000033], [120.51653326400002, 16.883260674000038], [120.51613095500012, 16.88374344500005], [120.51562806900009, 16.884286562000053], [120.51506483700008, 16.884849794000043], [120.51450160400007, 16.885171641000056], [120.51309352300004, 16.885895797000043], [120.51198717400004, 16.88666018400005], [120.51158486500005, 16.887022262000073], [120.51142394200008, 16.887283762000038], [120.51156475000003, 16.889597038000034], [120.5121682130001, 16.890421771000028], [120.51224867500002, 16.891266620000064], [120.51265098400006, 16.894887399000023], [120.51265098400006, 16.89625524900003], [120.51269121400004, 16.89705986700005], [120.51277167600006, 16.897502407000047], [120.51325444700002, 16.898488063000062], [120.51355617800004, 16.898870257000056], [120.51383779500009, 16.899855913000064], [120.51430045000004, 16.90043926100003], [120.51494414400008, 16.901042724000035], [120.51574876200006, 16.901666303000066], [120.51597003100004, 16.902008266000056], [120.51607060900004, 16.902591613000023], [120.5166941870001, 16.903476693000073], [120.51731776600002, 16.90420084900006], [120.51772007500006, 16.904764081000057], [120.51848446200006, 16.90552846800006], [120.51884653900002, 16.906172162000072], [120.51914827100008, 16.906534240000042], [120.51936954100007, 16.907358973000047], [120.51942988700011, 16.90782162800002], [120.51922873300008, 16.908425091000023], [120.51902757800006, 16.908706708000068], [120.51834365300012, 16.909430863000072], [120.51717695800004, 16.910577444000065], [120.51705626500008, 16.911442408000028], [120.51701603400012, 16.912267141000026], [120.5170361500001, 16.913433836000024], [120.51691545700008, 16.914419493000025], [120.51675453400004, 16.91530457200002], [120.51634078900008, 16.91659104200005], [120.51607053600004, 16.91707279700006], [120.51557703100003, 16.91754280200007], [120.51429626700008, 16.918106808000058], [120.51341500800004, 16.918306560000076], [120.51246324700004, 16.918353561000053], [120.5115937380001, 16.918271310000026], [120.51072422900006, 16.918236059000037], [120.51027772400003, 16.918106808000065], [120.50981946900004, 16.917918806000042], [120.509372964, 16.91761330300005], [120.50910271200006, 16.91729604900007], [120.508256703, 16.916074036000055], [120.5079629490001, 16.91555703100004], [120.50759869500008, 16.915380779000028], [120.50668218600003, 16.915134026000032], [120.50563642500003, 16.91482852300004], [120.50502541800006, 16.91455827000004], [120.50450841200006, 16.914135266000073], [120.5038269050001, 16.913536009000037], [120.5033334000001, 16.912878002000074], [120.50291039500009, 16.912208245000045], [120.50227588900007, 16.91145623700004], [120.50090112400004, 16.91032822500006], [120.50039586900004, 16.910022722000065], [120.49947935900003, 16.909587967000054], [120.49875085100008, 16.909117962000035], [120.49737608600005, 16.908330703000047], [120.49573106900004, 16.907813698000037], [120.49519056300008, 16.90768444700006], [120.49466180700004, 16.907390693000025], [120.49386279900013, 16.90679143700004], [120.49288753800012, 16.905921928000055], [120.49208853000005, 16.90563992500006], [120.49117789600008, 16.90554522300004], [120.489993829, 16.90546628500005], [120.48817825900004, 16.906058319000067], [120.48474446500006, 16.90775548200003], [120.48257367600002, 16.90913689300003], [120.48091598200008, 16.910281491000035], [120.48004766600005, 16.911149807000072], [120.47969244600006, 16.912097060000068], [120.47886359900008, 16.912491749000026], [120.47740325000008, 16.912807501000035], [120.47487724000004, 16.913517941000066], [120.470022566, 16.914780946000064], [120.4683254030001, 16.91485988300008], [120.46666770900002, 16.91482041400007], [120.46426010700009, 16.914504663000056], [120.46291816400004, 16.913754754000024], [120.46102365700008, 16.912570687000024], [120.45985081700007, 16.911716889000044], [120.45905021200008, 16.911149807000072], [120.45751092500008, 16.90996574000007], [120.45620845100008, 16.90925530000004], [120.45411660000002, 16.908505391000062], [120.45397952500004, 16.902720085000052], [120.45387486900007, 16.901215516000036], [120.45383607400004, 16.900359858000055], [120.45377895600008, 16.900058878000042], [120.45355325900005, 16.899732545000067], [120.45371714400004, 16.899210826000058], [120.45367305600008, 16.89878053600006], [120.45336928800008, 16.89719319600005], [120.45313333400009, 16.89610063200007], [120.4528743620001, 16.89471002100004], [120.45289005100004, 16.894334364000027], [120.45337924800003, 16.891924707000047], [120.453430066, 16.891636465000033], [120.45449832100006, 16.88865337000004], [120.45460928300008, 16.885578278000025], [120.45676506200004, 16.88129952500003], [120.4617336770001, 16.876312580000043], [120.46350073900012, 16.874456851000048], [120.46470488600006, 16.86659320100006], [120.4647637060001, 16.86563644800003], [120.45939196200004, 16.85775511300005], [120.45508622600006, 16.851560898000063], [120.45114068900013, 16.846128416000056], [120.44532690000008, 16.837064359000067], [120.44452732500008, 16.833344881000077], [120.44428969000012, 16.83161853400003], [120.44678744000012, 16.825322155000034], [120.445249342, 16.822092211000047], [120.45621658900006, 16.812376827000033], [120.467384239, 16.812485928000058], [120.49057354700004, 16.801864505000026], [120.53891887300006, 16.76427650100004], [120.5429340300001, 16.76328141200003]]]}','2025-10-03 19:24:59.000000','2025-10-03 19:24:59.000000',19),(103320000,'Tubao',54.0000,36.0000,'{\"type\": \"Polygon\", \"coordinates\": [[[120.45716649600004, 16.298296536000063], [120.45669338200004, 16.305540270000048], [120.45504727100004, 16.310038663000057], [120.45135582200008, 16.31970222800004], [120.4504898560001, 16.320652755000022], [120.45040315000006, 16.32095140700005], [120.45040315000006, 16.321486090000064], [120.45097068500002, 16.32204729600005], [120.45319305900011, 16.324142104000035], [120.45642633500007, 16.327238137000055], [120.4574774560001, 16.327947668000036], [120.45679162700004, 16.32925910600005], [120.45614591000005, 16.33057639000003], [120.45571495100012, 16.331601166000045], [120.45559031500012, 16.332363007000023], [120.45558843500008, 16.332949330000073], [120.45552573900012, 16.33344752000005], [120.45540227400012, 16.333842925000063], [120.45511055400004, 16.334311126000042], [120.45475811100006, 16.334661883000024], [120.45374713900004, 16.335552984000064], [120.45385379300002, 16.33578186000005], [120.45387954100008, 16.336944358000043], [120.45415032800008, 16.337634568000055], [120.45439203300008, 16.338502463000058], [120.45444485900008, 16.33882822200008], [120.45470018300011, 16.339611806000047], [120.45477061800013, 16.340043217000073], [120.45488507400012, 16.340439410000045], [120.454893878, 16.340650714000052], [120.45437214000005, 16.341434904000042], [120.4541631200001, 16.34153114400004], [120.45395965900003, 16.34176456200004], [120.45353414200008, 16.342153238000037], [120.45334060100004, 16.342495134000043], [120.45336230500006, 16.34275557100006], [120.45354681900004, 16.34296624700005], [120.45361725400004, 16.34363537400003], [120.45361725300006, 16.34394352500004], [120.45355562300006, 16.344146024000054], [120.45291751700005, 16.350426056000057], [120.4562737330001, 16.359353187000067], [120.45352722900007, 16.36702795800005], [120.45131723100008, 16.37319530100006], [120.45090785700006, 16.37399045400002], [120.444614374, 16.38612987700003], [120.4441316010001, 16.38535744100005], [120.44381779800008, 16.384898806000024], [120.44338330300003, 16.384391895000018], [120.442490173, 16.383740151000037], [120.44183842900009, 16.383209101000038], [120.44133151800008, 16.382678051000028], [120.44094529900008, 16.38231597100003], [120.44067977400005, 16.38212286200007], [120.439907338, 16.381857337000042], [120.439521119, 16.38176078200007], [120.43848315700006, 16.38135042500005], [120.43783141400002, 16.381012484000056], [120.4372521570001, 16.380822811000026], [120.43496471000005, 16.380230117000053], [120.4344057080001, 16.38002345600006], [120.43348645700009, 16.379540026000026], [120.43305196200002, 16.37934691700008], [120.43246621900003, 16.379264752000037], [120.4318047160001, 16.379301695000034], [120.43115965400013, 16.379483530000073], [120.43085114000009, 16.379707276000033], [120.4302760170001, 16.38031246300005], [120.430118998, 16.380590893000036], [120.4296011, 16.38186656300007], [120.42930269200008, 16.382861460000072], [120.429077386, 16.383290390000067], [120.42885183700004, 16.383474626000066], [120.42851666900005, 16.383591432000056], [120.4279828450001, 16.383619458000055], [120.42742765700008, 16.383571181000033], [120.42663108100012, 16.38345048700006], [120.4194327460001, 16.386015160000056], [120.41229787000007, 16.385356067000032], [120.41064526600006, 16.385431901000064], [120.40672916000004, 16.38557014000002], [120.40439316400013, 16.385626892000058], [120.40352991000007, 16.38557611200002], [120.40109356000004, 16.384763054000075], [120.39997203600002, 16.38396802900007], [120.39973830100006, 16.382074810000063], [120.39959602300006, 16.37700021900002], [120.39964344900012, 16.374249506000073], [120.39997543100004, 16.372447314000055], [120.40064115300002, 16.371632288000054], [120.40123134400008, 16.371407454000067], [120.40149833600005, 16.371042097000046], [120.40161211500003, 16.370286570000076], [120.4017934310001, 16.369468254000026], [120.40187774400007, 16.368217610000045], [120.40044969200008, 16.36779955800006], [120.3985688890001, 16.36782602900007], [120.39622877100012, 16.367846984000042], [120.39385746600009, 16.36846352300006], [120.3919804410001, 16.36890153200005], [120.39017244900003, 16.368387209000048], [120.38826444800009, 16.368320226000037], [120.38461259800012, 16.368516583000027], [120.38314120100006, 16.368378097000058], [120.38107341600004, 16.367822028000038], [120.379706617, 16.366933829000057], [120.37756003200003, 16.365747558000066], [120.37459443900002, 16.364273174000058], [120.37239128000012, 16.363516239000035], [120.37032942800012, 16.36292310300007], [120.37952139200002, 16.359882025000044], [120.38086445900002, 16.360457626000024], [120.38188774900004, 16.359306425000057], [120.38335872700009, 16.358411047000054], [120.38426643, 16.357871964000022], [120.38522238500002, 16.357386320000046], [120.38582121600008, 16.35723256800003], [120.38620193500005, 16.356919437000037], [120.3883366030001, 16.35689743200004], [120.38918934400012, 16.35655633500005], [120.39018420900004, 16.356471061000033], [120.3907242780001, 16.356527910000068], [120.39149174500004, 16.355987841000058], [120.39197496500002, 16.356129965000036], [120.39410681800004, 16.35513510000004], [120.39595725200002, 16.353833080000076], [120.39695019400008, 16.348981645000038], [120.3982422790001, 16.342553482000024], [120.39892072000008, 16.34227555400002], [120.399645006, 16.338991617000026], [120.40152097000008, 16.330403626000074], [120.40131990200008, 16.315457769000037], [120.40782970100008, 16.31655976300004], [120.4082934070001, 16.316388924000027], [120.41007705800008, 16.315431466000064], [120.41236578200004, 16.315429721000044], [120.41395474800002, 16.315044517000047], [120.41631108400009, 16.31474824300005], [120.4165452950001, 16.31431585300004], [120.41731999200007, 16.31411767500003], [120.41912048800008, 16.312194444000056], [120.41985014500004, 16.30994466900006], [120.42057980200003, 16.303803391000027], [120.42354923900008, 16.293269069000075], [120.43558508900004, 16.29522348200004], [120.43903676600009, 16.295800173000035], [120.43921221100004, 16.295850233000067], [120.44256828400012, 16.296932923000046], [120.44609980200003, 16.297732512000035], [120.45628918400008, 16.29825672200008], [120.45716649600004, 16.298296536000063]]]}','2025-10-03 19:24:59.000000','2025-10-03 19:24:59.000000',20);
/*!40000 ALTER TABLE `api_landboundary` ENABLE KEYS */;
UNLOCK TABLES;

--
-- Table structure for table `api_municipalagriculturist`
--

DROP TABLE IF EXISTS `api_municipalagriculturist`;
/*!40101 SET @saved_cs_client     = @@character_set_client */;
/*!50503 SET character_set_client = utf8mb4 */;
CREATE TABLE `api_municipalagriculturist` (
  `municipal_agriculturist_id` int NOT NULL AUTO_INCREMENT,
  `first_name` varchar(100) NOT NULL,
  `middle_name` varchar(100) DEFAULT NULL,
  `last_name` varchar(100) NOT NULL,
  `sex` varchar(10) NOT NULL,
  `municipality` varchar(100) NOT NULL,
  `contact_number` varchar(20) NOT NULL,
  `position` varchar(100) NOT NULL,
  `status` varchar(20) NOT NULL,
  `date_added` datetime(6) NOT NULL,
  PRIMARY KEY (`municipal_agriculturist_id`)
) ENGINE=InnoDB AUTO_INCREMENT=2 DEFAULT CHARSET=utf8mb4 COLLATE=utf8mb4_0900_ai_ci;
/*!40101 SET character_set_client = @saved_cs_client */;

--
-- Dumping data for table `api_municipalagriculturist`
--

LOCK TABLES `api_municipalagriculturist` WRITE;
/*!40000 ALTER TABLE `api_municipalagriculturist` DISABLE KEYS */;
INSERT INTO `api_municipalagriculturist` VALUES (1,'Cd','Dizon','Ibi','male','City Of San Fernando','+639000000000','Senior Aquaculturist','Active','2025-11-21 07:35:31.346430');
/*!40000 ALTER TABLE `api_municipalagriculturist` ENABLE KEYS */;
UNLOCK TABLES;

--
-- Table structure for table `api_municipality`
--

DROP TABLE IF EXISTS `api_municipality`;
/*!40101 SET @saved_cs_client     = @@character_set_client */;
/*!50503 SET character_set_client = utf8mb4 */;
CREATE TABLE `api_municipality` (
  `municipality_id` int NOT NULL AUTO_INCREMENT,
  `name` varchar(100) NOT NULL,
  `prefix` varchar(3) DEFAULT NULL,
  `color` varchar(7) NOT NULL,
  `identifier_icon` varchar(20) NOT NULL,
  `is_coastal` tinyint(1) NOT NULL,
  `is_active` tinyint(1) NOT NULL,
  `created_at` datetime(6) NOT NULL,
  `updated_at` datetime(6) NOT NULL,
  PRIMARY KEY (`municipality_id`),
  UNIQUE KEY `name` (`name`),
  UNIQUE KEY `prefix` (`prefix`)
) ENGINE=InnoDB AUTO_INCREMENT=22 DEFAULT CHARSET=utf8mb4 COLLATE=utf8mb4_0900_ai_ci;
/*!40101 SET character_set_client = @saved_cs_client */;

--
-- Dumping data for table `api_municipality`
--

LOCK TABLES `api_municipality` WRITE;
/*!40000 ALTER TABLE `api_municipality` DISABLE KEYS */;
INSERT INTO `api_municipality` VALUES (1,'Agoo','AGO','#3E5579','circle',1,1,'2025-11-06 13:44:16.144862','2025-11-12 06:22:33.486794'),(2,'Aringay','ARI','#3B82F6','circle',0,1,'2025-11-06 13:55:07.667596','2025-11-06 13:55:07.667616'),(3,'Bacnotan','BAC','#F79F3B','circle',0,1,'2025-11-07 00:44:05.188846','2025-11-12 05:36:09.892604'),(4,'Bagulin','BAG','#3B82F6','circle',0,1,'2025-11-07 00:48:14.028393','2025-11-07 00:48:14.028409'),(5,'Balaoan','BAL','#3B82F6','circle',0,1,'2025-11-07 00:54:24.464943','2025-11-07 00:56:16.852564'),(6,'Bangar','BAN','#3B82F6','circle',0,1,'2025-11-07 01:06:53.837229','2025-11-07 01:06:53.837246'),(7,'Bauang','BAU','#358D72','circle',0,1,'2025-11-07 01:13:47.632512','2025-11-12 04:24:49.958447'),(8,'Burgos','BUR','#3B82F6','circle',0,1,'2025-11-07 01:18:19.053344','2025-11-07 01:19:07.058668'),(9,'Caba','CAB','#3B82F6','circle',0,1,'2025-11-07 01:22:28.258321','2025-11-07 01:22:28.258340'),(10,'City Of San Fernando','CSF','#E13BF7','triangle',1,1,'2025-11-07 01:30:07.434062','2025-11-15 04:38:03.379752'),(11,'Luna','LUN','#3B82F6','circle',0,1,'2025-11-07 01:36:17.183230','2025-11-07 01:36:17.183249'),(12,'Naguilian','NAG','#3B82F6','circle',0,1,'2025-11-07 02:03:23.593411','2025-11-07 02:03:23.593428'),(13,'Pugo','PUG','#3B82F6','circle',0,1,'2025-11-07 02:05:51.257570','2025-11-07 02:05:51.257585'),(14,'Rosario','ROS','#3B82F6','circle',0,1,'2025-11-07 02:11:27.479562','2025-11-07 02:11:27.479589'),(15,'San Gabriel','SAN','#B57DE3','triangle',1,1,'2025-11-07 02:14:17.487112','2025-11-18 15:21:27.630347'),(16,'San Juan','SA1','#3B82F6','triangle',1,1,'2025-11-07 02:19:25.387280','2025-11-17 06:00:26.694395'),(17,'Santol','SA2','#3B82F6','circle',0,1,'2025-11-07 02:21:46.618725','2025-11-07 02:21:46.618741'),(18,'Santo Tomas','SA3','#3B82F6','circle',0,1,'2025-11-07 02:29:32.470909','2025-11-07 02:29:32.470926'),(19,'Sudipen','SUD','#3B82F6','circle',0,1,'2025-11-07 02:38:58.947830','2025-11-07 02:38:58.947846'),(20,'Tubao','TUB','#3B82F6','circle',0,1,'2025-11-07 02:42:51.291465','2025-11-07 02:42:51.291482'),(21,'Cardenas','CAR','#BAAACB','circle',0,1,'2025-11-20 02:15:50.648148','2025-11-20 02:15:50.648183');
/*!40000 ALTER TABLE `api_municipality` ENABLE KEYS */;
UNLOCK TABLES;

--
-- Table structure for table `api_municipalityboundary`
--

DROP TABLE IF EXISTS `api_municipalityboundary`;
/*!40101 SET @saved_cs_client     = @@character_set_client */;
/*!50503 SET character_set_client = utf8mb4 */;
CREATE TABLE `api_municipalityboundary` (
  `id` bigint NOT NULL AUTO_INCREMENT,
  `name` varchar(100) NOT NULL,
  `water_area` decimal(10,4) NOT NULL,
  `coastline_length` decimal(10,4) NOT NULL,
  `coordinates` json NOT NULL,
  `created_at` datetime(6) NOT NULL,
  `updated_at` datetime(6) NOT NULL,
  `municipality_id` int DEFAULT NULL,
  PRIMARY KEY (`id`),
  UNIQUE KEY `name` (`name`),
  KEY `api_municipalityboun_municipality_id_60e4b01b_fk_api_munic` (`municipality_id`),
  CONSTRAINT `api_municipalityboun_municipality_id_60e4b01b_fk_api_munic` FOREIGN KEY (`municipality_id`) REFERENCES `api_municipality` (`municipality_id`)
) ENGINE=InnoDB AUTO_INCREMENT=11 DEFAULT CHARSET=utf8mb4 COLLATE=utf8mb4_0900_ai_ci;
/*!40101 SET character_set_client = @saved_cs_client */;

--
-- Dumping data for table `api_municipalityboundary`
--

LOCK TABLES `api_municipalityboundary` WRITE;
/*!40000 ALTER TABLE `api_municipalityboundary` DISABLE KEYS */;
INSERT INTO `api_municipalityboundary` VALUES (1,'Bacnotan',118.4050,48.4810,'{\"type\": \"Polygon\", \"coordinates\": [[[120.3349, 16.70149], [120.18889, 16.7575], [120.18222, 16.78944], [120.18194, 16.81694], [120.32583, 16.78389], [120.33472, 16.70111], [120.3349, 16.70149]]]}','2025-09-15 14:02:32.353967','2025-10-17 17:15:15.339071',3),(2,'Balaoan',64.2639,5.2500,'[[120.32639, 16.78389], [120.18194, 16.81694], [120.18361, 16.82639], [120.19, 16.85389], [120.32694, 16.82056], [120.32639, 16.78389]]','2025-09-15 14:02:47.125311','2025-09-19 14:50:54.818825',5),(3,'Bauang',175.8116,18.6080,'[[120.33028, 16.46056], [120.20667, 16.43583], [120.18639, 16.43583], [120.17889, 16.45444], [120.17306, 16.47361], [120.16833, 16.49361], [120.1675, 16.50833], [120.16667, 16.53417], [120.19528, 16.54028], [120.26194, 16.54861], [120.28444, 16.555], [120.30528, 16.56806], [120.31778, 16.57833], [120.33028, 16.46056]]','2025-09-15 14:03:00.151069','2025-09-15 14:03:00.151107',7),(4,'Bangar',80.0482,5.8130,'[[120.398333, 16.880833], [120.25, 16.949167], [120.282778, 16.977778], [120.416111, 16.928889], [120.398333, 16.880833]]','2025-09-15 14:03:12.173345','2025-09-15 14:03:12.173376',6),(5,'Caba',0.0000,0.0000,'{\"type\": \"Polygon\", \"coordinates\": [[[120.333333, 16.416944], [120.1825, 16.398889], [120.188611, 16.435833], [120.206667, 16.442778], [120.330278, 16.460556]]]}','2025-09-15 14:03:23.141926','2025-10-17 16:23:02.789506',9),(6,'San Juan',83.7586,6.4420,'[[120.31556, 16.65389], [120.17861, 16.72167], [120.18889, 16.7575], [120.33556, 16.70222], [120.31556, 16.65389]]','2025-09-15 14:03:31.196731','2025-09-15 14:03:31.196763',16),(7,'City Of San Fernando',281.3117,24.3030,'[[120.31778, 16.57833], [120.30528, 16.56806], [120.28444, 16.555], [120.26194, 16.54861], [120.19528, 16.54028], [120.16667, 16.53417], [120.15111, 16.55972], [120.14139, 16.58333], [120.13667, 16.61], [120.13639, 16.62833], [120.13833, 16.64778], [120.14444, 16.66667], [120.15139, 16.68417], [120.16556, 16.7075], [120.17861, 16.72167], [120.31556, 16.65389], [120.31778, 16.57833]]','2025-09-15 14:03:42.357091','2025-09-15 14:03:42.357127',10),(8,'Luna',172.8080,11.2480,'[[120.3325, 16.820556], [120.19, 16.853889], [120.198333, 16.878611], [120.209444, 16.903611], [120.226111, 16.9275], [120.25, 16.949167], [120.398333, 16.880833], [120.3325, 16.820556]]','2025-09-15 14:03:53.947613','2025-09-15 14:03:53.947643',11),(9,'Santo Tomas',114.2694,30.0900,'[[120.4025, 16.240833], [120.384167, 16.238889], [120.237222, 16.208611], [120.208333, 16.249167], [120.2025, 16.266944], [120.346111, 16.285834]]','2025-09-15 14:04:01.803139','2025-09-15 14:04:01.803175',18),(10,'Rosario',80.8475,4.3570,'[[120.416389, 16.207222], [120.396944, 16.201667], [120.3475, 16.185], [120.32, 16.177778], [120.305, 16.176667], [120.276944, 16.178333], [120.249722, 16.183333], [120.237222, 16.208611], [120.384167, 16.238889], [120.4025, 16.240833]]','2025-09-15 14:04:10.920360','2025-09-15 14:04:10.920388',14);
/*!40000 ALTER TABLE `api_municipalityboundary` ENABLE KEYS */;
UNLOCK TABLES;

--
-- Table structure for table `api_organization`
--

DROP TABLE IF EXISTS `api_organization`;
/*!40101 SET @saved_cs_client     = @@character_set_client */;
/*!50503 SET character_set_client = utf8mb4 */;
CREATE TABLE `api_organization` (
  `org_id` int NOT NULL AUTO_INCREMENT,
  `org_name` varchar(255) DEFAULT NULL,
  `member_since` date DEFAULT NULL,
  `org_position` varchar(100) DEFAULT NULL,
  `date_added` datetime(6) NOT NULL,
  `fisherfolk_id` varchar(50) NOT NULL,
  PRIMARY KEY (`org_id`),
  KEY `api_organization_fisherfolk_id_5ce36b11_fk_api_fishe` (`fisherfolk_id`),
  CONSTRAINT `api_organization_fisherfolk_id_5ce36b11_fk_api_fishe` FOREIGN KEY (`fisherfolk_id`) REFERENCES `api_fisherfolk` (`registration_number`)
) ENGINE=InnoDB AUTO_INCREMENT=13 DEFAULT CHARSET=utf8mb4 COLLATE=utf8mb4_0900_ai_ci;
/*!40101 SET character_set_client = @saved_cs_client */;

--
-- Dumping data for table `api_organization`
--

LOCK TABLES `api_organization` WRITE;
/*!40000 ALTER TABLE `api_organization` DISABLE KEYS */;
INSERT INTO `api_organization` VALUES (1,'Asd','2008-01-01','Avengers','2025-11-17 05:57:02.462139','6565-876576565-46546'),(2,'Mha','2010-01-01','Member','2025-11-20 01:31:10.212382','6767-676767676-76767'),(3,'Fisherfolk Organization A','1970-01-01','Member','2025-11-22 13:35:16.139085','0000-456823654-00000'),(4,'Fisherfolk Organization A','1970-01-01','Member','2025-11-22 13:35:16.167778','1234-456823654-00000'),(5,'Fisherfolk Organization A','1970-01-01','Member','2025-11-22 13:35:16.192440','1234-456823654-00001'),(6,'Fisherfolk Organization A','1970-01-01','Member','2025-11-22 13:35:16.218833','1234-456823654-00002'),(7,'Fisherfolk Organization A','1970-01-01','Member','2025-11-22 13:35:16.243350','1234-456823654-00003'),(8,'Fisherfolk Organization A','1970-01-01','Member','2025-11-22 13:46:22.275175','3244-456823654-00000'),(9,'Camp Half Blood','2015-01-01','President','2025-11-22 14:24:37.052174','0808-252589898-10123'),(10,'Camp Jupiter','2018-01-01','Secretary','2025-11-22 14:24:37.054062','0808-252589898-10123'),(11,'Black Organization','2025-01-01','Member','2025-11-22 14:35:27.202848','9384-759204850-20208'),(12,'Psb','2025-01-01','Member','2025-11-22 14:35:27.204039','9384-759204850-20208');
/*!40000 ALTER TABLE `api_organization` ENABLE KEYS */;
UNLOCK TABLES;

--
-- Table structure for table `api_provincialagriculturist`
--

DROP TABLE IF EXISTS `api_provincialagriculturist`;
/*!40101 SET @saved_cs_client     = @@character_set_client */;
/*!50503 SET character_set_client = utf8mb4 */;
CREATE TABLE `api_provincialagriculturist` (
  `provincial_agriculturist_id` int NOT NULL AUTO_INCREMENT,
  `first_name` varchar(100) NOT NULL,
  `middle_name` varchar(100) DEFAULT NULL,
  `last_name` varchar(100) NOT NULL,
  `sex` varchar(10) NOT NULL,
  `contact_number` varchar(20) NOT NULL,
  `position` varchar(100) NOT NULL,
  `status` varchar(20) NOT NULL,
  `date_added` datetime(6) NOT NULL,
  PRIMARY KEY (`provincial_agriculturist_id`)
) ENGINE=InnoDB DEFAULT CHARSET=utf8mb4 COLLATE=utf8mb4_0900_ai_ci;
/*!40101 SET character_set_client = @saved_cs_client */;

--
-- Dumping data for table `api_provincialagriculturist`
--

LOCK TABLES `api_provincialagriculturist` WRITE;
/*!40000 ALTER TABLE `api_provincialagriculturist` DISABLE KEYS */;
/*!40000 ALTER TABLE `api_provincialagriculturist` ENABLE KEYS */;
UNLOCK TABLES;

--
-- Table structure for table `api_signatory`
--

DROP TABLE IF EXISTS `api_signatory`;
/*!40101 SET @saved_cs_client     = @@character_set_client */;
/*!50503 SET character_set_client = utf8mb4 */;
CREATE TABLE `api_signatory` (
  `id` bigint NOT NULL AUTO_INCREMENT,
  `position` varchar(50) NOT NULL,
  `first_name` varchar(100) NOT NULL,
  `middle_name` varchar(100) DEFAULT NULL,
  `last_name` varchar(100) NOT NULL,
  `is_active` tinyint(1) NOT NULL,
  `created_at` datetime(6) NOT NULL,
  `updated_at` datetime(6) NOT NULL,
  `barangay_id` int DEFAULT NULL,
  `municipality_id` int DEFAULT NULL,
  PRIMARY KEY (`id`),
  UNIQUE KEY `api_signatory_municipality_id_position_8fd0cb98_uniq` (`municipality_id`,`position`),
  KEY `api_signatory_barangay_id_f9fd8e00_fk_api_barangay_barangay_id` (`barangay_id`),
  CONSTRAINT `api_signatory_barangay_id_f9fd8e00_fk_api_barangay_barangay_id` FOREIGN KEY (`barangay_id`) REFERENCES `api_barangay` (`barangay_id`),
  CONSTRAINT `api_signatory_municipality_id_df35f9a4_fk_api_munic` FOREIGN KEY (`municipality_id`) REFERENCES `api_municipality` (`municipality_id`)
) ENGINE=InnoDB AUTO_INCREMENT=4 DEFAULT CHARSET=utf8mb4 COLLATE=utf8mb4_0900_ai_ci;
/*!40101 SET character_set_client = @saved_cs_client */;

--
-- Dumping data for table `api_signatory`
--

LOCK TABLES `api_signatory` WRITE;
/*!40000 ALTER TABLE `api_signatory` DISABLE KEYS */;
INSERT INTO `api_signatory` VALUES (1,'Municipal Agriculturist','Luffy','','D',1,'2025-11-17 05:40:19.851674','2025-11-17 05:40:19.851703',NULL,16),(2,'Municipal Fishery Coordinator','sabo','','gfgfcf',1,'2025-11-17 05:40:54.106043','2025-11-17 05:40:54.106071',NULL,16),(3,'Mayor','cgii','','khbhb',1,'2025-11-17 05:41:28.258193','2025-11-17 05:41:28.258213',NULL,16);
/*!40000 ALTER TABLE `api_signatory` ENABLE KEYS */;
UNLOCK TABLES;

--
-- Table structure for table `api_trackerstatusevent`
--

DROP TABLE IF EXISTS `api_trackerstatusevent`;
/*!40101 SET @saved_cs_client     = @@character_set_client */;
/*!50503 SET character_set_client = utf8mb4 */;
CREATE TABLE `api_trackerstatusevent` (
  `id` bigint NOT NULL AUTO_INCREMENT,
  `tracker_id` varchar(50) NOT NULL,
  `mfbr_number` varchar(100) DEFAULT NULL,
  `boat_id` int DEFAULT NULL,
  `status` varchar(20) NOT NULL,
  `previous_status` varchar(20) DEFAULT NULL,
  `timestamp` datetime(6) NOT NULL,
  `session_start` datetime(6) DEFAULT NULL,
  `latitude` decimal(9,6) DEFAULT NULL,
  `longitude` decimal(9,6) DEFAULT NULL,
  `created_at` datetime(6) NOT NULL,
  PRIMARY KEY (`id`),
  KEY `api_trackerstatusevent_tracker_id_367aafd8` (`tracker_id`),
  KEY `api_trackerstatusevent_mfbr_number_f7271341` (`mfbr_number`),
  KEY `api_trackerstatusevent_boat_id_54f6116c` (`boat_id`),
  KEY `api_trackerstatusevent_timestamp_aadb746d` (`timestamp`),
  KEY `api_tracker_tracker_cb6a04_idx` (`tracker_id`,`timestamp` DESC),
  KEY `api_tracker_mfbr_nu_305ad6_idx` (`mfbr_number`,`timestamp` DESC)
) ENGINE=InnoDB AUTO_INCREMENT=65 DEFAULT CHARSET=utf8mb4 COLLATE=utf8mb4_0900_ai_ci;
/*!40101 SET character_set_client = @saved_cs_client */;

--
-- Dumping data for table `api_trackerstatusevent`
--

LOCK TABLES `api_trackerstatusevent` WRITE;
/*!40000 ALTER TABLE `api_trackerstatusevent` DISABLE KEYS */;
INSERT INTO `api_trackerstatusevent` VALUES (1,'SJU-0001','LU-SJN-111',677160,'reconnecting',NULL,'2025-11-17 06:39:10.205027',NULL,16.669888,120.339584,'2025-11-17 06:39:10.210646'),(2,'SJU-0001','LU-SJN-111',677160,'reconnected','reconnecting','2025-11-17 06:46:31.140110','2025-11-17 06:46:31.140110',16.669920,120.339592,'2025-11-17 06:46:31.146703'),(3,'SJU-0001','LU-SJN-111',677160,'online','reconnected','2025-11-17 06:46:58.724696','2025-11-17 06:46:31.140110',16.669903,120.339600,'2025-11-17 06:46:58.729270'),(4,'SJU-0001','LU-SJN-111',677160,'reconnecting','online','2025-11-17 06:53:15.532487',NULL,16.670176,120.339615,'2025-11-17 06:53:15.537688'),(5,'SJU-0001','LU-SJN-111',677160,'reconnected','reconnecting','2025-11-17 07:45:58.685927','2025-11-17 07:45:58.685927',16.721243,120.351280,'2025-11-17 07:45:58.690122'),(6,'SJU-0001','LU-SJN-111',677160,'online','reconnected','2025-11-17 07:46:24.374600','2025-11-17 07:45:58.685927',16.721340,120.350700,'2025-11-17 07:46:24.379396'),(7,'SJU-0001','LU-SJN-111',677160,'reconnecting','online','2025-11-17 07:52:43.393467',NULL,16.707212,120.341217,'2025-11-17 07:52:43.398039'),(8,'SJU-0001','LU-SJN-111',677160,'reconnected','reconnecting','2025-11-18 13:03:07.051806','2025-11-18 13:03:07.051806',16.670849,120.405670,'2025-11-18 13:03:07.056179'),(9,'SJU-0001','LU-SJN-111',677160,'online','reconnected','2025-11-18 13:03:28.750212','2025-11-18 13:03:07.051806',16.670849,120.405670,'2025-11-18 13:03:28.756661'),(10,'SJU-0001','LU-SJN-111',677160,'reconnecting','online','2025-11-18 13:07:29.888120',NULL,16.671558,120.403191,'2025-11-18 13:07:29.891500'),(11,'SJU-0001','LU-SJN-111',677160,'reconnected','reconnecting','2025-11-18 13:07:33.663215','2025-11-18 13:07:33.663215',16.671558,120.403191,'2025-11-18 13:07:33.668418'),(12,'SJU-0001','LU-SJN-111',677160,'reconnecting','reconnected','2025-11-18 13:10:47.717495',NULL,16.671568,120.403175,'2025-11-18 13:10:47.724048'),(13,'SJU-0001','LU-SJN-111',677160,'reconnected','reconnecting','2025-11-18 13:15:57.204141','2025-11-18 13:15:57.204141',16.671572,120.402809,'2025-11-18 13:15:57.208292'),(14,'SJU-0001','LU-SJN-111',677160,'online','reconnected','2025-11-18 13:16:22.424992','2025-11-18 13:15:57.204141',16.671568,120.402802,'2025-11-18 13:16:22.429989'),(15,'SJU-0001','LU-SJN-111',677160,'reconnecting','online','2025-11-18 13:22:50.965965',NULL,16.671577,120.402794,'2025-11-18 13:22:50.970279'),(16,'SJU-0001','LU-SJN-111',677160,'reconnected','reconnecting','2025-11-18 13:24:52.849602','2025-11-18 13:24:52.849602',16.671576,120.402763,'2025-11-18 13:24:52.854256'),(17,'SJU-0001','LU-SJN-111',677160,'online','reconnected','2025-11-18 13:25:18.853527','2025-11-18 13:24:52.849602',16.671516,120.402924,'2025-11-18 13:25:18.860552'),(18,'SJU-0001','LU-SJN-111',677160,'reconnecting','online','2025-11-18 13:27:08.535509',NULL,16.671490,120.402931,'2025-11-18 13:27:08.542808'),(19,'SJU-0001','LU-SJN-111',677160,'reconnected','reconnecting','2025-11-18 13:27:12.381457','2025-11-18 13:27:12.381457',16.671490,120.402931,'2025-11-18 13:27:12.388896'),(20,'SJU-0001','LU-SJN-111',677160,'reconnecting','reconnected','2025-11-18 13:29:06.009138',NULL,16.671492,120.402855,'2025-11-18 13:29:06.013252'),(21,'SJU-0001','LU-SJN-111',677160,'reconnected','reconnecting','2025-11-18 13:29:09.629733','2025-11-18 13:29:09.629733',16.671492,120.402855,'2025-11-18 13:29:09.634663'),(22,'SJU-0001','LU-SJN-111',677160,'online','reconnected','2025-11-18 13:29:35.149040','2025-11-18 13:29:09.629733',16.671520,120.402817,'2025-11-18 13:29:35.154328'),(23,'SJU-0001','LU-SJN-111',677160,'reconnecting','online','2025-11-18 13:34:14.806649',NULL,16.671543,120.402756,'2025-11-18 13:34:14.813818'),(24,'SAN-0003',NULL,742465,'online',NULL,'2025-11-18 15:37:58.355693','2025-11-18 15:37:58.355693',16.671427,120.402809,'2025-11-18 15:37:58.363155'),(25,'SAN-0003',NULL,742465,'reconnecting','online','2025-11-18 15:44:35.725525',NULL,16.671366,120.402763,'2025-11-18 15:44:35.729982'),(26,'SAN-0004',NULL,231943,'online',NULL,'2025-11-18 15:56:29.108213','2025-11-18 15:56:29.108213',16.671326,120.402771,'2025-11-18 15:56:29.114622'),(27,'SAN-0004',NULL,231943,'reconnecting','online','2025-11-18 16:03:07.685491',NULL,16.671360,120.402748,'2025-11-18 16:03:07.689463'),(28,'SA1-0006',NULL,449986,'online',NULL,'2025-11-19 05:40:16.883408','2025-11-19 05:40:16.883408',16.670006,120.339432,'2025-11-19 05:40:16.889064'),(29,'SA1-0007',NULL,972125,'online',NULL,'2025-11-19 05:48:18.911337','2025-11-19 05:48:18.911337',16.669802,120.339447,'2025-11-19 05:48:18.916200'),(30,'SA1-0007',NULL,972125,'reconnecting','online','2025-11-19 05:55:47.605349',NULL,16.669762,120.339508,'2025-11-19 05:55:47.609084'),(31,'SA1-0008',NULL,260188,'online',NULL,'2025-11-19 06:01:13.645842','2025-11-19 06:01:13.645842',16.669857,120.339668,'2025-11-19 06:01:13.652068'),(32,'SA1-0009',NULL,690740,'online',NULL,'2025-11-19 06:07:20.840384','2025-11-19 06:07:20.840384',16.669874,120.339546,'2025-11-19 06:07:20.843963'),(33,'SA1-0009',NULL,690740,'reconnecting','online','2025-11-19 06:14:07.351912',NULL,16.669966,120.339546,'2025-11-19 06:14:07.355379'),(34,'SA1-0010',NULL,514697,'online',NULL,'2025-11-19 06:27:15.430661','2025-11-19 06:27:15.430661',16.669710,120.339630,'2025-11-19 06:27:15.434249'),(35,'SA1-0011',NULL,370893,'online',NULL,'2025-11-19 06:34:28.449183','2025-11-19 06:34:28.449183',16.669090,120.339211,'2025-11-19 06:34:28.452404'),(36,'SA1-0011',NULL,370893,'reconnecting','online','2025-11-19 06:40:59.597378',NULL,16.669031,120.339340,'2025-11-19 06:40:59.602049'),(37,'SA1-0012',NULL,724092,'online',NULL,'2025-11-19 06:47:25.444797','2025-11-19 06:47:25.444797',16.669853,120.339859,'2025-11-19 06:47:25.451427'),(38,'SA1-0012',NULL,724092,'reconnecting','online','2025-11-19 06:54:16.191720',NULL,16.669792,120.339600,'2025-11-19 06:54:16.196868'),(39,'SA1-0013',NULL,508686,'online',NULL,'2025-11-19 07:04:11.107194','2025-11-19 07:04:11.107194',16.669077,120.339447,'2025-11-19 07:04:11.112598'),(40,'SA1-0014',NULL,359146,'online',NULL,'2025-11-19 07:15:42.189485','2025-11-19 07:15:42.189485',16.669811,120.339638,'2025-11-19 07:15:42.195654'),(41,'SA1-0014',NULL,359146,'reconnecting','online','2025-11-19 07:22:20.817236',NULL,16.669640,120.339539,'2025-11-19 07:22:20.824405'),(42,'SA1-0015',NULL,170311,'online',NULL,'2025-11-19 07:42:11.612614','2025-11-19 07:42:11.612614',16.669575,120.339546,'2025-11-19 07:42:11.617626'),(43,'SA1-0015',NULL,170311,'reconnecting','online','2025-11-19 07:44:15.681308',NULL,16.669598,120.339455,'2025-11-19 07:44:15.685630'),(44,'SA1-0015',NULL,170311,'reconnected','reconnecting','2025-11-19 07:44:19.053309','2025-11-19 07:44:19.053309',16.669598,120.339455,'2025-11-19 07:44:19.058757'),(45,'SA1-0015',NULL,170311,'online','reconnected','2025-11-19 07:44:47.043553','2025-11-19 07:44:19.053309',16.669598,120.339455,'2025-11-19 07:44:47.048124'),(46,'SA1-0004',NULL,764427,'online',NULL,'2025-11-20 01:12:07.802700','2025-11-20 01:12:07.802700',16.636206,120.313202,'2025-11-20 01:12:07.809317'),(47,'SA1-0004',NULL,764427,'reconnecting','online','2025-11-20 01:15:17.275171',NULL,16.635868,120.313469,'2025-11-20 01:15:17.290448'),(48,'SA1-0015',NULL,170311,'reconnecting','online','2025-11-20 01:19:03.889455',NULL,16.635918,120.313461,'2025-11-20 01:19:03.900843'),(49,'CSF-0001',NULL,962601,'online',NULL,'2025-11-20 01:45:26.128506','2025-11-20 01:45:26.128506',16.635862,120.313614,'2025-11-20 01:45:26.135851'),(50,'CSF-0002',NULL,850920,'online',NULL,'2025-11-20 01:51:29.935121','2025-11-20 01:51:29.935121',16.635853,120.313438,'2025-11-20 01:51:29.944848'),(51,'CSF-0001','LU-CSF-067',962601,'reconnecting','online','2025-11-20 01:54:13.775320',NULL,16.635906,120.313492,'2025-11-20 01:54:13.783498'),(52,'CSF-0002',NULL,850920,'reconnecting','online','2025-11-20 01:58:15.188420',NULL,16.636625,120.312637,'2025-11-20 01:58:15.198789'),(53,'CSF-0001','LU-CSF-067',962601,'reconnected','reconnecting','2025-11-21 00:19:47.834542','2025-11-21 00:19:47.834542',16.671333,120.402725,'2025-11-21 00:19:47.841629'),(54,'CSF-0001','LU-CSF-067',962601,'online','reconnected','2025-11-21 00:19:51.284247','2025-11-21 00:19:47.834542',16.671333,120.402725,'2025-11-21 00:19:51.288049'),(55,'CSF-0001','LU-CSF-067',962601,'reconnecting','online','2025-11-21 00:21:36.908242',NULL,16.671337,120.402718,'2025-11-21 00:21:36.913256'),(56,'CSF-0001','LU-CSF-067',962601,'reconnected','reconnecting','2025-11-21 00:21:40.428204','2025-11-21 00:21:40.428204',16.671337,120.402718,'2025-11-21 00:21:40.432924'),(57,'CSF-0001','LU-CSF-067',962601,'online','reconnected','2025-11-21 00:22:06.731731','2025-11-21 00:21:40.428204',16.671343,120.402756,'2025-11-21 00:22:06.737776'),(58,'CSF-0001','LU-CSF-067',962601,'reconnecting','online','2025-11-21 00:24:20.333975',NULL,16.671436,120.402786,'2025-11-21 00:24:20.338384'),(59,'CSF-0001','LU-CSF-067',962601,'reconnected','reconnecting','2025-11-21 05:37:54.970795','2025-11-21 05:37:54.970795',16.636040,120.313408,'2025-11-21 05:37:55.000468'),(60,'CSF-0001','LU-CSF-067',962601,'online','reconnected','2025-11-21 05:38:01.286634','2025-11-21 05:37:54.970795',16.636040,120.313408,'2025-11-21 05:38:01.290468'),(61,'CSF-0001','LU-CSF-067',962601,'reconnecting','online','2025-11-21 05:43:05.332717',NULL,16.635977,120.313568,'2025-11-21 05:43:05.341596'),(62,'CSF-0002','LU-CSF-930',850920,'reconnected','reconnecting','2025-11-21 06:29:32.293150','2025-11-21 06:29:32.293150',16.635679,120.314041,'2025-11-21 06:29:32.297854'),(63,'CSF-0002','LU-CSF-930',850920,'online','reconnected','2025-11-21 06:29:37.382101','2025-11-21 06:29:32.293150',16.635679,120.314041,'2025-11-21 06:29:37.386239'),(64,'CSF-0002','LU-CSF-930',850920,'reconnecting','online','2025-11-21 06:36:50.773806',NULL,16.635813,120.313805,'2025-11-21 06:36:50.777808');
/*!40000 ALTER TABLE `api_trackerstatusevent` ENABLE KEYS */;
UNLOCK TABLES;

--
-- Table structure for table `api_user`
--

DROP TABLE IF EXISTS `api_user`;
/*!40101 SET @saved_cs_client     = @@character_set_client */;
/*!50503 SET character_set_client = utf8mb4 */;
CREATE TABLE `api_user` (
  `id` int NOT NULL AUTO_INCREMENT,
  `password` varchar(128) NOT NULL,
  `email` varchar(254) NOT NULL,
  `sex` varchar(10) DEFAULT NULL,
  `last_login` datetime(6) DEFAULT NULL,
  `is_superuser` tinyint(1) NOT NULL,
  `is_staff` tinyint(1) NOT NULL,
  `user_role` varchar(30) NOT NULL,
  `is_active` tinyint(1) NOT NULL,
  `must_change_password` tinyint(1) NOT NULL,
  `date_added` datetime(6) NOT NULL,
  `admin_profile_id` int DEFAULT NULL,
  `municipal_agriculturist_id` int DEFAULT NULL,
  `provincial_agriculturist_id` int DEFAULT NULL,
  PRIMARY KEY (`id`),
  UNIQUE KEY `email` (`email`),
  KEY `api_user_admin_profile_id_d889dec9_fk_api_adminprofile_admin_id` (`admin_profile_id`),
  KEY `api_user_municipal_agricultur_bc60ea9c_fk_api_munic` (`municipal_agriculturist_id`),
  KEY `api_user_provincial_agricultu_83a4c28a_fk_api_provi` (`provincial_agriculturist_id`),
  CONSTRAINT `api_user_admin_profile_id_d889dec9_fk_api_adminprofile_admin_id` FOREIGN KEY (`admin_profile_id`) REFERENCES `api_adminprofile` (`admin_id`),
  CONSTRAINT `api_user_municipal_agricultur_bc60ea9c_fk_api_munic` FOREIGN KEY (`municipal_agriculturist_id`) REFERENCES `api_municipalagriculturist` (`municipal_agriculturist_id`),
  CONSTRAINT `api_user_provincial_agricultu_83a4c28a_fk_api_provi` FOREIGN KEY (`provincial_agriculturist_id`) REFERENCES `api_provincialagriculturist` (`provincial_agriculturist_id`)
) ENGINE=InnoDB AUTO_INCREMENT=3 DEFAULT CHARSET=utf8mb4 COLLATE=utf8mb4_0900_ai_ci;
/*!40101 SET character_set_client = @saved_cs_client */;

--
-- Dumping data for table `api_user`
--

LOCK TABLES `api_user` WRITE;
/*!40000 ALTER TABLE `api_user` DISABLE KEYS */;
INSERT INTO `api_user` VALUES (1,'pbkdf2_sha256$870000$uglvwlIPOYQqYs5KRdv7GE$HF8PRrAzORYY4OU8NV07d1xXIvDdTBs7DlM7B+qYsYs=','22100492@slc-sflu.edu.ph',NULL,NULL,1,1,'admin',1,0,'2025-11-17 05:06:52.677238',NULL,NULL,NULL),(2,'pbkdf2_sha256$870000$mmiR7oYCxZale2fF2KESeI$y+y27h80b8TWrX2ArZrtYo2Qzo/+nD2M9itRoD9Evp8=','cdubungen13@gmail.com',NULL,NULL,0,0,'municipal_agriculturist',1,0,'2025-11-21 07:35:31.999567',NULL,1,NULL);
/*!40000 ALTER TABLE `api_user` ENABLE KEYS */;
UNLOCK TABLES;

--
-- Table structure for table `api_user_groups`
--

DROP TABLE IF EXISTS `api_user_groups`;
/*!40101 SET @saved_cs_client     = @@character_set_client */;
/*!50503 SET character_set_client = utf8mb4 */;
CREATE TABLE `api_user_groups` (
  `id` bigint NOT NULL AUTO_INCREMENT,
  `user_id` int NOT NULL,
  `group_id` int NOT NULL,
  PRIMARY KEY (`id`),
  UNIQUE KEY `api_user_groups_user_id_group_id_9c7ddfb5_uniq` (`user_id`,`group_id`),
  KEY `api_user_groups_group_id_3af85785_fk_auth_group_id` (`group_id`),
  CONSTRAINT `api_user_groups_group_id_3af85785_fk_auth_group_id` FOREIGN KEY (`group_id`) REFERENCES `auth_group` (`id`),
  CONSTRAINT `api_user_groups_user_id_a5ff39fa_fk_api_user_id` FOREIGN KEY (`user_id`) REFERENCES `api_user` (`id`)
) ENGINE=InnoDB DEFAULT CHARSET=utf8mb4 COLLATE=utf8mb4_0900_ai_ci;
/*!40101 SET character_set_client = @saved_cs_client */;

--
-- Dumping data for table `api_user_groups`
--

LOCK TABLES `api_user_groups` WRITE;
/*!40000 ALTER TABLE `api_user_groups` DISABLE KEYS */;
/*!40000 ALTER TABLE `api_user_groups` ENABLE KEYS */;
UNLOCK TABLES;

--
-- Table structure for table `api_user_user_permissions`
--

DROP TABLE IF EXISTS `api_user_user_permissions`;
/*!40101 SET @saved_cs_client     = @@character_set_client */;
/*!50503 SET character_set_client = utf8mb4 */;
CREATE TABLE `api_user_user_permissions` (
  `id` bigint NOT NULL AUTO_INCREMENT,
  `user_id` int NOT NULL,
  `permission_id` int NOT NULL,
  PRIMARY KEY (`id`),
  UNIQUE KEY `api_user_user_permissions_user_id_permission_id_a06dd704_uniq` (`user_id`,`permission_id`),
  KEY `api_user_user_permis_permission_id_305b7fea_fk_auth_perm` (`permission_id`),
  CONSTRAINT `api_user_user_permis_permission_id_305b7fea_fk_auth_perm` FOREIGN KEY (`permission_id`) REFERENCES `auth_permission` (`id`),
  CONSTRAINT `api_user_user_permissions_user_id_f3945d65_fk_api_user_id` FOREIGN KEY (`user_id`) REFERENCES `api_user` (`id`)
) ENGINE=InnoDB DEFAULT CHARSET=utf8mb4 COLLATE=utf8mb4_0900_ai_ci;
/*!40101 SET character_set_client = @saved_cs_client */;

--
-- Dumping data for table `api_user_user_permissions`
--

LOCK TABLES `api_user_user_permissions` WRITE;
/*!40000 ALTER TABLE `api_user_user_permissions` DISABLE KEYS */;
/*!40000 ALTER TABLE `api_user_user_permissions` ENABLE KEYS */;
UNLOCK TABLES;

--
-- Table structure for table `api_violationstatusauditlog`
--

DROP TABLE IF EXISTS `api_violationstatusauditlog`;
/*!40101 SET @saved_cs_client     = @@character_set_client */;
/*!50503 SET character_set_client = utf8mb4 */;
CREATE TABLE `api_violationstatusauditlog` (
  `id` bigint NOT NULL AUTO_INCREMENT,
  `user_role` varchar(100) NOT NULL,
  `old_status` varchar(50) NOT NULL,
  `new_status` varchar(50) NOT NULL,
  `old_remarks` longtext NOT NULL,
  `new_remarks` longtext NOT NULL,
  `remarks_changed` tinyint(1) NOT NULL,
  `timestamp` datetime(6) NOT NULL,
  `ip_address` char(39) DEFAULT NULL,
  `user_agent` longtext NOT NULL,
  `user_id` int DEFAULT NULL,
  `violation_id` bigint NOT NULL,
  PRIMARY KEY (`id`),
  KEY `api_violati_violati_6a4279_idx` (`violation_id`,`timestamp` DESC),
  KEY `api_violationstatusauditlog_user_id_4249969f_fk_api_user_id` (`user_id`),
  CONSTRAINT `api_violationstatusa_violation_id_6663e72f_fk_api_bound` FOREIGN KEY (`violation_id`) REFERENCES `api_boundaryviolationnotification` (`id`),
  CONSTRAINT `api_violationstatusauditlog_user_id_4249969f_fk_api_user_id` FOREIGN KEY (`user_id`) REFERENCES `api_user` (`id`)
) ENGINE=InnoDB AUTO_INCREMENT=3 DEFAULT CHARSET=utf8mb4 COLLATE=utf8mb4_0900_ai_ci;
/*!40101 SET character_set_client = @saved_cs_client */;

--
-- Dumping data for table `api_violationstatusauditlog`
--

LOCK TABLES `api_violationstatusauditlog` WRITE;
/*!40000 ALTER TABLE `api_violationstatusauditlog` DISABLE KEYS */;
INSERT INTO `api_violationstatusauditlog` VALUES (1,'municipal_agriculturist','Not Reported','Fisherfolk Reported','','complete',1,'2025-11-21 07:42:04.569820','127.0.0.1','Mozilla/5.0 (Windows NT 10.0; Win64; x64) AppleWebKit/537.36 (KHTML, like Gecko) Chrome/142.0.0.0 Safari/537.36 Edg/142.0.0.0',2,3),(2,'municipal_agriculturist','Not Reported','Fisherfolk Reported','','complete',1,'2025-11-21 08:40:46.371293','127.0.0.1','Mozilla/5.0 (Windows NT 10.0; Win64; x64) AppleWebKit/537.36 (KHTML, like Gecko) Chrome/142.0.0.0 Safari/537.36 Edg/142.0.0.0',2,4);
/*!40000 ALTER TABLE `api_violationstatusauditlog` ENABLE KEYS */;
UNLOCK TABLES;

--
-- Table structure for table `auth_group`
--

DROP TABLE IF EXISTS `auth_group`;
/*!40101 SET @saved_cs_client     = @@character_set_client */;
/*!50503 SET character_set_client = utf8mb4 */;
CREATE TABLE `auth_group` (
  `id` int NOT NULL AUTO_INCREMENT,
  `name` varchar(150) NOT NULL,
  PRIMARY KEY (`id`),
  UNIQUE KEY `name` (`name`)
) ENGINE=InnoDB DEFAULT CHARSET=utf8mb4 COLLATE=utf8mb4_0900_ai_ci;
/*!40101 SET character_set_client = @saved_cs_client */;

--
-- Dumping data for table `auth_group`
--

LOCK TABLES `auth_group` WRITE;
/*!40000 ALTER TABLE `auth_group` DISABLE KEYS */;
/*!40000 ALTER TABLE `auth_group` ENABLE KEYS */;
UNLOCK TABLES;

--
-- Table structure for table `auth_group_permissions`
--

DROP TABLE IF EXISTS `auth_group_permissions`;
/*!40101 SET @saved_cs_client     = @@character_set_client */;
/*!50503 SET character_set_client = utf8mb4 */;
CREATE TABLE `auth_group_permissions` (
  `id` bigint NOT NULL AUTO_INCREMENT,
  `group_id` int NOT NULL,
  `permission_id` int NOT NULL,
  PRIMARY KEY (`id`),
  UNIQUE KEY `auth_group_permissions_group_id_permission_id_0cd325b0_uniq` (`group_id`,`permission_id`),
  KEY `auth_group_permissio_permission_id_84c5c92e_fk_auth_perm` (`permission_id`),
  CONSTRAINT `auth_group_permissio_permission_id_84c5c92e_fk_auth_perm` FOREIGN KEY (`permission_id`) REFERENCES `auth_permission` (`id`),
  CONSTRAINT `auth_group_permissions_group_id_b120cbf9_fk_auth_group_id` FOREIGN KEY (`group_id`) REFERENCES `auth_group` (`id`)
) ENGINE=InnoDB DEFAULT CHARSET=utf8mb4 COLLATE=utf8mb4_0900_ai_ci;
/*!40101 SET character_set_client = @saved_cs_client */;

--
-- Dumping data for table `auth_group_permissions`
--

LOCK TABLES `auth_group_permissions` WRITE;
/*!40000 ALTER TABLE `auth_group_permissions` DISABLE KEYS */;
/*!40000 ALTER TABLE `auth_group_permissions` ENABLE KEYS */;
UNLOCK TABLES;

--
-- Table structure for table `auth_permission`
--

DROP TABLE IF EXISTS `auth_permission`;
/*!40101 SET @saved_cs_client     = @@character_set_client */;
/*!50503 SET character_set_client = utf8mb4 */;
CREATE TABLE `auth_permission` (
  `id` int NOT NULL AUTO_INCREMENT,
  `name` varchar(255) NOT NULL,
  `content_type_id` int NOT NULL,
  `codename` varchar(100) NOT NULL,
  PRIMARY KEY (`id`),
  UNIQUE KEY `auth_permission_content_type_id_codename_01ab375a_uniq` (`content_type_id`,`codename`),
  CONSTRAINT `auth_permission_content_type_id_2f476e4b_fk_django_co` FOREIGN KEY (`content_type_id`) REFERENCES `django_content_type` (`id`)
) ENGINE=InnoDB AUTO_INCREMENT=149 DEFAULT CHARSET=utf8mb4 COLLATE=utf8mb4_0900_ai_ci;
/*!40101 SET character_set_client = @saved_cs_client */;

--
-- Dumping data for table `auth_permission`
--

LOCK TABLES `auth_permission` WRITE;
/*!40000 ALTER TABLE `auth_permission` DISABLE KEYS */;
INSERT INTO `auth_permission` VALUES (1,'Can add admin profile',1,'add_adminprofile'),(2,'Can change admin profile',1,'change_adminprofile'),(3,'Can delete admin profile',1,'delete_adminprofile'),(4,'Can view admin profile',1,'view_adminprofile'),(5,'Can add barangay',2,'add_barangay'),(6,'Can change barangay',2,'change_barangay'),(7,'Can delete barangay',2,'delete_barangay'),(8,'Can view barangay',2,'view_barangay'),(9,'Can add boat',3,'add_boat'),(10,'Can change boat',3,'change_boat'),(11,'Can delete boat',3,'delete_boat'),(12,'Can view boat',3,'view_boat'),(13,'Can add boundary crossing',4,'add_boundarycrossing'),(14,'Can change boundary crossing',4,'change_boundarycrossing'),(15,'Can delete boundary crossing',4,'delete_boundarycrossing'),(16,'Can view boundary crossing',4,'view_boundarycrossing'),(17,'Can add gear classification',5,'add_gearclassification'),(18,'Can change gear classification',5,'change_gearclassification'),(19,'Can delete gear classification',5,'delete_gearclassification'),(20,'Can view gear classification',5,'view_gearclassification'),(21,'Can add gear subtype',6,'add_gearsubtype'),(22,'Can change gear subtype',6,'change_gearsubtype'),(23,'Can delete gear subtype',6,'delete_gearsubtype'),(24,'Can view gear subtype',6,'view_gearsubtype'),(25,'Can add gps data',7,'add_gpsdata'),(26,'Can change gps data',7,'change_gpsdata'),(27,'Can delete gps data',7,'delete_gpsdata'),(28,'Can view gps data',7,'view_gpsdata'),(29,'Can add municipal agriculturist',8,'add_municipalagriculturist'),(30,'Can change municipal agriculturist',8,'change_municipalagriculturist'),(31,'Can delete municipal agriculturist',8,'delete_municipalagriculturist'),(32,'Can view municipal agriculturist',8,'view_municipalagriculturist'),(33,'Can add municipality',9,'add_municipality'),(34,'Can change municipality',9,'change_municipality'),(35,'Can delete municipality',9,'delete_municipality'),(36,'Can view municipality',9,'view_municipality'),(37,'Can add provincial agriculturist',10,'add_provincialagriculturist'),(38,'Can change provincial agriculturist',10,'change_provincialagriculturist'),(39,'Can delete provincial agriculturist',10,'delete_provincialagriculturist'),(40,'Can view provincial agriculturist',10,'view_provincialagriculturist'),(41,'Can add user',11,'add_user'),(42,'Can change user',11,'change_user'),(43,'Can delete user',11,'delete_user'),(44,'Can view user',11,'view_user'),(45,'Can add activity log',12,'add_activitylog'),(46,'Can change activity log',12,'change_activitylog'),(47,'Can delete activity log',12,'delete_activitylog'),(48,'Can view activity log',12,'view_activitylog'),(49,'Can add birukbilug tracker',13,'add_birukbilugtracker'),(50,'Can change birukbilug tracker',13,'change_birukbilugtracker'),(51,'Can delete birukbilug tracker',13,'delete_birukbilugtracker'),(52,'Can view birukbilug tracker',13,'view_birukbilugtracker'),(53,'Can add boat gear assignment',14,'add_boatgearassignment'),(54,'Can change boat gear assignment',14,'change_boatgearassignment'),(55,'Can delete boat gear assignment',14,'delete_boatgearassignment'),(56,'Can view boat gear assignment',14,'view_boatgearassignment'),(57,'Can add boat measurements',15,'add_boatmeasurements'),(58,'Can change boat measurements',15,'change_boatmeasurements'),(59,'Can delete boat measurements',15,'delete_boatmeasurements'),(60,'Can view boat measurements',15,'view_boatmeasurements'),(61,'Can add fisherfolk',16,'add_fisherfolk'),(62,'Can change fisherfolk',16,'change_fisherfolk'),(63,'Can delete fisherfolk',16,'delete_fisherfolk'),(64,'Can view fisherfolk',16,'view_fisherfolk'),(65,'Can add contacts',17,'add_contacts'),(66,'Can change contacts',17,'change_contacts'),(67,'Can delete contacts',17,'delete_contacts'),(68,'Can view contacts',17,'view_contacts'),(69,'Can add boundary violation notification',18,'add_boundaryviolationnotification'),(70,'Can change boundary violation notification',18,'change_boundaryviolationnotification'),(71,'Can delete boundary violation notification',18,'delete_boundaryviolationnotification'),(72,'Can view boundary violation notification',18,'view_boundaryviolationnotification'),(73,'Can add address',19,'add_address'),(74,'Can change address',19,'change_address'),(75,'Can delete address',19,'delete_address'),(76,'Can view address',19,'view_address'),(77,'Can add fisherfolk boat',20,'add_fisherfolkboat'),(78,'Can change fisherfolk boat',20,'change_fisherfolkboat'),(79,'Can delete fisherfolk boat',20,'delete_fisherfolkboat'),(80,'Can view fisherfolk boat',20,'view_fisherfolkboat'),(81,'Can add boat gear subtype assignment',21,'add_boatgearsubtypeassignment'),(82,'Can change boat gear subtype assignment',21,'change_boatgearsubtypeassignment'),(83,'Can delete boat gear subtype assignment',21,'delete_boatgearsubtypeassignment'),(84,'Can view boat gear subtype assignment',21,'view_boatgearsubtypeassignment'),(85,'Can add gear type',22,'add_geartype'),(86,'Can change gear type',22,'change_geartype'),(87,'Can delete gear type',22,'delete_geartype'),(88,'Can view gear type',22,'view_geartype'),(89,'Can add boat gear type assignment',23,'add_boatgeartypeassignment'),(90,'Can change boat gear type assignment',23,'change_boatgeartypeassignment'),(91,'Can delete boat gear type assignment',23,'delete_boatgeartypeassignment'),(92,'Can view boat gear type assignment',23,'view_boatgeartypeassignment'),(93,'Can add household',24,'add_household'),(94,'Can change household',24,'change_household'),(95,'Can delete household',24,'delete_household'),(96,'Can view household',24,'view_household'),(97,'Can add land boundary',25,'add_landboundary'),(98,'Can change land boundary',25,'change_landboundary'),(99,'Can delete land boundary',25,'delete_landboundary'),(100,'Can view land boundary',25,'view_landboundary'),(101,'Can add barangay verifier',26,'add_barangayverifier'),(102,'Can change barangay verifier',26,'change_barangayverifier'),(103,'Can delete barangay verifier',26,'delete_barangayverifier'),(104,'Can view barangay verifier',26,'view_barangayverifier'),(105,'Can add municipality boundary',27,'add_municipalityboundary'),(106,'Can change municipality boundary',27,'change_municipalityboundary'),(107,'Can delete municipality boundary',27,'delete_municipalityboundary'),(108,'Can view municipality boundary',27,'view_municipalityboundary'),(109,'Can add organization',28,'add_organization'),(110,'Can change organization',28,'change_organization'),(111,'Can delete organization',28,'delete_organization'),(112,'Can view organization',28,'view_organization'),(113,'Can add signatory',29,'add_signatory'),(114,'Can change signatory',29,'change_signatory'),(115,'Can delete signatory',29,'delete_signatory'),(116,'Can view signatory',29,'view_signatory'),(117,'Can add violation status audit log',30,'add_violationstatusauditlog'),(118,'Can change violation status audit log',30,'change_violationstatusauditlog'),(119,'Can delete violation status audit log',30,'delete_violationstatusauditlog'),(120,'Can view violation status audit log',30,'view_violationstatusauditlog'),(121,'Can add device token',31,'add_devicetoken'),(122,'Can change device token',31,'change_devicetoken'),(123,'Can delete device token',31,'delete_devicetoken'),(124,'Can view device token',31,'view_devicetoken'),(125,'Can add log entry',32,'add_logentry'),(126,'Can change log entry',32,'change_logentry'),(127,'Can delete log entry',32,'delete_logentry'),(128,'Can view log entry',32,'view_logentry'),(129,'Can add permission',33,'add_permission'),(130,'Can change permission',33,'change_permission'),(131,'Can delete permission',33,'delete_permission'),(132,'Can view permission',33,'view_permission'),(133,'Can add group',34,'add_group'),(134,'Can change group',34,'change_group'),(135,'Can delete group',34,'delete_group'),(136,'Can view group',34,'view_group'),(137,'Can add content type',35,'add_contenttype'),(138,'Can change content type',35,'change_contenttype'),(139,'Can delete content type',35,'delete_contenttype'),(140,'Can view content type',35,'view_contenttype'),(141,'Can add session',36,'add_session'),(142,'Can change session',36,'change_session'),(143,'Can delete session',36,'delete_session'),(144,'Can view session',36,'view_session'),(145,'Can add tracker status event',37,'add_trackerstatusevent'),(146,'Can change tracker status event',37,'change_trackerstatusevent'),(147,'Can delete tracker status event',37,'delete_trackerstatusevent'),(148,'Can view tracker status event',37,'view_trackerstatusevent');
/*!40000 ALTER TABLE `auth_permission` ENABLE KEYS */;
UNLOCK TABLES;

--
-- Table structure for table `django_admin_log`
--

DROP TABLE IF EXISTS `django_admin_log`;
/*!40101 SET @saved_cs_client     = @@character_set_client */;
/*!50503 SET character_set_client = utf8mb4 */;
CREATE TABLE `django_admin_log` (
  `id` int NOT NULL AUTO_INCREMENT,
  `action_time` datetime(6) NOT NULL,
  `object_id` longtext,
  `object_repr` varchar(200) NOT NULL,
  `action_flag` smallint unsigned NOT NULL,
  `change_message` longtext NOT NULL,
  `content_type_id` int DEFAULT NULL,
  `user_id` int NOT NULL,
  PRIMARY KEY (`id`),
  KEY `django_admin_log_content_type_id_c4bce8eb_fk_django_co` (`content_type_id`),
  KEY `django_admin_log_user_id_c564eba6_fk_api_user_id` (`user_id`),
  CONSTRAINT `django_admin_log_content_type_id_c4bce8eb_fk_django_co` FOREIGN KEY (`content_type_id`) REFERENCES `django_content_type` (`id`),
  CONSTRAINT `django_admin_log_user_id_c564eba6_fk_api_user_id` FOREIGN KEY (`user_id`) REFERENCES `api_user` (`id`),
  CONSTRAINT `django_admin_log_chk_1` CHECK ((`action_flag` >= 0))
) ENGINE=InnoDB DEFAULT CHARSET=utf8mb4 COLLATE=utf8mb4_0900_ai_ci;
/*!40101 SET character_set_client = @saved_cs_client */;

--
-- Dumping data for table `django_admin_log`
--

LOCK TABLES `django_admin_log` WRITE;
/*!40000 ALTER TABLE `django_admin_log` DISABLE KEYS */;
/*!40000 ALTER TABLE `django_admin_log` ENABLE KEYS */;
UNLOCK TABLES;

--
-- Table structure for table `django_content_type`
--

DROP TABLE IF EXISTS `django_content_type`;
/*!40101 SET @saved_cs_client     = @@character_set_client */;
/*!50503 SET character_set_client = utf8mb4 */;
CREATE TABLE `django_content_type` (
  `id` int NOT NULL AUTO_INCREMENT,
  `app_label` varchar(100) NOT NULL,
  `model` varchar(100) NOT NULL,
  PRIMARY KEY (`id`),
  UNIQUE KEY `django_content_type_app_label_model_76bd3d3b_uniq` (`app_label`,`model`)
) ENGINE=InnoDB AUTO_INCREMENT=38 DEFAULT CHARSET=utf8mb4 COLLATE=utf8mb4_0900_ai_ci;
/*!40101 SET character_set_client = @saved_cs_client */;

--
-- Dumping data for table `django_content_type`
--

LOCK TABLES `django_content_type` WRITE;
/*!40000 ALTER TABLE `django_content_type` DISABLE KEYS */;
INSERT INTO `django_content_type` VALUES (32,'admin','logentry'),(12,'api','activitylog'),(19,'api','address'),(1,'api','adminprofile'),(2,'api','barangay'),(26,'api','barangayverifier'),(13,'api','birukbilugtracker'),(3,'api','boat'),(14,'api','boatgearassignment'),(21,'api','boatgearsubtypeassignment'),(23,'api','boatgeartypeassignment'),(15,'api','boatmeasurements'),(4,'api','boundarycrossing'),(18,'api','boundaryviolationnotification'),(17,'api','contacts'),(31,'api','devicetoken'),(16,'api','fisherfolk'),(20,'api','fisherfolkboat'),(5,'api','gearclassification'),(6,'api','gearsubtype'),(22,'api','geartype'),(7,'api','gpsdata'),(24,'api','household'),(25,'api','landboundary'),(8,'api','municipalagriculturist'),(9,'api','municipality'),(27,'api','municipalityboundary'),(28,'api','organization'),(10,'api','provincialagriculturist'),(29,'api','signatory'),(37,'api','trackerstatusevent'),(11,'api','user'),(30,'api','violationstatusauditlog'),(34,'auth','group'),(33,'auth','permission'),(35,'contenttypes','contenttype'),(36,'sessions','session');
/*!40000 ALTER TABLE `django_content_type` ENABLE KEYS */;
UNLOCK TABLES;

--
-- Table structure for table `django_migrations`
--

DROP TABLE IF EXISTS `django_migrations`;
/*!40101 SET @saved_cs_client     = @@character_set_client */;
/*!50503 SET character_set_client = utf8mb4 */;
CREATE TABLE `django_migrations` (
  `id` bigint NOT NULL AUTO_INCREMENT,
  `app` varchar(255) NOT NULL,
  `name` varchar(255) NOT NULL,
  `applied` datetime(6) NOT NULL,
  PRIMARY KEY (`id`)
) ENGINE=InnoDB AUTO_INCREMENT=21 DEFAULT CHARSET=utf8mb4 COLLATE=utf8mb4_0900_ai_ci;
/*!40101 SET character_set_client = @saved_cs_client */;

--
-- Dumping data for table `django_migrations`
--

LOCK TABLES `django_migrations` WRITE;
/*!40000 ALTER TABLE `django_migrations` DISABLE KEYS */;
INSERT INTO `django_migrations` VALUES (1,'contenttypes','0001_initial','2025-11-17 05:06:06.249231'),(2,'contenttypes','0002_remove_content_type_name','2025-11-17 05:06:06.312173'),(3,'auth','0001_initial','2025-11-17 05:06:06.466612'),(4,'auth','0002_alter_permission_name_max_length','2025-11-17 05:06:06.507852'),(5,'auth','0003_alter_user_email_max_length','2025-11-17 05:06:06.510814'),(6,'auth','0004_alter_user_username_opts','2025-11-17 05:06:06.513341'),(7,'auth','0005_alter_user_last_login_null','2025-11-17 05:06:06.516002'),(8,'auth','0006_require_contenttypes_0002','2025-11-17 05:06:06.517417'),(9,'auth','0007_alter_validators_add_error_messages','2025-11-17 05:06:06.520040'),(10,'auth','0008_alter_user_username_max_length','2025-11-17 05:06:06.522618'),(11,'auth','0009_alter_user_last_name_max_length','2025-11-17 05:06:06.525681'),(12,'auth','0010_alter_group_name_max_length','2025-11-17 05:06:06.534269'),(13,'auth','0011_update_proxy_permissions','2025-11-17 05:06:06.537544'),(14,'auth','0012_alter_user_first_name_max_length','2025-11-17 05:06:06.540684'),(15,'api','0001_initial','2025-11-17 05:06:08.969438'),(16,'admin','0001_initial','2025-11-17 05:06:09.057014'),(17,'admin','0002_logentry_remove_auto_add','2025-11-17 05:06:09.065166'),(18,'admin','0003_logentry_add_action_flag_choices','2025-11-17 05:06:09.072669'),(19,'sessions','0001_initial','2025-11-17 05:06:09.091494'),(20,'api','0002_trackerstatusevent','2025-11-17 06:35:59.565801');
/*!40000 ALTER TABLE `django_migrations` ENABLE KEYS */;
UNLOCK TABLES;

--
-- Table structure for table `django_session`
--

DROP TABLE IF EXISTS `django_session`;
/*!40101 SET @saved_cs_client     = @@character_set_client */;
/*!50503 SET character_set_client = utf8mb4 */;
CREATE TABLE `django_session` (
  `session_key` varchar(40) NOT NULL,
  `session_data` longtext NOT NULL,
  `expire_date` datetime(6) NOT NULL,
  PRIMARY KEY (`session_key`),
  KEY `django_session_expire_date_a5c62663` (`expire_date`)
) ENGINE=InnoDB DEFAULT CHARSET=utf8mb4 COLLATE=utf8mb4_0900_ai_ci;
/*!40101 SET character_set_client = @saved_cs_client */;

--
-- Dumping data for table `django_session`
--

LOCK TABLES `django_session` WRITE;
/*!40000 ALTER TABLE `django_session` DISABLE KEYS */;
/*!40000 ALTER TABLE `django_session` ENABLE KEYS */;
UNLOCK TABLES;

--
-- Dumping routines for database 'db_banka'
--
/*!40103 SET TIME_ZONE=@OLD_TIME_ZONE */;

/*!40101 SET SQL_MODE=@OLD_SQL_MODE */;
/*!40014 SET FOREIGN_KEY_CHECKS=@OLD_FOREIGN_KEY_CHECKS */;
/*!40014 SET UNIQUE_CHECKS=@OLD_UNIQUE_CHECKS */;
/*!40101 SET CHARACTER_SET_CLIENT=@OLD_CHARACTER_SET_CLIENT */;
/*!40101 SET CHARACTER_SET_RESULTS=@OLD_CHARACTER_SET_RESULTS */;
/*!40101 SET COLLATION_CONNECTION=@OLD_COLLATION_CONNECTION */;
/*!40111 SET SQL_NOTES=@OLD_SQL_NOTES */;

-- Dump completed on 2025-11-22 22:39:47
