-- MySQL dump 10.13  Distrib 8.0.43, for Win64 (x86_64)
--
-- Host: localhost    Database: db_banka
-- ------------------------------------------------------
-- Server version	8.0.43

/*!40101 SET @OLD_CHARACTER_SET_CLIENT=@@CHARACTER_SET_CLIENT */;
/*!40101 SET @OLD_CHARACTER_SET_RESULTS=@@CHARACTER_SET_RESULTS */;
/*!40101 SET @OLD_COLLATION_CONNECTION=@@COLLATION_CONNECTION */;
/*!50503 SET NAMES utf8mb4 */;
/*!40103 SET @OLD_TIME_ZONE=@@TIME_ZONE */;
/*!40103 SET TIME_ZONE='+00:00' */;
/*!40014 SET @OLD_UNIQUE_CHECKS=@@UNIQUE_CHECKS, UNIQUE_CHECKS=0 */;
/*!40014 SET @OLD_FOREIGN_KEY_CHECKS=@@FOREIGN_KEY_CHECKS, FOREIGN_KEY_CHECKS=0 */;
/*!40101 SET @OLD_SQL_MODE=@@SQL_MODE, SQL_MODE='NO_AUTO_VALUE_ON_ZERO' */;
/*!40111 SET @OLD_SQL_NOTES=@@SQL_NOTES, SQL_NOTES=0 */;

--
-- Table structure for table `api_activitylog`
--

DROP TABLE IF EXISTS `api_activitylog`;
/*!40101 SET @saved_cs_client     = @@character_set_client */;
/*!50503 SET character_set_client = utf8mb4 */;
CREATE TABLE `api_activitylog` (
  `logId` int NOT NULL AUTO_INCREMENT,
  `action` varchar(255) COLLATE utf8mb4_unicode_ci NOT NULL,
  `timestamp` datetime(6) NOT NULL,
  `user_id` int NOT NULL,
  `description` longtext COLLATE utf8mb4_unicode_ci,
  `user_role` varchar(50) COLLATE utf8mb4_unicode_ci DEFAULT NULL,
  PRIMARY KEY (`logId`),
  KEY `api_activitylog_user_id_460724d0_fk_api_user_id` (`user_id`),
  CONSTRAINT `api_activitylog_user_id_460724d0_fk_api_user_id` FOREIGN KEY (`user_id`) REFERENCES `api_user` (`id`)
) ENGINE=InnoDB AUTO_INCREMENT=260 DEFAULT CHARSET=utf8mb4 COLLATE=utf8mb4_unicode_ci;
/*!40101 SET character_set_client = @saved_cs_client */;

--
-- Dumping data for table `api_activitylog`
--

LOCK TABLES `api_activitylog` WRITE;
/*!40000 ALTER TABLE `api_activitylog` DISABLE KEYS */;
INSERT INTO `api_activitylog` VALUES (1,'Authentication','2025-11-06 13:18:02.705956',1,'User logged in successfully',NULL),(2,'Fisherfolk Management','2025-11-06 13:18:09.446928',1,'Retrieved all fisherfolk records','admin'),(3,'User Management','2025-11-06 13:18:50.530335',1,'Created user 22100788@slc-sflu.edu.ph as admin',NULL),(4,'Authentication','2025-11-06 13:20:01.980538',2,'User logged in successfully',NULL),(5,'Account Security','2025-11-06 13:21:14.251369',2,'User set new password (first-time login)',NULL),(6,'Authentication','2025-11-06 13:22:09.655289',2,'User logged in successfully',NULL),(7,'Fisherfolk Management','2025-11-06 13:22:12.953015',2,'Retrieved all fisherfolk records','admin'),(8,'Fisherfolk Management','2025-11-06 13:23:31.107983',2,'Retrieved all fisherfolk records','admin'),(9,'Fisherfolk Management','2025-11-06 13:23:38.243972',2,'Retrieved all fisherfolk records','admin'),(10,'Authentication','2025-11-07 00:32:31.051328',2,'User logged in successfully',NULL),(11,'Fisherfolk Management','2025-11-07 00:32:46.588301',2,'Retrieved all fisherfolk records','admin'),(12,'Authentication','2025-11-07 01:57:53.524483',2,'User logged in successfully',NULL),(13,'Fisherfolk Management','2025-11-07 02:43:01.939371',2,'Retrieved all fisherfolk records','admin'),(14,'Fisherfolk Management','2025-11-07 02:45:40.240638',2,'Retrieved all fisherfolk records','admin'),(15,'Fisherfolk Management','2025-11-07 02:45:44.987349',2,'Retrieved all fisherfolk records','admin'),(16,'Fisherfolk Management','2025-11-07 03:08:16.925529',2,'Retrieved all fisherfolk records','admin'),(17,'Fisherfolk Management','2025-11-07 03:12:12.862368',2,'Retrieved all fisherfolk records','admin'),(18,'Authentication','2025-11-07 04:03:48.822534',2,'User logged in successfully',NULL),(19,'Fisherfolk Management','2025-11-07 04:03:51.093102',2,'Retrieved all fisherfolk records','admin'),(20,'Fisherfolk Management','2025-11-07 04:03:52.982777',2,'Retrieved all fisherfolk records','admin'),(21,'Fisherfolk Management','2025-11-07 04:03:57.518361',2,'Retrieved all fisherfolk records','admin'),(22,'Fisherfolk Management','2025-11-07 04:03:58.768044',2,'Retrieved all fisherfolk records','admin'),(23,'Fisherfolk Management','2025-11-07 04:04:01.016651',2,'Retrieved all fisherfolk records','admin'),(24,'Authentication','2025-11-07 04:17:59.462689',2,'User logged in successfully',NULL),(25,'Fisherfolk Management','2025-11-07 04:18:01.342442',2,'Retrieved all fisherfolk records','admin'),(26,'Authentication','2025-11-07 05:05:52.128511',2,'User logged in successfully',NULL),(27,'Fisherfolk Management','2025-11-07 05:05:54.309489',2,'Retrieved all fisherfolk records','admin'),(28,'Fisherfolk Management','2025-11-07 05:27:52.428074',2,'Retrieved all fisherfolk records','admin'),(29,'Authentication','2025-11-07 05:57:31.381944',2,'User logged in successfully',NULL),(30,'Fisherfolk Management','2025-11-07 05:57:34.951667',2,'Retrieved all fisherfolk records','admin'),(31,'Fisherfolk Management','2025-11-07 06:05:12.204032',2,'Retrieved all fisherfolk records','admin'),(32,'Fisherfolk Management','2025-11-07 06:05:16.545180',2,'Retrieved all fisherfolk records','admin'),(33,'Fisherfolk Management','2025-11-07 06:06:21.115121',2,'Retrieved all fisherfolk records','admin'),(34,'Fisherfolk Management','2025-11-07 06:07:53.722640',2,'Retrieved all fisherfolk records','admin'),(35,'Fisherfolk Management','2025-11-07 06:08:52.607571',2,'Retrieved all fisherfolk records','admin'),(36,'Fisherfolk Management','2025-11-07 06:08:53.655382',2,'Retrieved all fisherfolk records','admin'),(37,'Fisherfolk Management','2025-11-07 06:08:55.959030',2,'Retrieved all fisherfolk records','admin'),(38,'Fisherfolk Management','2025-11-07 06:09:08.161054',2,'Retrieved all fisherfolk records','admin'),(39,'Fisherfolk Management','2025-11-07 06:09:11.539414',2,'Retrieved all fisherfolk records','admin'),(40,'Authentication','2025-11-08 21:45:51.857488',2,'User logged in successfully',NULL),(41,'User Management','2025-11-08 21:48:06.498134',2,'Created user rinulan45@gmail.com as provincial_agriculturist',NULL),(42,'Authentication','2025-11-08 21:48:46.751926',3,'User logged in successfully',NULL),(43,'Account Security','2025-11-08 21:50:41.410828',3,'User set new password (first-time login)',NULL),(44,'Authentication','2025-11-08 21:50:49.729239',3,'User logged in successfully',NULL),(45,'Authentication','2025-11-08 21:51:27.017125',2,'User logged in successfully',NULL),(46,'Fisherfolk Management','2025-11-08 21:52:17.692429',2,'Retrieved all fisherfolk records','admin'),(47,'Fisherfolk Management','2025-11-08 21:52:19.400226',2,'Retrieved all fisherfolk records','admin'),(48,'Authentication','2025-11-08 21:57:36.954908',2,'User logged in successfully',NULL),(49,'Fisherfolk Management','2025-11-08 22:03:59.525014',2,'Retrieved all fisherfolk records','admin'),(50,'Fisherfolk Management','2025-11-08 22:15:09.976436',2,'Retrieved all fisherfolk records','admin'),(51,'Fisherfolk Management','2025-11-08 22:29:03.122147',2,'Retrieved all fisherfolk records','admin'),(52,'Fisherfolk Management','2025-11-08 22:30:51.749007',2,'Retrieved all fisherfolk records','admin'),(53,'Authentication','2025-11-08 23:16:50.528745',2,'User logged in successfully',NULL),(54,'Authentication','2025-11-08 23:24:33.053080',2,'User logged in successfully',NULL),(55,'Fisherfolk Management','2025-11-08 23:24:38.216141',2,'Retrieved all fisherfolk records','admin'),(56,'Fisherfolk Management','2025-11-09 00:19:51.423467',2,'Retrieved all fisherfolk records','admin'),(57,'Fisherfolk Management','2025-11-09 00:58:04.189258',2,'Retrieved all fisherfolk records','admin'),(58,'Fisherfolk Management','2025-11-09 01:08:49.127500',2,'Retrieved all fisherfolk records','admin'),(59,'Fisherfolk Management','2025-11-09 01:10:15.827759',2,'Retrieved all fisherfolk records','admin'),(60,'Fisherfolk Management','2025-11-09 01:10:20.802580',2,'Retrieved all fisherfolk records','admin'),(61,'Fisherfolk Management','2025-11-09 01:15:00.066352',2,'Retrieved all fisherfolk records','admin'),(62,'Fisherfolk Management','2025-11-09 01:15:03.350923',2,'Retrieved all fisherfolk records','admin'),(63,'Fisherfolk Management','2025-11-09 01:21:18.273562',2,'Retrieved all fisherfolk records','admin'),(64,'Fisherfolk Management','2025-11-09 01:34:58.669116',2,'Retrieved all fisherfolk records','admin'),(65,'Fisherfolk Management','2025-11-09 01:35:30.047107',2,'Retrieved all fisherfolk records','admin'),(66,'Fisherfolk Management','2025-11-09 01:39:51.242142',2,'Retrieved all fisherfolk records','admin'),(67,'Fisherfolk Management','2025-11-09 01:44:17.729187',2,'Retrieved all fisherfolk records','admin'),(68,'Fisherfolk Management','2025-11-09 01:50:38.171140',2,'Retrieved all fisherfolk records','admin'),(69,'Fisherfolk Management','2025-11-09 01:53:25.239428',2,'Retrieved all fisherfolk records','admin'),(70,'Fisherfolk Management','2025-11-09 02:11:55.223856',2,'Retrieved all fisherfolk records','admin'),(71,'Authentication','2025-11-09 05:00:45.974082',2,'User logged in successfully',NULL),(72,'Fisherfolk Management','2025-11-09 05:00:48.632828',2,'Retrieved all fisherfolk records','admin'),(73,'Fisherfolk Management','2025-11-09 05:01:03.382696',2,'Retrieved all fisherfolk records','admin'),(74,'Fisherfolk Management','2025-11-09 06:27:45.049531',2,'Retrieved all fisherfolk records','admin'),(75,'Fisherfolk Management','2025-11-09 06:33:53.997463',2,'Retrieved all fisherfolk records','admin'),(76,'Fisherfolk Management','2025-11-09 06:34:11.112922',2,'Retrieved all fisherfolk records','admin'),(77,'Fisherfolk Management','2025-11-09 06:57:48.460028',2,'Retrieved all fisherfolk records','admin'),(78,'Fisherfolk Management','2025-11-09 07:03:01.152408',2,'Retrieved all fisherfolk records','admin'),(79,'Authentication','2025-11-09 08:28:57.904783',3,'User logged in successfully',NULL),(80,'Authentication','2025-11-09 08:33:25.422673',2,'User logged in successfully',NULL),(81,'Fisherfolk Management','2025-11-09 08:33:26.719625',2,'Retrieved all fisherfolk records','admin'),(82,'Authentication','2025-11-09 08:35:35.087719',3,'User logged in successfully',NULL),(83,'Authentication','2025-11-09 08:48:46.465673',2,'User logged in successfully',NULL),(84,'Authentication','2025-11-09 08:49:24.886915',3,'User logged in successfully',NULL),(85,'Authentication','2025-11-09 09:27:10.289593',2,'User logged in successfully',NULL),(86,'User Management','2025-11-09 09:28:47.591149',2,'Created user seaszdairycreamz@gmail.com as municipal_agriculturist',NULL),(87,'Authentication','2025-11-09 09:29:22.182298',4,'User logged in successfully',NULL),(88,'Account Security','2025-11-09 09:29:34.102857',4,'User set new password (first-time login)',NULL),(89,'Authentication','2025-11-09 09:29:56.625726',4,'User logged in successfully',NULL),(90,'Authentication','2025-11-09 10:23:38.862930',4,'User logged in successfully',NULL),(91,'Authentication','2025-11-09 10:26:21.651927',4,'User logged in successfully',NULL),(92,'Authentication','2025-11-10 07:31:40.991091',2,'User logged in successfully',NULL),(93,'Fisherfolk Management','2025-11-10 07:31:46.493211',2,'Retrieved all fisherfolk records','admin'),(94,'User Management','2025-11-10 07:59:12.464921',2,'Created user popo@gmail.ph as municipal_agriculturist',NULL),(95,'Authentication','2025-11-10 08:45:20.235927',2,'User logged in successfully',NULL),(96,'Authentication','2025-11-10 09:42:34.532131',2,'User logged in successfully',NULL),(97,'Fisherfolk Management','2025-11-10 10:02:00.554380',2,'Retrieved all fisherfolk records','admin'),(98,'Authentication','2025-11-10 10:08:23.973184',2,'User logged in successfully',NULL),(99,'Authentication','2025-11-10 23:49:03.132451',2,'User logged in successfully',NULL),(100,'Fisherfolk Management','2025-11-10 23:49:11.287451',2,'Retrieved all fisherfolk records','admin'),(101,'Authentication','2025-11-11 00:24:38.902442',2,'User logged in successfully',NULL),(102,'Authentication','2025-11-11 01:43:09.410492',2,'User logged in successfully',NULL),(103,'Authentication','2025-11-11 02:15:15.954053',2,'User logged in successfully',NULL),(104,'Authentication','2025-11-11 02:39:10.884535',2,'User logged in successfully',NULL),(105,'Authentication','2025-11-11 05:30:41.331282',2,'User logged in successfully',NULL),(106,'Authentication','2025-11-11 07:53:37.512282',2,'User logged in successfully',NULL),(107,'Fisherfolk Management','2025-11-11 07:53:40.962310',2,'Retrieved all fisherfolk records','admin'),(108,'Fisherfolk Management','2025-11-11 07:57:11.852756',2,'Retrieved all fisherfolk records','admin'),(109,'Authentication','2025-11-11 08:53:55.696379',2,'User logged in successfully',NULL),(110,'Authentication','2025-11-11 09:19:36.070929',2,'User logged in successfully',NULL),(111,'Fisherfolk Management','2025-11-11 09:19:38.055504',2,'Retrieved all fisherfolk records','admin'),(112,'Authentication','2025-11-11 09:35:40.966833',2,'User logged in successfully',NULL),(113,'Fisherfolk Management','2025-11-11 11:15:04.826226',2,'Retrieved all fisherfolk records','admin'),(114,'Authentication','2025-11-11 11:24:44.026242',2,'User logged in successfully',NULL),(115,'Authentication','2025-11-11 14:10:10.123458',2,'User logged in successfully',NULL),(116,'Authentication','2025-11-12 04:24:01.728447',2,'User logged in successfully',NULL),(117,'Fisherfolk Management','2025-11-12 04:24:06.183366',2,'Retrieved all fisherfolk records','admin'),(118,'Fisherfolk Management','2025-11-12 04:25:25.971658',2,'Retrieved all fisherfolk records','admin'),(119,'Fisherfolk Management','2025-11-12 04:28:39.900540',2,'Retrieved all fisherfolk records','admin'),(120,'Fisherfolk Management','2025-11-12 04:28:57.575018',2,'Retrieved all fisherfolk records','admin'),(121,'Fisherfolk Management','2025-11-12 04:31:29.862181',2,'Retrieved all fisherfolk records','admin'),(122,'Fisherfolk Management','2025-11-12 04:54:42.953805',2,'Retrieved all fisherfolk records','admin'),(123,'Fisherfolk Management','2025-11-12 04:55:14.627178',2,'Retrieved all fisherfolk records','admin'),(124,'Fisherfolk Management','2025-11-12 04:55:16.855606',2,'Retrieved all fisherfolk records','admin'),(125,'Fisherfolk Management','2025-11-12 04:55:30.250903',2,'Retrieved all fisherfolk records','admin'),(126,'Tracker Management','2025-11-12 05:08:37.163748',2,'Registered tracker CSF-0001 for municipality City Of San Fernando',NULL),(127,'System','2025-11-12 05:08:37.210945',2,'DeviceToken created for tracker=CSF-0001 by 22100788@slc-sflu.edu.ph',NULL),(128,'Authentication','2025-11-12 05:41:05.493871',2,'User logged in successfully',NULL),(129,'Fisherfolk Management','2025-11-12 06:23:00.911074',2,'Retrieved all fisherfolk records','admin'),(130,'Tracker Management','2025-11-12 06:45:47.457971',2,'Registered tracker CSF-0002 for municipality City Of San Fernando',NULL),(131,'System','2025-11-12 06:45:47.496145',2,'DeviceToken created for tracker=CSF-0002 by 22100788@slc-sflu.edu.ph',NULL),(132,'Authentication','2025-11-12 06:47:22.797471',2,'User logged in successfully',NULL),(133,'Fisherfolk Management','2025-11-12 06:47:25.843019',2,'Retrieved all fisherfolk records','admin'),(134,'Tracker Management','2025-11-12 06:47:35.168240',2,'Registered tracker CSF-0003 for municipality City Of San Fernando',NULL),(135,'System','2025-11-12 06:47:35.207707',2,'DeviceToken created for tracker=CSF-0003 by 22100788@slc-sflu.edu.ph',NULL),(136,'Tracker Management','2025-11-12 06:48:09.956025',2,'Registered tracker AGO-0001 for municipality Agoo',NULL),(137,'System','2025-11-12 06:48:09.991641',2,'DeviceToken created for tracker=AGO-0001 by 22100788@slc-sflu.edu.ph',NULL),(138,'Tracker Management','2025-11-12 06:54:47.407168',2,'Registered tracker CSF-0004 for municipality City Of San Fernando',NULL),(139,'System','2025-11-12 06:54:47.616025',2,'DeviceToken created for tracker=CSF-0004 by 22100788@slc-sflu.edu.ph',NULL),(140,'Tracker Management','2025-11-12 07:06:35.744305',2,'Registered tracker CSF-0005 for municipality City Of San Fernando',NULL),(141,'System','2025-11-12 07:06:35.780728',2,'DeviceToken created for tracker=CSF-0005 by 22100788@slc-sflu.edu.ph',NULL),(142,'Tracker Management','2025-11-12 07:06:48.552025',2,'Registered tracker CSF-0006 for municipality City Of San Fernando',NULL),(143,'System','2025-11-12 07:06:48.588901',2,'DeviceToken created for tracker=CSF-0006 by 22100788@slc-sflu.edu.ph',NULL),(144,'Tracker Management','2025-11-12 07:07:03.459588',2,'Registered tracker AGO-0002 for municipality Agoo',NULL),(145,'System','2025-11-12 07:07:03.494202',2,'DeviceToken created for tracker=AGO-0002 by 22100788@slc-sflu.edu.ph',NULL),(146,'Authentication','2025-11-12 11:38:40.835501',2,'User logged in successfully',NULL),(147,'Fisherfolk Management','2025-11-12 11:38:44.110762',2,'Retrieved all fisherfolk records','admin'),(148,'Authentication','2025-11-12 13:33:43.784403',2,'User logged in successfully',NULL),(149,'Tracker Management','2025-11-12 13:33:54.496774',2,'Registered tracker CSF-0007 for municipality City Of San Fernando',NULL),(150,'System','2025-11-12 13:33:54.530702',2,'DeviceToken created for tracker=CSF-0007 by 22100788@slc-sflu.edu.ph',NULL),(151,'Tracker Management','2025-11-12 13:34:16.634664',2,'Registered tracker CSF-0008 for municipality City Of San Fernando',NULL),(152,'System','2025-11-12 13:34:16.665278',2,'DeviceToken created for tracker=CSF-0008 by 22100788@slc-sflu.edu.ph',NULL),(153,'Tracker Management','2025-11-12 13:38:07.174123',2,'Registered tracker CSF-0009 for municipality City Of San Fernando',NULL),(154,'System','2025-11-12 13:38:07.202019',2,'DeviceToken created for tracker=CSF-0009 by 22100788@slc-sflu.edu.ph',NULL),(155,'Authentication','2025-11-12 13:45:57.526790',2,'User logged in successfully',NULL),(156,'Tracker Management','2025-11-12 13:46:07.656673',2,'Registered tracker CSF-0010 for municipality City Of San Fernando',NULL),(157,'System','2025-11-12 13:46:07.681893',2,'DeviceToken created for tracker=CSF-0010 by 22100788@slc-sflu.edu.ph',NULL),(158,'Tracker Management','2025-11-12 13:48:50.310659',2,'Registered tracker CSF-0011 for municipality City Of San Fernando',NULL),(159,'System','2025-11-12 13:48:50.331741',2,'DeviceToken created for tracker=CSF-0011 by 22100788@slc-sflu.edu.ph',NULL),(160,'Authentication','2025-11-12 14:17:23.742398',2,'User logged in successfully',NULL),(161,'Tracker Management','2025-11-12 14:17:31.332372',2,'Registered tracker CSF-0012 for municipality City Of San Fernando',NULL),(162,'System','2025-11-12 14:17:31.352701',2,'DeviceToken created for tracker=CSF-0012 by 22100788@slc-sflu.edu.ph',NULL),(163,'Tracker Management','2025-11-12 14:22:31.341024',2,'Registered tracker CSF-0013 for municipality City Of San Fernando',NULL),(164,'System','2025-11-12 14:22:31.364228',2,'DeviceToken created for tracker=CSF-0013 by 22100788@slc-sflu.edu.ph',NULL),(165,'Authentication','2025-11-12 14:38:57.854287',2,'User logged in successfully',NULL),(166,'Tracker Management','2025-11-12 14:39:08.130997',2,'Registered tracker CSF-0014 for municipality City Of San Fernando',NULL),(167,'System','2025-11-12 14:39:08.154676',2,'DeviceToken created for tracker=CSF-0014 by 22100788@slc-sflu.edu.ph',NULL),(168,'Authentication','2025-11-12 14:43:38.213846',2,'User logged in successfully',NULL),(169,'Tracker Management','2025-11-12 14:43:43.902451',2,'Registered tracker CSF-0015 for municipality City Of San Fernando',NULL),(170,'System','2025-11-12 14:43:43.929312',2,'DeviceToken created for tracker=CSF-0015 by 22100788@slc-sflu.edu.ph',NULL),(171,'Authentication','2025-11-12 14:47:21.398605',2,'User logged in successfully',NULL),(172,'Fisherfolk Management','2025-11-12 14:47:23.189516',2,'Retrieved all fisherfolk records','admin'),(173,'Tracker Management','2025-11-12 14:47:30.010062',2,'Registered tracker CSF-0016 for municipality City Of San Fernando',NULL),(174,'System','2025-11-12 14:47:30.034479',2,'DeviceToken created for tracker=CSF-0016 by 22100788@slc-sflu.edu.ph',NULL),(175,'Tracker Management','2025-11-12 14:47:58.558367',2,'Registered tracker CSF-0017 for municipality City Of San Fernando',NULL),(176,'System','2025-11-12 14:47:58.582912',2,'DeviceToken created for tracker=CSF-0017 by 22100788@slc-sflu.edu.ph',NULL),(177,'Tracker Management','2025-11-12 14:49:06.186246',2,'Registered tracker CSF-0018 for municipality City Of San Fernando',NULL),(178,'System','2025-11-12 14:49:06.211440',2,'DeviceToken created for tracker=CSF-0018 by 22100788@slc-sflu.edu.ph',NULL),(179,'Authentication','2025-11-12 15:01:03.393132',2,'User logged in successfully',NULL),(180,'Tracker Management','2025-11-12 15:01:12.408983',2,'Registered tracker CSF-0019 for municipality City Of San Fernando',NULL),(181,'System','2025-11-12 15:01:12.441656',2,'DeviceToken created for tracker=CSF-0019 by 22100788@slc-sflu.edu.ph',NULL),(182,'Tracker Management','2025-11-12 15:02:56.016426',2,'Registered tracker CSF-0020 for municipality City Of San Fernando',NULL),(183,'System','2025-11-12 15:02:56.043299',2,'DeviceToken created for tracker=CSF-0020 by 22100788@slc-sflu.edu.ph',NULL),(184,'Tracker Management','2025-11-12 15:06:26.495760',2,'Registered tracker CSF-0021 for municipality City Of San Fernando',NULL),(185,'System','2025-11-12 15:06:26.515892',2,'DeviceToken created for tracker=CSF-0021 by 22100788@slc-sflu.edu.ph',NULL),(186,'Authentication','2025-11-12 15:22:55.069029',2,'User logged in successfully',NULL),(187,'Tracker Management','2025-11-12 15:23:04.251916',2,'Registered tracker CSF-0022 for municipality City Of San Fernando',NULL),(188,'System','2025-11-12 15:23:04.278314',2,'DeviceToken created for tracker=CSF-0022 by 22100788@slc-sflu.edu.ph',NULL),(189,'Authentication','2025-11-12 23:33:22.793011',2,'User logged in successfully',NULL),(190,'Fisherfolk Management','2025-11-12 23:33:37.425944',2,'Retrieved all fisherfolk records','admin'),(191,'Fisherfolk Management','2025-11-12 23:33:57.300226',2,'Retrieved all fisherfolk records','admin'),(192,'Tracker Management','2025-11-12 23:34:16.097410',2,'Registered tracker CSF-0023 for municipality City Of San Fernando',NULL),(193,'System','2025-11-12 23:34:16.134018',2,'DeviceToken created for tracker=CSF-0023 by 22100788@slc-sflu.edu.ph',NULL),(194,'Authentication','2025-11-12 23:46:14.728462',2,'User logged in successfully',NULL),(195,'Tracker Management','2025-11-12 23:46:21.274363',2,'Registered tracker CSF-0024 for municipality City Of San Fernando',NULL),(196,'System','2025-11-12 23:46:21.303007',2,'DeviceToken created for tracker=CSF-0024 by 22100788@slc-sflu.edu.ph',NULL),(197,'Authentication','2025-11-12 23:52:50.278085',2,'User logged in successfully',NULL),(198,'Tracker Management','2025-11-12 23:53:18.422035',2,'Registered tracker AGO-0003 for municipality Agoo',NULL),(199,'System','2025-11-12 23:53:18.450053',2,'DeviceToken created for tracker=AGO-0003 by 22100788@slc-sflu.edu.ph',NULL),(200,'Tracker Management','2025-11-12 23:53:57.771003',2,'Registered tracker CSF-0025 for municipality City Of San Fernando',NULL),(201,'System','2025-11-12 23:53:57.791412',2,'DeviceToken created for tracker=CSF-0025 by 22100788@slc-sflu.edu.ph',NULL),(202,'Tracker Management','2025-11-13 00:03:05.120448',2,'Registered tracker CSF-0026 for municipality City Of San Fernando',NULL),(203,'System','2025-11-13 00:03:05.143700',2,'DeviceToken created for tracker=CSF-0026 by 22100788@slc-sflu.edu.ph',NULL),(204,'Authentication','2025-11-13 00:11:27.092039',2,'User logged in successfully',NULL),(205,'Fisherfolk Management','2025-11-13 00:11:29.225100',2,'Retrieved all fisherfolk records','admin'),(206,'Tracker Management','2025-11-13 00:11:36.603279',2,'Registered tracker CSF-0027 for municipality City Of San Fernando',NULL),(207,'System','2025-11-13 00:11:36.627771',2,'DeviceToken created for tracker=CSF-0027 by 22100788@slc-sflu.edu.ph',NULL),(208,'Authentication','2025-11-13 01:59:14.479396',2,'User logged in successfully',NULL),(209,'Fisherfolk Management','2025-11-13 01:59:45.220993',2,'Retrieved all fisherfolk records','admin'),(210,'Fisherfolk Management','2025-11-13 01:59:51.913255',2,'Retrieved all fisherfolk records','admin'),(211,'Fisherfolk Management','2025-11-13 02:02:56.865681',2,'Retrieved all fisherfolk records','admin'),(212,'Authentication','2025-11-13 11:51:06.803335',2,'User logged in successfully',NULL),(213,'Fisherfolk Management','2025-11-13 11:51:09.399758',2,'Retrieved all fisherfolk records','admin'),(214,'Fisherfolk Management','2025-11-13 11:51:30.520274',2,'Retrieved all fisherfolk records','admin'),(215,'Fisherfolk Management','2025-11-13 11:51:32.719093',2,'Retrieved all fisherfolk records','admin'),(216,'Tracker Management','2025-11-13 12:27:39.312602',2,'Registered tracker CSF-0028 for municipality City Of San Fernando',NULL),(217,'System','2025-11-13 12:27:39.336157',2,'DeviceToken created for tracker=CSF-0028 by 22100788@slc-sflu.edu.ph',NULL),(218,'Fisherfolk Management','2025-11-13 12:36:20.970663',2,'Retrieved all fisherfolk records','admin'),(219,'Authentication','2025-11-13 13:05:34.618590',2,'User logged in successfully',NULL),(220,'Fisherfolk Management','2025-11-13 13:05:38.178327',2,'Retrieved all fisherfolk records','admin'),(221,'Authentication','2025-11-13 13:47:19.118590',2,'User logged in successfully',NULL),(222,'Fisherfolk Management','2025-11-13 13:47:32.010661',2,'Retrieved all fisherfolk records','admin'),(223,'Authentication','2025-11-13 14:11:00.363447',2,'User logged in successfully',NULL),(224,'Fisherfolk Management','2025-11-13 14:11:02.181431',2,'Retrieved all fisherfolk records','admin'),(225,'Authentication','2025-11-13 14:29:46.565265',2,'User logged in successfully',NULL),(226,'Fisherfolk Management','2025-11-13 14:29:49.796335',2,'Retrieved all fisherfolk records','admin'),(227,'Authentication','2025-11-13 14:46:41.149332',2,'User logged in successfully',NULL),(228,'Fisherfolk Management','2025-11-13 14:46:42.499629',2,'Retrieved all fisherfolk records','admin'),(229,'Authentication','2025-11-13 14:48:39.578575',2,'User logged in successfully',NULL),(230,'Fisherfolk Management','2025-11-13 14:48:41.133988',2,'Retrieved all fisherfolk records','admin'),(231,'Authentication','2025-11-13 15:20:15.093209',2,'User logged in successfully',NULL),(232,'Authentication','2025-11-13 15:49:13.372064',2,'User logged in successfully',NULL),(233,'Fisherfolk Management','2025-11-13 15:49:14.797493',2,'Retrieved all fisherfolk records','admin'),(234,'Fisherfolk Management','2025-11-13 16:43:21.307121',2,'Retrieved all fisherfolk records','admin'),(235,'Authentication','2025-11-13 16:54:01.321732',2,'User logged in successfully',NULL),(236,'Authentication','2025-11-14 05:08:40.401020',2,'User logged in successfully',NULL),(237,'Fisherfolk Management','2025-11-14 05:08:43.302595',2,'Retrieved all fisherfolk records','admin'),(238,'Tracker Management','2025-11-14 05:18:12.707660',2,'Registered tracker CSF-0029 for municipality City Of San Fernando',NULL),(239,'System','2025-11-14 05:18:12.748033',2,'DeviceToken created for tracker=CSF-0029 by 22100788@slc-sflu.edu.ph',NULL),(240,'Authentication','2025-11-14 05:34:14.678761',2,'User logged in successfully',NULL),(241,'Authentication','2025-11-14 05:39:32.150631',2,'User logged in successfully',NULL),(242,'Authentication','2025-11-14 06:10:56.726393',2,'User logged in successfully',NULL),(243,'Authentication','2025-11-14 06:17:09.487265',2,'User logged in successfully',NULL),(244,'Authentication','2025-11-14 06:23:31.763139',2,'User logged in successfully',NULL),(245,'Authentication','2025-11-14 06:28:41.241241',2,'User logged in successfully',NULL),(246,'Authentication','2025-11-14 10:42:56.993830',2,'User logged in successfully',NULL),(247,'Fisherfolk Management','2025-11-14 10:42:59.665241',2,'Retrieved all fisherfolk records','admin'),(248,'Fisherfolk Management','2025-11-14 10:49:43.803122',2,'Retrieved all fisherfolk records','admin'),(249,'Authentication','2025-11-14 10:51:54.521148',2,'User logged in successfully',NULL),(250,'Authentication','2025-11-14 12:14:50.833324',2,'User logged in successfully',NULL),(251,'Fisherfolk Management','2025-11-14 12:14:54.436164',2,'Retrieved all fisherfolk records','admin'),(252,'Authentication','2025-11-14 14:34:31.149798',2,'User logged in successfully',NULL),(253,'Authentication','2025-11-15 03:26:47.166310',2,'User logged in successfully',NULL),(254,'Fisherfolk Management','2025-11-15 03:26:49.260791',2,'Retrieved all fisherfolk records','admin'),(255,'Authentication','2025-11-15 04:27:45.169827',2,'User logged in successfully',NULL),(256,'Authentication','2025-11-15 05:01:52.815145',2,'User logged in successfully',NULL),(257,'Authentication','2025-11-15 06:12:11.616043',2,'User logged in successfully',NULL),(258,'Fisherfolk Management','2025-11-15 06:12:13.657305',2,'Retrieved all fisherfolk records','admin'),(259,'Authentication','2025-11-15 06:20:05.372315',2,'User logged in successfully',NULL);
/*!40000 ALTER TABLE `api_activitylog` ENABLE KEYS */;
UNLOCK TABLES;

--
-- Table structure for table `api_address`
--

DROP TABLE IF EXISTS `api_address`;
/*!40101 SET @saved_cs_client     = @@character_set_client */;
/*!50503 SET character_set_client = utf8mb4 */;
CREATE TABLE `api_address` (
  `address_log` int NOT NULL AUTO_INCREMENT,
  `street` varchar(255) COLLATE utf8mb4_unicode_ci NOT NULL,
  `barangay` varchar(100) COLLATE utf8mb4_unicode_ci NOT NULL,
  `municipality` varchar(100) COLLATE utf8mb4_unicode_ci NOT NULL,
  `province` varchar(100) COLLATE utf8mb4_unicode_ci NOT NULL,
  `region` varchar(100) COLLATE utf8mb4_unicode_ci NOT NULL,
  `residency_years` int unsigned NOT NULL,
  `barangay_verifier` varchar(100) COLLATE utf8mb4_unicode_ci NOT NULL,
  `position` varchar(100) COLLATE utf8mb4_unicode_ci NOT NULL,
  `verified_date` date DEFAULT NULL,
  `date_added` datetime(6) NOT NULL,
  `fisherfolk_id` varchar(50) COLLATE utf8mb4_unicode_ci NOT NULL,
  PRIMARY KEY (`address_log`),
  UNIQUE KEY `fisherfolk_id` (`fisherfolk_id`),
  CONSTRAINT `api_address_fisherfolk_id_c53fac96_fk_api_fishe` FOREIGN KEY (`fisherfolk_id`) REFERENCES `api_fisherfolk` (`registration_number`),
  CONSTRAINT `api_address_chk_1` CHECK ((`residency_years` >= 0))
) ENGINE=InnoDB AUTO_INCREMENT=7 DEFAULT CHARSET=utf8mb4 COLLATE=utf8mb4_unicode_ci;
/*!40101 SET character_set_client = @saved_cs_client */;

--
-- Dumping data for table `api_address`
--

LOCK TABLES `api_address` WRITE;
/*!40000 ALTER TABLE `api_address` DISABLE KEYS */;
INSERT INTO `api_address` VALUES (3,'One St.','Barangay I','City Of San Fernando','La Union','Region 1',28,'Juan Dela Cruz','Barangay Captain','2024-12-12','2025-11-09 01:14:57.719177','2025-123454678-96454'),(4,'','Barangay I','City Of San Fernando','La Union','Region 1',12,'Juan Dela Cruz','Barangay Captain','2023-12-14','2025-11-09 02:25:40.982670','2025-091238109-80802'),(5,'One St.','Barangay I','City Of San Fernando','La Union','Region 1',12,'Juan Dela Cruz','Barangay Captain','2023-12-14','2025-11-09 09:32:51.795659','2334-654758566-43424'),(6,'Xczxcvxcv','Barangay I','City Of San Fernando','La Union','Region 1',2,'Juan Dela Cruz','Barangay Captain','2025-10-07','2025-11-12 04:34:34.616646','2025-483284947-39423');
/*!40000 ALTER TABLE `api_address` ENABLE KEYS */;
UNLOCK TABLES;

--
-- Table structure for table `api_adminprofile`
--

DROP TABLE IF EXISTS `api_adminprofile`;
/*!40101 SET @saved_cs_client     = @@character_set_client */;
/*!50503 SET character_set_client = utf8mb4 */;
CREATE TABLE `api_adminprofile` (
  `admin_id` int NOT NULL AUTO_INCREMENT,
  `first_name` varchar(100) COLLATE utf8mb4_unicode_ci NOT NULL,
  `middle_name` varchar(100) COLLATE utf8mb4_unicode_ci DEFAULT NULL,
  `last_name` varchar(100) COLLATE utf8mb4_unicode_ci NOT NULL,
  `sex` varchar(10) COLLATE utf8mb4_unicode_ci NOT NULL,
  `contact_number` varchar(20) COLLATE utf8mb4_unicode_ci NOT NULL,
  `position` varchar(100) COLLATE utf8mb4_unicode_ci NOT NULL,
  `status` varchar(20) COLLATE utf8mb4_unicode_ci NOT NULL,
  `date_added` datetime(6) NOT NULL,
  PRIMARY KEY (`admin_id`)
) ENGINE=InnoDB AUTO_INCREMENT=2 DEFAULT CHARSET=utf8mb4 COLLATE=utf8mb4_unicode_ci;
/*!40101 SET character_set_client = @saved_cs_client */;

--
-- Dumping data for table `api_adminprofile`
--

LOCK TABLES `api_adminprofile` WRITE;
/*!40000 ALTER TABLE `api_adminprofile` DISABLE KEYS */;
INSERT INTO `api_adminprofile` VALUES (1,'Lorraine','Pajimola','Espiritu','female','+639000000000','System Administrator','Active','2025-11-06 13:18:50.043098');
/*!40000 ALTER TABLE `api_adminprofile` ENABLE KEYS */;
UNLOCK TABLES;

--
-- Table structure for table `api_barangay`
--

DROP TABLE IF EXISTS `api_barangay`;
/*!40101 SET @saved_cs_client     = @@character_set_client */;
/*!50503 SET character_set_client = utf8mb4 */;
CREATE TABLE `api_barangay` (
  `barangay_id` int NOT NULL AUTO_INCREMENT,
  `name` varchar(100) COLLATE utf8mb4_unicode_ci NOT NULL,
  `created_at` datetime(6) NOT NULL,
  `updated_at` datetime(6) NOT NULL,
  `municipality_id` int NOT NULL,
  PRIMARY KEY (`barangay_id`),
  UNIQUE KEY `api_barangay_name_municipality_id_4e4e5b6c_uniq` (`name`,`municipality_id`),
  KEY `api_barangay_municipality_id_45528ecd_fk_api_munic` (`municipality_id`),
  CONSTRAINT `api_barangay_municipality_id_45528ecd_fk_api_munic` FOREIGN KEY (`municipality_id`) REFERENCES `api_municipality` (`municipality_id`)
) ENGINE=InnoDB AUTO_INCREMENT=573 DEFAULT CHARSET=utf8mb4 COLLATE=utf8mb4_unicode_ci;
/*!40101 SET character_set_client = @saved_cs_client */;

--
-- Dumping data for table `api_barangay`
--

LOCK TABLES `api_barangay` WRITE;
/*!40000 ALTER TABLE `api_barangay` DISABLE KEYS */;
INSERT INTO `api_barangay` VALUES (1,'Ambitacay','2025-11-06 13:44:16.212226','2025-11-06 13:44:16.212249',1),(2,'Macalva Central','2025-11-06 13:44:16.246789','2025-11-06 13:44:16.246812',1),(3,'Macalva Norte','2025-11-06 13:44:16.280306','2025-11-06 13:44:16.280327',1),(4,'Nazareno','2025-11-06 13:44:16.312645','2025-11-06 13:44:16.312664',1),(5,'Macalva Sur','2025-11-06 13:44:16.352110','2025-11-06 13:44:16.352151',1),(6,'Purok','2025-11-06 13:44:16.382123','2025-11-06 13:44:16.382153',1),(7,'San Agustin East','2025-11-06 13:44:16.414960','2025-11-06 13:44:16.414995',1),(8,'San Agustin Norte','2025-11-06 13:44:16.444452','2025-11-06 13:44:16.444484',1),(9,'San Antonino','2025-11-06 13:44:16.474082','2025-11-06 13:44:16.474121',1),(10,'San Agustin Sur','2025-11-06 13:44:16.507944','2025-11-06 13:44:16.507999',1),(11,'San Jose Sur','2025-11-06 13:44:16.621434','2025-11-06 13:44:16.621460',1),(12,'San Isidro','2025-11-06 13:44:16.621725','2025-11-06 13:44:16.621736',1),(13,'San Francisco','2025-11-06 13:44:16.623055','2025-11-06 13:44:16.623079',1),(14,'San Joaquin Norte','2025-11-06 13:44:16.629279','2025-11-06 13:44:16.629301',1),(15,'San Antonio','2025-11-06 13:44:16.633914','2025-11-06 13:44:16.633933',1),(16,'San Jose Norte','2025-11-06 13:44:16.646947','2025-11-06 13:44:16.646987',1),(17,'San Julian Central','2025-11-06 13:44:16.668056','2025-11-06 13:44:16.668084',1),(18,'San Joaquin Sur','2025-11-06 13:44:16.672964','2025-11-06 13:44:16.673009',1),(19,'San Julian East','2025-11-06 13:44:16.676838','2025-11-06 13:44:16.676867',1),(20,'San Juan','2025-11-06 13:44:16.682145','2025-11-06 13:44:16.682170',1),(21,'San Julian Norte','2025-11-06 13:44:16.692080','2025-11-06 13:44:16.692174',1),(22,'San Julian West','2025-11-06 13:44:16.694439','2025-11-06 13:44:16.694482',1),(23,'San Manuel Sur','2025-11-06 13:44:16.713988','2025-11-06 13:44:16.714025',1),(24,'San Nicolas Central','2025-11-06 13:44:16.726978','2025-11-06 13:44:16.727028',1),(25,'San Miguel','2025-11-06 13:44:16.730414','2025-11-06 13:44:16.730436',1),(26,'San Manuel Norte','2025-11-06 13:44:16.733948','2025-11-06 13:44:16.733979',1),(27,'San Nicolas East','2025-11-06 13:44:16.747603','2025-11-06 13:44:16.747632',1),(28,'Balawarte','2025-11-06 13:44:16.747902','2025-11-06 13:44:16.747919',1),(29,'Capas','2025-11-06 13:44:16.761678','2025-11-06 13:44:16.761701',1),(30,'San Marcos','2025-11-06 13:44:16.770119','2025-11-06 13:44:16.770155',1),(31,'Consolacion','2025-11-06 13:44:16.772935','2025-11-06 13:44:16.772957',1),(32,'San Nicolas Sur','2025-11-06 13:46:50.503155','2025-11-06 13:46:50.503179',1),(33,'San Pedro','2025-11-06 13:46:50.512467','2025-11-06 13:46:50.512490',1),(34,'San Vicente Norte','2025-11-06 13:46:50.516628','2025-11-06 13:46:50.516677',1),(35,'San Roque East','2025-11-06 13:46:50.522372','2025-11-06 13:46:50.522393',1),(36,'San Vicente Sur','2025-11-06 13:46:50.522941','2025-11-06 13:46:50.522955',1),(37,'San Roque West','2025-11-06 13:46:50.523356','2025-11-06 13:46:50.523367',1),(38,'Santa Ana','2025-11-06 13:46:50.543942','2025-11-06 13:46:50.543986',1),(39,'Santa Fe','2025-11-06 13:46:50.570419','2025-11-06 13:46:50.570459',1),(40,'Santa Barbara','2025-11-06 13:46:50.570894','2025-11-06 13:46:50.570908',1),(41,'Santa Monica','2025-11-06 13:46:50.576778','2025-11-06 13:46:50.576808',1),(42,'Santa Rita (Nalinac)','2025-11-06 13:46:50.581120','2025-11-06 13:46:50.581162',1),(43,'Santa Maria','2025-11-06 13:46:50.582880','2025-11-06 13:46:50.582908',1),(44,'Santa Rita East','2025-11-06 13:46:50.596829','2025-11-06 13:46:50.596861',1),(45,'San Nicolas Norte','2025-11-06 13:46:50.621075','2025-11-06 13:46:50.621100',1),(46,'Santa Rita Norte','2025-11-06 13:46:50.621355','2025-11-06 13:46:50.621365',1),(47,'Santa Rita Sur','2025-11-06 13:46:50.625945','2025-11-06 13:46:50.625967',1),(48,'Santa Rita West','2025-11-06 13:46:50.634307','2025-11-06 13:46:50.634336',1),(49,'San Nicolas West','2025-11-06 13:46:50.638625','2025-11-06 13:46:50.638650',1),(50,'Alaska','2025-11-06 13:55:07.727479','2025-11-06 13:55:07.727517',2),(51,'Basca','2025-11-06 13:55:07.727832','2025-11-06 13:55:07.727849',2),(52,'Gallano','2025-11-06 13:55:07.760283','2025-11-06 13:55:07.760302',2),(53,'Dulao','2025-11-06 13:55:07.760550','2025-11-06 13:55:07.760566',2),(54,'Manga','2025-11-06 13:55:07.792918','2025-11-06 13:55:07.792948',2),(55,'Macabato','2025-11-06 13:55:07.793184','2025-11-06 13:55:07.793196',2),(56,'San Benito Sur','2025-11-06 13:55:07.825504','2025-11-06 13:55:07.825534',2),(57,'San Eugenio','2025-11-06 13:55:07.825798','2025-11-06 13:55:07.825808',2),(58,'San Simon East','2025-11-06 13:55:07.858188','2025-11-06 13:55:07.858224',2),(59,'San Juan West','2025-11-06 13:55:07.858509','2025-11-06 13:55:07.858523',2),(60,'San Simon West','2025-11-06 13:55:07.891417','2025-11-06 13:55:07.891453',2),(61,'Santa Cecilia','2025-11-06 13:55:07.891726','2025-11-06 13:55:07.891737',2),(62,'Santa Lucia','2025-11-06 13:55:07.925027','2025-11-06 13:55:07.925051',2),(63,'Santa Rita East','2025-11-06 13:55:07.925303','2025-11-06 13:55:07.925313',2),(64,'Santa Rita West','2025-11-06 13:55:07.959044','2025-11-06 13:55:07.959065',2),(65,'Santo Rosario West','2025-11-06 13:55:07.959304','2025-11-06 13:55:07.959315',2),(66,'Samara','2025-11-06 13:55:07.990826','2025-11-06 13:55:07.990868',2),(67,'Santo Rosario East','2025-11-06 13:55:07.991143','2025-11-06 13:55:07.991156',2),(68,'Pangao-aoan West','2025-11-06 13:55:08.028797','2025-11-06 13:55:08.028829',2),(69,'Poblacion','2025-11-06 13:55:08.029064','2025-11-06 13:55:08.029074',2),(70,'San Juan East','2025-11-06 13:55:08.042384','2025-11-06 13:55:08.042413',2),(71,'Pangao-aoan East','2025-11-06 13:55:08.042678','2025-11-06 13:55:08.042688',2),(72,'San Benito Norte','2025-11-06 13:55:08.047893','2025-11-06 13:55:08.047911',2),(73,'San Antonio','2025-11-06 13:55:08.048238','2025-11-06 13:55:08.048248',2),(74,'Agtipal','2025-11-07 00:44:05.245895','2025-11-07 00:44:05.245923',3),(75,'Santa Cruz','2025-11-07 00:44:05.268560','2025-11-07 00:44:05.268577',3),(76,'Santa Rita','2025-11-07 00:44:05.287891','2025-11-07 00:44:05.287907',3),(77,'Bacqui','2025-11-07 00:44:05.308494','2025-11-07 00:44:05.308511',3),(78,'Sapilang','2025-11-07 00:44:05.327003','2025-11-07 00:44:05.327018',3),(79,'Sayoan','2025-11-07 00:44:05.348698','2025-11-07 00:44:05.348714',3),(80,'Sipulo','2025-11-07 00:44:05.367131','2025-11-07 00:44:05.367146',3),(81,'Tammocalao','2025-11-07 00:44:05.386799','2025-11-07 00:44:05.386818',3),(82,'Ubbog','2025-11-07 00:44:05.409227','2025-11-07 00:44:05.409242',3),(83,'Oya-Oy','2025-11-07 00:44:05.428076','2025-11-07 00:44:05.428090',3),(84,'Bacsil','2025-11-07 00:44:05.447791','2025-11-07 00:44:05.447806',3),(85,'Bagutot','2025-11-07 00:44:05.467403','2025-11-07 00:44:05.467431',3),(86,'Ballogo','2025-11-07 00:44:05.487183','2025-11-07 00:44:05.487198',3),(87,'Zaragosa','2025-11-07 00:44:05.506004','2025-11-07 00:44:05.506018',3),(88,'Baroro','2025-11-07 00:44:05.524965','2025-11-07 00:44:05.524980',3),(89,'Bitalag','2025-11-07 00:44:05.556705','2025-11-07 00:44:05.556722',3),(90,'Maragayap','2025-11-07 00:44:05.557912','2025-11-07 00:44:05.557925',3),(91,'Bulala','2025-11-07 00:44:05.560279','2025-11-07 00:44:05.560290',3),(92,'Bussaoit','2025-11-07 00:44:05.561398','2025-11-07 00:44:05.561412',3),(93,'Burayoc','2025-11-07 00:44:05.561977','2025-11-07 00:44:05.561989',3),(94,'Cabaroan','2025-11-07 00:44:05.565981','2025-11-07 00:44:05.565996',3),(95,'Cabarsican','2025-11-07 00:44:05.587790','2025-11-07 00:44:05.587808',3),(96,'Cabugao','2025-11-07 00:44:05.594944','2025-11-07 00:44:05.594972',3),(97,'Mabanengbeng 1st','2025-11-07 00:44:05.598648','2025-11-07 00:44:05.598670',3),(98,'Lisqueb','2025-11-07 00:44:05.602131','2025-11-07 00:44:05.602147',3),(99,'Calautit','2025-11-07 00:44:05.602416','2025-11-07 00:44:05.602429',3),(100,'Mabanengbeng 2nd','2025-11-07 00:44:05.609662','2025-11-07 00:44:05.609680',3),(101,'Nangalisan','2025-11-07 00:44:05.615894','2025-11-07 00:44:05.615921',3),(102,'Nagatiran','2025-11-07 00:44:05.623386','2025-11-07 00:44:05.623404',3),(103,'Nagsaraboan','2025-11-07 00:44:05.631985','2025-11-07 00:44:05.632006',3),(104,'Arosip','2025-11-07 00:44:05.633769','2025-11-07 00:44:05.633784',3),(105,'Nagsimbaanan','2025-11-07 00:44:05.639246','2025-11-07 00:44:05.639269',3),(106,'Narra','2025-11-07 00:44:05.639704','2025-11-07 00:44:05.639720',3),(107,'Ortega','2025-11-07 00:44:05.648809','2025-11-07 00:44:05.648847',3),(108,'Paagan','2025-11-07 00:44:05.653084','2025-11-07 00:44:05.653108',3),(109,'Pang-Pang','2025-11-07 00:44:05.661229','2025-11-07 00:44:05.661247',3),(110,'Pandan','2025-11-07 00:44:05.661487','2025-11-07 00:44:05.661496',3),(111,'Quirino','2025-11-07 00:44:05.673809','2025-11-07 00:44:05.673829',3),(112,'Poblacion','2025-11-07 00:44:05.674118','2025-11-07 00:44:05.674133',3),(113,'Salincob','2025-11-07 00:44:05.683125','2025-11-07 00:44:05.683148',3),(114,'Raois','2025-11-07 00:44:05.683420','2025-11-07 00:44:05.683431',3),(115,'San Martin','2025-11-07 00:44:05.688927','2025-11-07 00:44:05.688945',3),(116,'Suyo','2025-11-07 00:48:14.069036','2025-11-07 00:48:14.069054',4),(117,'Dagup','2025-11-07 00:48:14.072735','2025-11-07 00:48:14.072749',4),(118,'Tagudtud','2025-11-07 00:48:14.073599','2025-11-07 00:48:14.073612',4),(119,'Alibangsay','2025-11-07 00:48:14.073883','2025-11-07 00:48:14.073892',4),(120,'Cardiz','2025-11-07 00:48:14.077322','2025-11-07 00:48:14.077336',4),(121,'Libbo','2025-11-07 00:48:14.079602','2025-11-07 00:48:14.079615',4),(122,'Tio-Angan','2025-11-07 00:48:14.097752','2025-11-07 00:48:14.097767',4),(123,'Wallayan','2025-11-07 00:48:14.100569','2025-11-07 00:48:14.100601',4),(124,'Baay','2025-11-07 00:48:14.105435','2025-11-07 00:48:14.105469',4),(125,'Cambaly','2025-11-07 00:48:14.109546','2025-11-07 00:48:14.109572',4),(126,'Almieda','2025-11-07 00:54:24.503213','2025-11-07 00:54:24.503229',5),(127,'Bungol','2025-11-07 00:54:24.526294','2025-11-07 00:54:24.526316',5),(128,'Butubut Este','2025-11-07 00:54:24.550138','2025-11-07 00:54:24.550167',5),(129,'Butubut Norte','2025-11-07 00:54:24.571298','2025-11-07 00:54:24.571314',5),(130,'Butubut Oeste','2025-11-07 00:54:24.590640','2025-11-07 00:54:24.590655',5),(131,'Butubut Sur','2025-11-07 00:54:24.610089','2025-11-07 00:54:24.610104',5),(132,'Cabuaan Oeste','2025-11-07 00:54:24.628524','2025-11-07 00:54:24.628537',5),(133,'Calliat','2025-11-07 00:54:24.647512','2025-11-07 00:54:24.647547',5),(134,'Antonino','2025-11-07 00:54:24.666824','2025-11-07 00:54:24.666839',5),(135,'Apatut','2025-11-07 00:54:24.686537','2025-11-07 00:54:24.686572',5),(136,'Calungbuyan','2025-11-07 00:54:24.706047','2025-11-07 00:54:24.706062',5),(137,'Camiling','2025-11-07 00:54:24.726362','2025-11-07 00:54:24.726377',5),(138,'Dr. Camilo Osias','2025-11-07 00:54:24.728209','2025-11-07 00:54:24.728221',5),(139,'Guinaburan','2025-11-07 00:54:24.750338','2025-11-07 00:54:24.750360',5),(140,'Ar-Arampang','2025-11-07 00:54:24.752826','2025-11-07 00:54:24.752838',5),(141,'Baracbac Este','2025-11-07 00:54:24.772762','2025-11-07 00:54:24.772778',5),(142,'Baracbac Oeste','2025-11-07 00:54:24.772981','2025-11-07 00:54:24.772991',5),(143,'Bulbulala','2025-11-07 00:54:24.794336','2025-11-07 00:54:24.794356',5),(144,'Bet-Ang','2025-11-07 00:54:24.794669','2025-11-07 00:54:24.794688',5),(145,'Nalasin','2025-11-07 00:54:24.816378','2025-11-07 00:54:24.816395',5),(146,'Nagsabaran Norte','2025-11-07 00:54:24.816714','2025-11-07 00:54:24.816725',5),(147,'Masupe','2025-11-07 00:54:24.816983','2025-11-07 00:54:24.816993',5),(148,'Nagsabaran Sur','2025-11-07 00:54:24.819539','2025-11-07 00:54:24.819549',5),(149,'Napaset','2025-11-07 00:54:24.826983','2025-11-07 00:54:24.827003',5),(150,'Pagbennecan','2025-11-07 00:54:24.827222','2025-11-07 00:54:24.827232',5),(151,'Pantar Norte','2025-11-07 00:54:24.845252','2025-11-07 00:54:24.845269',5),(152,'Pantar Sur','2025-11-07 00:54:24.845578','2025-11-07 00:54:24.845594',5),(153,'Pa-O','2025-11-07 00:54:24.847803','2025-11-07 00:54:24.847835',5),(154,'Pagleddegan','2025-11-07 00:54:24.851125','2025-11-07 00:54:24.851141',5),(155,'Sinapangan Norte','2025-11-07 00:56:16.890248','2025-11-07 00:56:16.890265',5),(156,'Patpata','2025-11-07 00:56:16.890517','2025-11-07 00:56:16.890528',5),(157,'Sablut','2025-11-07 00:56:16.891518','2025-11-07 00:56:16.891531',5),(158,'Sinapangan Sur','2025-11-07 00:56:16.895928','2025-11-07 00:56:16.895944',5),(159,'Paraoir','2025-11-07 00:56:16.897202','2025-11-07 00:56:16.897218',5),(160,'San Pablo','2025-11-07 00:56:16.899546','2025-11-07 00:56:16.899561',5),(161,'Tallipugo','2025-11-07 00:56:16.914666','2025-11-07 00:56:16.914683',5),(162,'Alzate','2025-11-07 01:06:53.881680','2025-11-07 01:06:53.881696',6),(163,'Agdeppa','2025-11-07 01:06:53.881896','2025-11-07 01:06:53.881906',6),(164,'Maria Cristina West','2025-11-07 01:06:53.904323','2025-11-07 01:06:53.904340',6),(165,'Mindoro','2025-11-07 01:06:53.904556','2025-11-07 01:06:53.904566',6),(166,'Nagsabaran','2025-11-07 01:06:53.925595','2025-11-07 01:06:53.925609',6),(167,'Paratong Norte','2025-11-07 01:06:53.925817','2025-11-07 01:06:53.925825',6),(168,'Paratong No. 3','2025-11-07 01:06:53.947134','2025-11-07 01:06:53.947161',6),(169,'Paratong No. 4','2025-11-07 01:06:53.948034','2025-11-07 01:06:53.948046',6),(170,'Central East No. 1','2025-11-07 01:06:53.968243','2025-11-07 01:06:53.968259',6),(171,'Central East No. 2','2025-11-07 01:06:53.968498','2025-11-07 01:06:53.968511',6),(172,'Central West No. 1','2025-11-07 01:06:53.991087','2025-11-07 01:06:53.991102',6),(173,'Bangaoilan East','2025-11-07 01:06:53.991307','2025-11-07 01:06:53.991316',6),(174,'Bangaoilan West','2025-11-07 01:06:54.012414','2025-11-07 01:06:54.012442',6),(175,'Barraca','2025-11-07 01:06:54.012722','2025-11-07 01:06:54.012736',6),(176,'Central West No. 2','2025-11-07 01:06:54.035782','2025-11-07 01:06:54.035798',6),(177,'Central West No. 3','2025-11-07 01:06:54.036027','2025-11-07 01:06:54.036037',6),(178,'Reyna Regente','2025-11-07 01:06:54.056167','2025-11-07 01:06:54.056181',6),(179,'Quintarong','2025-11-07 01:06:54.056386','2025-11-07 01:06:54.056395',6),(180,'Rissing','2025-11-07 01:06:54.079181','2025-11-07 01:06:54.079197',6),(181,'San Blas','2025-11-07 01:06:54.079424','2025-11-07 01:06:54.079435',6),(182,'San Cristobal','2025-11-07 01:06:54.101516','2025-11-07 01:06:54.101545',6),(183,'Sinapangan Norte','2025-11-07 01:06:54.101826','2025-11-07 01:06:54.101841',6),(184,'Sinapangan Sur','2025-11-07 01:06:54.122807','2025-11-07 01:06:54.122826',6),(185,'Ubbog','2025-11-07 01:06:54.123068','2025-11-07 01:06:54.123079',6),(186,'Caggao','2025-11-07 01:06:54.143107','2025-11-07 01:06:54.143128',6),(187,'Cadapli','2025-11-07 01:06:54.143357','2025-11-07 01:06:54.143367',6),(188,'General Prim East','2025-11-07 01:06:54.164159','2025-11-07 01:06:54.164182',6),(189,'Consuegra','2025-11-07 01:06:54.164927','2025-11-07 01:06:54.164938',6),(190,'General Prim West','2025-11-07 01:06:54.192192','2025-11-07 01:06:54.192209',6),(191,'General Terrero','2025-11-07 01:06:54.193660','2025-11-07 01:06:54.193672',6),(192,'Luzong Norte','2025-11-07 01:06:54.195824','2025-11-07 01:06:54.195847',6),(193,'Maria Cristina East','2025-11-07 01:06:54.199128','2025-11-07 01:06:54.199147',6),(194,'Luzong Sur','2025-11-07 01:06:54.200126','2025-11-07 01:06:54.200142',6),(195,'Acao','2025-11-07 01:13:47.677775','2025-11-07 01:13:47.677793',7),(196,'Baccuit Norte','2025-11-07 01:13:47.678014','2025-11-07 01:13:47.678024',7),(197,'Bagbag','2025-11-07 01:13:47.699763','2025-11-07 01:13:47.699779',7),(198,'Baccuit Sur','2025-11-07 01:13:47.699998','2025-11-07 01:13:47.700011',7),(199,'Guerrero','2025-11-07 01:13:47.722339','2025-11-07 01:13:47.722363',7),(200,'Ballay','2025-11-07 01:13:47.722663','2025-11-07 01:13:47.722676',7),(201,'Bawanta','2025-11-07 01:13:47.744762','2025-11-07 01:13:47.744781',7),(202,'Nagrebcan','2025-11-07 01:13:47.745009','2025-11-07 01:13:47.745020',7),(203,'Boy-Utan','2025-11-07 01:13:47.766090','2025-11-07 01:13:47.766106',7),(204,'Bucayab','2025-11-07 01:13:47.766310','2025-11-07 01:13:47.766319',7),(205,'Cabisilan','2025-11-07 01:13:47.790706','2025-11-07 01:13:47.790722',7),(206,'Cabalayangan','2025-11-07 01:13:47.790932','2025-11-07 01:13:47.790941',7),(207,'Carmay','2025-11-07 01:13:47.813450','2025-11-07 01:13:47.813466',7),(208,'Calumbaya','2025-11-07 01:13:47.813669','2025-11-07 01:13:47.813679',7),(209,'Casilagan','2025-11-07 01:13:47.834012','2025-11-07 01:13:47.834027',7),(210,'Central East','2025-11-07 01:13:47.836584','2025-11-07 01:13:47.836598',7),(211,'Dili','2025-11-07 01:13:47.856011','2025-11-07 01:13:47.856033',7),(212,'Central West','2025-11-07 01:13:47.856270','2025-11-07 01:13:47.856279',7),(213,'Disso-Or','2025-11-07 01:13:47.876653','2025-11-07 01:13:47.876669',7),(214,'Pagdalagan Sur','2025-11-07 01:13:47.876874','2025-11-07 01:13:47.876884',7),(215,'Palintucang','2025-11-07 01:13:47.900342','2025-11-07 01:13:47.900359',7),(216,'Palugsi-Limmansangan','2025-11-07 01:13:47.900574','2025-11-07 01:13:47.900583',7),(217,'Parian Oeste','2025-11-07 01:13:47.922765','2025-11-07 01:13:47.922786',7),(218,'Parian Este','2025-11-07 01:13:47.923041','2025-11-07 01:13:47.923051',7),(219,'Paringao','2025-11-07 01:13:47.945775','2025-11-07 01:13:47.945801',7),(220,'Payocpoc Norte Este','2025-11-07 01:13:47.946128','2025-11-07 01:13:47.946146',7),(221,'Payocpoc Norte Oeste','2025-11-07 01:13:47.967744','2025-11-07 01:13:47.967766',7),(222,'Payocpoc Sur','2025-11-07 01:13:47.968061','2025-11-07 01:13:47.968081',7),(223,'Quinavite','2025-11-07 01:13:47.997681','2025-11-07 01:13:47.997696',7),(224,'Pugo','2025-11-07 01:13:47.999273','2025-11-07 01:13:47.999285',7),(225,'Pilar','2025-11-07 01:13:48.001083','2025-11-07 01:13:48.001098',7),(226,'Pudoc','2025-11-07 01:13:48.004978','2025-11-07 01:13:48.004994',7),(227,'Pottot','2025-11-07 01:13:48.007329','2025-11-07 01:13:48.007343',7),(228,'Lower San Agustin','2025-11-07 01:13:48.007581','2025-11-07 01:13:48.007591',7),(229,'Santiago','2025-11-07 01:13:48.032595','2025-11-07 01:13:48.032611',7),(230,'Upper San Agustin','2025-11-07 01:13:48.033065','2025-11-07 01:13:48.033082',7),(231,'Taberna','2025-11-07 01:13:48.033986','2025-11-07 01:13:48.033997',7),(232,'Santa Monica','2025-11-07 01:13:48.035371','2025-11-07 01:13:48.035386',7),(233,'Urayong','2025-11-07 01:13:48.037569','2025-11-07 01:13:48.037582',7),(234,'Bilis','2025-11-07 01:18:19.094237','2025-11-07 01:18:19.094253',8),(235,'Imelda','2025-11-07 01:18:19.096047','2025-11-07 01:18:19.096063',8),(236,'Dalacdac','2025-11-07 01:18:19.098570','2025-11-07 01:18:19.098585',8),(237,'Agpay','2025-11-07 01:18:19.100314','2025-11-07 01:18:19.100329',8),(238,'Delles','2025-11-07 01:18:19.102913','2025-11-07 01:18:19.102928',8),(239,'Libtong','2025-11-07 01:18:19.103612','2025-11-07 01:18:19.103624',8),(240,'Caoayan','2025-11-07 01:18:19.130768','2025-11-07 01:18:19.130793',8),(241,'Linuan','2025-11-07 01:18:19.132254','2025-11-07 01:18:19.132272',8),(242,'Old Poblacion','2025-11-07 01:18:19.135514','2025-11-07 01:18:19.135529',8),(243,'New Poblacion','2025-11-07 01:18:19.136920','2025-11-07 01:18:19.136932',8),(245,'Lower Tumapoc','2025-11-07 01:19:07.087066','2025-11-07 01:19:07.087081',8),(246,'Upper Tumapoc','2025-11-07 01:19:07.087278','2025-11-07 01:19:07.087287',8),(247,'San Carlos','2025-11-07 01:22:28.292226','2025-11-07 01:22:28.292241',9),(248,'San Cornelio','2025-11-07 01:22:28.296419','2025-11-07 01:22:28.296433',9),(249,'Bautista','2025-11-07 01:22:28.297613','2025-11-07 01:22:28.297627',9),(250,'Poblacion Sur','2025-11-07 01:22:28.299515','2025-11-07 01:22:28.299531',9),(251,'Poblacion Norte','2025-11-07 01:22:28.303814','2025-11-07 01:22:28.303833',9),(252,'Gana','2025-11-07 01:22:28.308141','2025-11-07 01:22:28.308159',9),(253,'Juan Cartas','2025-11-07 01:22:28.316991','2025-11-07 01:22:28.317024',9),(254,'Liquicia','2025-11-07 01:22:28.327703','2025-11-07 01:22:28.327721',9),(255,'San Fermin','2025-11-07 01:22:28.327947','2025-11-07 01:22:28.327957',9),(256,'Las-Ud','2025-11-07 01:22:28.333257','2025-11-07 01:22:28.333279',9),(257,'San Gregorio','2025-11-07 01:22:28.346637','2025-11-07 01:22:28.346669',9),(258,'San Jose','2025-11-07 01:22:28.347034','2025-11-07 01:22:28.347052',9),(259,'Santiago Norte','2025-11-07 01:22:28.354794','2025-11-07 01:22:28.354814',9),(260,'Urayong','2025-11-07 01:22:28.365380','2025-11-07 01:22:28.365398',9),(261,'Sobredillo','2025-11-07 01:22:28.368284','2025-11-07 01:22:28.368300',9),(262,'Santiago Sur','2025-11-07 01:22:28.369024','2025-11-07 01:22:28.369035',9),(263,'Wenceslao','2025-11-07 01:22:28.373734','2025-11-07 01:22:28.373751',9),(264,'Abut','2025-11-07 01:30:07.496599','2025-11-07 01:30:07.496616',10),(265,'Apaleng','2025-11-07 01:30:07.499676','2025-11-07 01:30:07.499699',10),(266,'Nagyubuyuban','2025-11-07 01:30:07.519104','2025-11-07 01:30:07.519125',10),(267,'Namtutan','2025-11-07 01:30:07.521974','2025-11-07 01:30:07.521992',10),(268,'Narra Oeste','2025-11-07 01:30:07.542706','2025-11-07 01:30:07.542728',10),(269,'Narra Este','2025-11-07 01:30:07.543694','2025-11-07 01:30:07.543710',10),(270,'Pacpaco','2025-11-07 01:30:07.565626','2025-11-07 01:30:07.565641',10),(271,'Pagdalagan','2025-11-07 01:30:07.565849','2025-11-07 01:30:07.565861',10),(272,'Pagdaraoan','2025-11-07 01:30:07.589738','2025-11-07 01:30:07.589756',10),(273,'Pagudpud','2025-11-07 01:30:07.590027','2025-11-07 01:30:07.590042',10),(274,'Pao Norte','2025-11-07 01:30:07.610484','2025-11-07 01:30:07.610500',10),(275,'Pao Sur','2025-11-07 01:30:07.611231','2025-11-07 01:30:07.611246',10),(276,'Pias','2025-11-07 01:30:07.634524','2025-11-07 01:30:07.634539',10),(277,'Parian','2025-11-07 01:30:07.634810','2025-11-07 01:30:07.634827',10),(278,'Puspus','2025-11-07 01:30:07.658256','2025-11-07 01:30:07.658276',10),(279,'Poro','2025-11-07 01:30:07.658534','2025-11-07 01:30:07.658545',10),(280,'Sacyud','2025-11-07 01:30:07.680943','2025-11-07 01:30:07.680960',10),(281,'Sagayad','2025-11-07 01:30:07.681189','2025-11-07 01:30:07.681203',10),(282,'San Francisco','2025-11-07 01:30:07.703448','2025-11-07 01:30:07.703481',10),(283,'San Agustin','2025-11-07 01:30:07.703776','2025-11-07 01:30:07.703789',10),(284,'Bacsil','2025-11-07 01:30:07.725737','2025-11-07 01:30:07.725752',10),(285,'Santiago Norte','2025-11-07 01:30:07.725953','2025-11-07 01:30:07.725962',10),(286,'Santiago Sur','2025-11-07 01:30:07.759097','2025-11-07 01:30:07.759119',10),(287,'San Vicente','2025-11-07 01:30:07.759324','2025-11-07 01:30:07.759334',10),(288,'Sevilla','2025-11-07 01:30:07.779343','2025-11-07 01:30:07.779360',10),(289,'Saoay','2025-11-07 01:30:07.779567','2025-11-07 01:30:07.779576',10),(290,'Tanquigan','2025-11-07 01:30:07.809332','2025-11-07 01:30:07.809354',10),(291,'Siboan-Otong','2025-11-07 01:30:07.813372','2025-11-07 01:30:07.813385',10),(292,'Bangcusay','2025-11-07 01:30:07.814321','2025-11-07 01:30:07.814333',10),(293,'Bangbangolan','2025-11-07 01:30:07.814709','2025-11-07 01:30:07.814719',10),(294,'Barangay I','2025-11-07 01:30:07.818120','2025-11-07 01:30:07.818143',10),(295,'Tanqui','2025-11-07 01:30:07.821873','2025-11-07 01:30:07.821901',10),(296,'Barangay III','2025-11-07 01:30:07.836450','2025-11-07 01:30:07.836474',10),(297,'Barangay IV','2025-11-07 01:30:07.844051','2025-11-07 01:30:07.844067',10),(298,'Baraoas','2025-11-07 01:30:07.848151','2025-11-07 01:30:07.848168',10),(299,'Barangay II','2025-11-07 01:30:07.852309','2025-11-07 01:30:07.852325',10),(300,'Bato','2025-11-07 01:30:07.853624','2025-11-07 01:30:07.853648',10),(301,'Biday','2025-11-07 01:30:07.860031','2025-11-07 01:30:07.860048',10),(302,'Birunget','2025-11-07 01:30:07.866529','2025-11-07 01:30:07.866555',10),(303,'Bungro','2025-11-07 01:30:07.871474','2025-11-07 01:30:07.871509',10),(304,'Cadaclan','2025-11-07 01:30:07.884276','2025-11-07 01:30:07.884294',10),(305,'Cabaroan','2025-11-07 01:30:07.885230','2025-11-07 01:30:07.885245',10),(306,'Cabarsican','2025-11-07 01:30:07.887264','2025-11-07 01:30:07.887290',10),(307,'Calabugao','2025-11-07 01:30:07.891225','2025-11-07 01:30:07.891239',10),(308,'Camansi','2025-11-07 01:30:07.899349','2025-11-07 01:30:07.899367',10),(309,'Canaoay','2025-11-07 01:30:07.899594','2025-11-07 01:30:07.899604',10),(310,'Carlatan','2025-11-07 01:30:07.921799','2025-11-07 01:30:07.921823',10),(311,'Catbangen','2025-11-07 01:30:07.922564','2025-11-07 01:30:07.922577',10),(312,'Dallangayan Oeste','2025-11-07 01:30:07.922915','2025-11-07 01:30:07.922928',10),(313,'Dallangayan Este','2025-11-07 01:30:07.928998','2025-11-07 01:30:07.929017',10),(314,'Dalumpinas Este','2025-11-07 01:30:07.931818','2025-11-07 01:30:07.931841',10),(315,'Dalumpinas Oeste','2025-11-07 01:30:07.935301','2025-11-07 01:30:07.935328',10),(316,'Ilocanos Norte','2025-11-07 01:30:07.950163','2025-11-07 01:30:07.950181',10),(317,'Langcuas','2025-11-07 01:30:07.950419','2025-11-07 01:30:07.950432',10),(318,'Ilocanos Sur','2025-11-07 01:30:07.955463','2025-11-07 01:30:07.955500',10),(319,'Lingsat','2025-11-07 01:30:07.960430','2025-11-07 01:30:07.960459',10),(320,'Mameltac','2025-11-07 01:30:07.967647','2025-11-07 01:30:07.967666',10),(321,'Madayegdeg','2025-11-07 01:30:07.967895','2025-11-07 01:30:07.967906',10),(322,'Masicong','2025-11-07 01:30:07.976806','2025-11-07 01:30:07.976829',10),(323,'Alcala','2025-11-07 01:36:17.228191','2025-11-07 01:36:17.228208',11),(324,'Bungro','2025-11-07 01:36:17.231364','2025-11-07 01:36:17.231385',11),(325,'Buselbusel','2025-11-07 01:36:17.253475','2025-11-07 01:36:17.253491',11),(326,'Cabalitocan','2025-11-07 01:36:17.253689','2025-11-07 01:36:17.253698',11),(327,'Cantoria No. 3','2025-11-07 01:36:17.274518','2025-11-07 01:36:17.274533',11),(328,'Cantoria No. 1','2025-11-07 01:36:17.274735','2025-11-07 01:36:17.274745',11),(329,'Cantoria No. 2','2025-11-07 01:36:17.301147','2025-11-07 01:36:17.301169',11),(330,'Cantoria No. 4','2025-11-07 01:36:17.301430','2025-11-07 01:36:17.301444',11),(331,'Magallanes','2025-11-07 01:36:17.329265','2025-11-07 01:36:17.329283',11),(332,'Carisquis','2025-11-07 01:36:17.331742','2025-11-07 01:36:17.331763',11),(333,'Darigayos','2025-11-07 01:36:17.350920','2025-11-07 01:36:17.350936',11),(334,'Ayaoan','2025-11-07 01:36:17.351137','2025-11-07 01:36:17.351147',11),(335,'Barrientos','2025-11-07 01:36:17.372982','2025-11-07 01:36:17.372999',11),(336,'Magsiping','2025-11-07 01:36:17.373228','2025-11-07 01:36:17.373239',11),(337,'Mamay','2025-11-07 01:36:17.394723','2025-11-07 01:36:17.394739',11),(338,'Barangobong','2025-11-07 01:36:17.394968','2025-11-07 01:36:17.394978',11),(339,'Nagrebcan','2025-11-07 01:36:17.417637','2025-11-07 01:36:17.417654',11),(340,'Nalvo Norte','2025-11-07 01:36:17.417915','2025-11-07 01:36:17.417926',11),(341,'Nalvo Sur','2025-11-07 01:36:17.438293','2025-11-07 01:36:17.438309',11),(342,'Napaset','2025-11-07 01:36:17.438521','2025-11-07 01:36:17.438532',11),(343,'Oaqui No. 2','2025-11-07 01:36:17.461559','2025-11-07 01:36:17.461574',11),(344,'Oaqui No. 1','2025-11-07 01:36:17.461801','2025-11-07 01:36:17.461813',11),(345,'Oaqui No. 4','2025-11-07 01:36:17.484803','2025-11-07 01:36:17.484822',11),(346,'Oaqui No. 3','2025-11-07 01:36:17.485228','2025-11-07 01:36:17.485244',11),(347,'Pila','2025-11-07 01:36:17.506224','2025-11-07 01:36:17.506240',11),(348,'Pitpitac','2025-11-07 01:36:17.506442','2025-11-07 01:36:17.506452',11),(349,'Rimos No. 2','2025-11-07 01:36:17.527735','2025-11-07 01:36:17.527754',11),(350,'Rimos No. 1','2025-11-07 01:36:17.527971','2025-11-07 01:36:17.527980',11),(351,'Rimos No. 5','2025-11-07 01:36:17.545393','2025-11-07 01:36:17.545421',11),(352,'Rimos No. 3','2025-11-07 01:36:17.547840','2025-11-07 01:36:17.547870',11),(353,'Rissing','2025-11-07 01:36:17.551231','2025-11-07 01:36:17.551248',11),(354,'Rimos No. 4','2025-11-07 01:36:17.553970','2025-11-07 01:36:17.553991',11),(355,'Salcedo','2025-11-07 01:36:17.559860','2025-11-07 01:36:17.559879',11),(356,'Santo Domingo Norte','2025-11-07 01:36:17.563132','2025-11-07 01:36:17.563153',11),(357,'Suyo','2025-11-07 01:36:17.580042','2025-11-07 01:36:17.580060',11),(358,'Santo Domingo Sur','2025-11-07 01:36:17.582357','2025-11-07 01:36:17.582377',11),(359,'Sucoc Norte','2025-11-07 01:36:17.584357','2025-11-07 01:36:17.584370',11),(360,'Sucoc Sur','2025-11-07 01:36:17.587742','2025-11-07 01:36:17.587759',11),(361,'Victoria','2025-11-07 01:36:17.593587','2025-11-07 01:36:17.593605',11),(362,'Tallaoen','2025-11-07 01:36:17.594578','2025-11-07 01:36:17.594595',11),(363,'Al-alinao Norte','2025-11-07 02:03:23.642065','2025-11-07 02:03:23.642084',12),(364,'Aguioas','2025-11-07 02:03:23.642291','2025-11-07 02:03:23.642302',12),(365,'Balecbec','2025-11-07 02:03:23.664273','2025-11-07 02:03:23.664291',12),(366,'Angin','2025-11-07 02:03:23.664539','2025-11-07 02:03:23.664548',12),(367,'Bancagan','2025-11-07 02:03:23.686243','2025-11-07 02:03:23.686258',12),(368,'Baraoas Norte','2025-11-07 02:03:23.688187','2025-11-07 02:03:23.688198',12),(369,'Baraoas Sur','2025-11-07 02:03:23.710072','2025-11-07 02:03:23.710101',12),(370,'Bariquir','2025-11-07 02:03:23.710353','2025-11-07 02:03:23.710363',12),(371,'Bato','2025-11-07 02:03:23.732688','2025-11-07 02:03:23.732706',12),(372,'Bimmotobot','2025-11-07 02:03:23.732910','2025-11-07 02:03:23.732920',12),(373,'Cabaritan Norte','2025-11-07 02:03:23.754119','2025-11-07 02:03:23.754136',12),(374,'Cabaritan Sur','2025-11-07 02:03:23.754394','2025-11-07 02:03:23.754405',12),(375,'Casilagan','2025-11-07 02:03:23.775137','2025-11-07 02:03:23.775152',12),(376,'Dal-Lipaoen','2025-11-07 02:03:23.775360','2025-11-07 02:03:23.775370',12),(377,'Daramuangan','2025-11-07 02:03:23.797525','2025-11-07 02:03:23.797540',12),(378,'Al-alinao Sur','2025-11-07 02:03:23.797767','2025-11-07 02:03:23.797779',12),(379,'Gusing Norte','2025-11-07 02:03:23.823693','2025-11-07 02:03:23.823709',12),(380,'Guesset','2025-11-07 02:03:23.827239','2025-11-07 02:03:23.827262',12),(381,'Gusing Sur','2025-11-07 02:03:23.850620','2025-11-07 02:03:23.850637',12),(382,'Imelda','2025-11-07 02:03:23.852731','2025-11-07 02:03:23.852744',12),(383,'Lioac Norte','2025-11-07 02:03:23.874752','2025-11-07 02:03:23.874774',12),(384,'Lioac Sur','2025-11-07 02:03:23.875082','2025-11-07 02:03:23.875102',12),(385,'Mamat-ing Norte','2025-11-07 02:03:23.900748','2025-11-07 02:03:23.900765',12),(386,'Mamat-ing Sur','2025-11-07 02:03:23.901005','2025-11-07 02:03:23.901016',12),(387,'Nagsidorisan','2025-11-07 02:03:23.921500','2025-11-07 02:03:23.921518',12),(388,'Natividad','2025-11-07 02:03:23.921765','2025-11-07 02:03:23.921777',12),(389,'Ortiz','2025-11-07 02:03:23.942806','2025-11-07 02:03:23.942831',12),(390,'Mangungunay','2025-11-07 02:03:23.943206','2025-11-07 02:03:23.943231',12),(391,'Ribsuan','2025-11-07 02:03:23.966331','2025-11-07 02:03:23.966347',12),(392,'Sili','2025-11-07 02:03:23.968741','2025-11-07 02:03:23.968753',12),(393,'San Antonio','2025-11-07 02:03:23.969672','2025-11-07 02:03:23.969690',12),(394,'San Isidro','2025-11-07 02:03:23.974180','2025-11-07 02:03:23.974198',12),(395,'Saguidan Sur','2025-11-07 02:03:23.978573','2025-11-07 02:03:23.978604',12),(396,'Saguidan Norte','2025-11-07 02:03:23.982209','2025-11-07 02:03:23.982230',12),(397,'Ambaracao Sur','2025-11-07 02:03:23.993823','2025-11-07 02:03:23.993843',12),(398,'Ambaracao Norte','2025-11-07 02:03:23.994116','2025-11-07 02:03:23.994128',12),(399,'Tuddingan','2025-11-07 02:03:23.997185','2025-11-07 02:03:23.997199',12),(400,'Maoasoas Sur','2025-11-07 02:05:51.302479','2025-11-07 02:05:51.302502',13),(401,'Duplas','2025-11-07 02:05:51.303972','2025-11-07 02:05:51.303989',13),(402,'Ambalite','2025-11-07 02:05:51.305578','2025-11-07 02:05:51.305593',13),(403,'Ambangonan','2025-11-07 02:05:51.312609','2025-11-07 02:05:51.312630',13),(404,'Cares','2025-11-07 02:05:51.314151','2025-11-07 02:05:51.314166',13),(405,'Maoasoas Norte','2025-11-07 02:05:51.314417','2025-11-07 02:05:51.314428',13),(406,'Cuenca','2025-11-07 02:05:51.333658','2025-11-07 02:05:51.333677',13),(407,'Palina','2025-11-07 02:05:51.334013','2025-11-07 02:05:51.334025',13),(408,'Poblacion East','2025-11-07 02:05:51.336675','2025-11-07 02:05:51.336693',13),(409,'San Luis','2025-11-07 02:05:51.346790','2025-11-07 02:05:51.346818',13),(410,'Poblacion West','2025-11-07 02:05:51.347136','2025-11-07 02:05:51.347148',13),(411,'Saytan','2025-11-07 02:05:51.350937','2025-11-07 02:05:51.350952',13),(412,'Tavora East','2025-11-07 02:05:51.360495','2025-11-07 02:05:51.360524',13),(413,'Tavora Proper','2025-11-07 02:05:51.360858','2025-11-07 02:05:51.360872',13),(414,'Ambangonan','2025-11-07 02:11:27.525845','2025-11-07 02:11:27.525862',14),(415,'Alipang','2025-11-07 02:11:27.526080','2025-11-07 02:11:27.526090',14),(416,'Casilagan','2025-11-07 02:11:27.546221','2025-11-07 02:11:27.546236',14),(417,'Carunuan West','2025-11-07 02:11:27.546446','2025-11-07 02:11:27.546456',14),(418,'Concepcion','2025-11-07 02:11:27.570438','2025-11-07 02:11:27.570465',14),(419,'Cataguingtingan','2025-11-07 02:11:27.570821','2025-11-07 02:11:27.570838',14),(420,'Amlang','2025-11-07 02:11:27.594023','2025-11-07 02:11:27.594043',14),(421,'Damortis','2025-11-07 02:11:27.594280','2025-11-07 02:11:27.594292',14),(422,'Gumot-Nagcolaran','2025-11-07 02:11:27.618807','2025-11-07 02:11:27.618824',14),(423,'Inabaan Norte','2025-11-07 02:11:27.619053','2025-11-07 02:11:27.619063',14),(424,'Bacani','2025-11-07 02:11:27.640301','2025-11-07 02:11:27.640320',14),(425,'Bangar','2025-11-07 02:11:27.641275','2025-11-07 02:11:27.641290',14),(426,'Bani','2025-11-07 02:11:27.663491','2025-11-07 02:11:27.663520',14),(427,'Benteng-Sapilang','2025-11-07 02:11:27.663800','2025-11-07 02:11:27.663812',14),(428,'Camp One','2025-11-07 02:11:27.687922','2025-11-07 02:11:27.687950',14),(429,'Cadumanian','2025-11-07 02:11:27.690566','2025-11-07 02:11:27.690579',14),(430,'Inabaan Sur','2025-11-07 02:11:27.709946','2025-11-07 02:11:27.709966',14),(431,'Carunuan East','2025-11-07 02:11:27.710229','2025-11-07 02:11:27.710242',14),(432,'Nangcamotian','2025-11-07 02:11:27.732095','2025-11-07 02:11:27.732112',14),(433,'Nagtagaan','2025-11-07 02:11:27.732862','2025-11-07 02:11:27.732874',14),(434,'Parasapas','2025-11-07 02:11:27.753712','2025-11-07 02:11:27.753727',14),(435,'Poblacion East','2025-11-07 02:11:27.754004','2025-11-07 02:11:27.754024',14),(436,'Puzon','2025-11-07 02:11:27.777539','2025-11-07 02:11:27.777555',14),(437,'Poblacion West','2025-11-07 02:11:27.777767','2025-11-07 02:11:27.777778',14),(438,'San Jose','2025-11-07 02:11:27.798473','2025-11-07 02:11:27.798491',14),(439,'Rabon','2025-11-07 02:11:27.798773','2025-11-07 02:11:27.798786',14),(440,'Marcos','2025-11-07 02:11:27.820310','2025-11-07 02:11:27.820330',14),(441,'Subusub','2025-11-07 02:11:27.820582','2025-11-07 02:11:27.820592',14),(442,'Udiao','2025-11-07 02:11:27.840135','2025-11-07 02:11:27.840166',14),(443,'Tay-ac','2025-11-07 02:11:27.840494','2025-11-07 02:11:27.840506',14),(444,'Tanglag','2025-11-07 02:11:27.844858','2025-11-07 02:11:27.844880',14),(445,'Tabtabungao','2025-11-07 02:11:27.846460','2025-11-07 02:11:27.846475',14),(446,'Vila','2025-11-07 02:11:27.852261','2025-11-07 02:11:27.852280',14),(447,'Amontoc','2025-11-07 02:14:17.527166','2025-11-07 02:14:17.527182',15),(448,'Lipay Sur','2025-11-07 02:14:17.527399','2025-11-07 02:14:17.527408',15),(449,'Lipay Proper','2025-11-07 02:14:17.528698','2025-11-07 02:14:17.528715',15),(450,'Poblacion','2025-11-07 02:14:17.532058','2025-11-07 02:14:17.532071',15),(451,'Lon-oy','2025-11-07 02:14:17.532281','2025-11-07 02:14:17.532292',15),(452,'Lipay Norte','2025-11-07 02:14:17.535096','2025-11-07 02:14:17.535118',15),(453,'Bucao','2025-11-07 02:14:17.563384','2025-11-07 02:14:17.563403',15),(454,'Bumbuneg','2025-11-07 02:14:17.565448','2025-11-07 02:14:17.565464',15),(455,'Polipol','2025-11-07 02:14:17.567609','2025-11-07 02:14:17.567624',15),(456,'Balbalayang','2025-11-07 02:14:17.568280','2025-11-07 02:14:17.568292',15),(457,'Apayao','2025-11-07 02:14:17.572414','2025-11-07 02:14:17.572430',15),(458,'Bayabas','2025-11-07 02:14:17.572680','2025-11-07 02:14:17.572690',15),(459,'Lipay Este','2025-11-07 02:14:17.588757','2025-11-07 02:14:17.588773',15),(460,'Lacong','2025-11-07 02:14:17.591099','2025-11-07 02:14:17.591110',15),(461,'Daking','2025-11-07 02:14:17.594650','2025-11-07 02:14:17.594674',15),(462,'Allangigan','2025-11-07 02:19:25.438735','2025-11-07 02:19:25.438757',16),(463,'Cacapian','2025-11-07 02:19:25.441573','2025-11-07 02:19:25.441586',16),(464,'Caculangan','2025-11-07 02:19:25.465952','2025-11-07 02:19:25.465968',16),(465,'Calincamasan','2025-11-07 02:19:25.466199','2025-11-07 02:19:25.466210',16),(466,'Casilagan','2025-11-07 02:19:25.487368','2025-11-07 02:19:25.487383',16),(467,'Catdongan','2025-11-07 02:19:25.487643','2025-11-07 02:19:25.487658',16),(468,'Dangdangla','2025-11-07 02:19:25.513315','2025-11-07 02:19:25.513334',16),(469,'Dinanum','2025-11-07 02:19:25.513598','2025-11-07 02:19:25.513609',16),(470,'Dasay','2025-11-07 02:19:25.534031','2025-11-07 02:19:25.534047',16),(471,'Duplas','2025-11-07 02:19:25.536293','2025-11-07 02:19:25.536306',16),(472,'Ili Norte','2025-11-07 02:19:25.556292','2025-11-07 02:19:25.556310',16),(473,'Guinguinabang','2025-11-07 02:19:25.556603','2025-11-07 02:19:25.556615',16),(474,'Legleg','2025-11-07 02:19:25.577453','2025-11-07 02:19:25.577483',16),(475,'Ili Sur','2025-11-07 02:19:25.577748','2025-11-07 02:19:25.577759',16),(476,'Lubing','2025-11-07 02:19:25.599953','2025-11-07 02:19:25.599971',16),(477,'Aludaid','2025-11-07 02:19:25.600209','2025-11-07 02:19:25.600219',16),(478,'Nagyubuyuban','2025-11-07 02:19:25.630155','2025-11-07 02:19:25.630185',16),(479,'Nadsaag','2025-11-07 02:19:25.633188','2025-11-07 02:19:25.633209',16),(480,'Naguituban','2025-11-07 02:19:25.654820','2025-11-07 02:19:25.654836',16),(481,'Naguirangan','2025-11-07 02:19:25.655050','2025-11-07 02:19:25.655059',16),(482,'Nagsabaran','2025-11-07 02:19:25.676108','2025-11-07 02:19:25.676125',16),(483,'Pacpacac','2025-11-07 02:19:25.676428','2025-11-07 02:19:25.676444',16),(484,'Panicsican','2025-11-07 02:19:25.698317','2025-11-07 02:19:25.698337',16),(485,'Oaquing','2025-11-07 02:19:25.698601','2025-11-07 02:19:25.698613',16),(486,'San Felipe','2025-11-07 02:19:25.721317','2025-11-07 02:19:25.721332',16),(487,'Pagdildilan','2025-11-07 02:19:25.721553','2025-11-07 02:19:25.721564',16),(488,'Quidem','2025-11-07 02:19:25.751184','2025-11-07 02:19:25.751210',16),(489,'Bacsayan','2025-11-07 02:19:25.756520','2025-11-07 02:19:25.756533',16),(490,'Santa Rosa','2025-11-07 02:19:25.757389','2025-11-07 02:19:25.757403',16),(491,'Saracat','2025-11-07 02:19:25.759645','2025-11-07 02:19:25.759664',16),(492,'Santo Rosario','2025-11-07 02:19:25.766064','2025-11-07 02:19:25.766082',16),(493,'Sinapangan','2025-11-07 02:19:25.766314','2025-11-07 02:19:25.766325',16),(494,'Caarusipan','2025-11-07 02:19:25.787539','2025-11-07 02:19:25.787559',16),(495,'Bugbugcao','2025-11-07 02:19:25.788725','2025-11-07 02:19:25.788738',16),(496,'Balballosa','2025-11-07 02:19:25.792119','2025-11-07 02:19:25.792154',16),(497,'Bambanay','2025-11-07 02:19:25.794637','2025-11-07 02:19:25.794657',16),(498,'Taboc','2025-11-07 02:19:25.801656','2025-11-07 02:19:25.801677',16),(499,'Cabaroan','2025-11-07 02:19:25.804327','2025-11-07 02:19:25.804349',16),(500,'Talogtog','2025-11-07 02:19:25.815890','2025-11-07 02:19:25.815909',16),(501,'Urbiztondo','2025-11-07 02:19:25.816196','2025-11-07 02:19:25.816208',16),(502,'Cabugnayan','2025-11-07 02:19:25.819085','2025-11-07 02:19:25.819098',16),(503,'Poblacion','2025-11-07 02:21:46.656174','2025-11-07 02:21:46.656191',17),(504,'Lettac Sur','2025-11-07 02:21:46.658569','2025-11-07 02:21:46.658588',17),(505,'Paagan','2025-11-07 02:21:46.660726','2025-11-07 02:21:46.660741',17),(506,'Mangaan','2025-11-07 02:21:46.663209','2025-11-07 02:21:46.663221',17),(507,'Lettac Norte','2025-11-07 02:21:46.664335','2025-11-07 02:21:46.664350',17),(508,'Corrooy','2025-11-07 02:21:46.664651','2025-11-07 02:21:46.664665',17),(509,'Ramot','2025-11-07 02:21:46.689544','2025-11-07 02:21:46.689561',17),(510,'Sapdaan','2025-11-07 02:21:46.689928','2025-11-07 02:21:46.689940',17),(511,'Puguil','2025-11-07 02:21:46.691873','2025-11-07 02:21:46.691885',17),(512,'Sasaba','2025-11-07 02:21:46.693617','2025-11-07 02:21:46.693628',17),(513,'Tubaday','2025-11-07 02:21:46.694488','2025-11-07 02:21:46.694502',17),(514,'Ambitacay','2025-11-07 02:29:32.505796','2025-11-07 02:29:32.505811',18),(515,'Fernando','2025-11-07 02:29:32.506023','2025-11-07 02:29:32.506034',18),(516,'Linong','2025-11-07 02:29:32.526573','2025-11-07 02:29:32.526592',18),(517,'Lomboy','2025-11-07 02:29:32.526881','2025-11-07 02:29:32.526895',18),(518,'Malabago','2025-11-07 02:29:32.548053','2025-11-07 02:29:32.548071',18),(519,'Bail','2025-11-07 02:29:32.548303','2025-11-07 02:29:32.548313',18),(520,'Namboongan','2025-11-07 02:29:32.569212','2025-11-07 02:29:32.569227',18),(521,'Namonitan','2025-11-07 02:29:32.569435','2025-11-07 02:29:32.569446',18),(522,'Balaoc','2025-11-07 02:29:32.589346','2025-11-07 02:29:32.589362',18),(523,'Narvacan','2025-11-07 02:29:32.589662','2025-11-07 02:29:32.589680',18),(524,'Balsaan','2025-11-07 02:29:32.610442','2025-11-07 02:29:32.610457',18),(525,'Baybay','2025-11-07 02:29:32.610675','2025-11-07 02:29:32.610685',18),(526,'Casantaan','2025-11-07 02:29:32.631664','2025-11-07 02:29:32.631681',18),(527,'Cabaruan','2025-11-07 02:29:32.632033','2025-11-07 02:29:32.632047',18),(528,'Casilagan','2025-11-07 02:29:32.652535','2025-11-07 02:29:32.652559',18),(529,'Cupang','2025-11-07 02:29:32.652801','2025-11-07 02:29:32.652813',18),(530,'Damortis','2025-11-07 02:29:32.674933','2025-11-07 02:29:32.674952',18),(531,'Patac','2025-11-07 02:29:32.677216','2025-11-07 02:29:32.677229',18),(532,'Pongpong','2025-11-07 02:29:32.695518','2025-11-07 02:29:32.695533',18),(533,'Poblacion','2025-11-07 02:29:32.695769','2025-11-07 02:29:32.695779',18),(534,'Raois','2025-11-07 02:29:32.717335','2025-11-07 02:29:32.717352',18),(535,'Tubod','2025-11-07 02:29:32.717625','2025-11-07 02:29:32.717635',18),(536,'Ubagan','2025-11-07 02:29:32.737634','2025-11-07 02:29:32.737650',18),(537,'Tococ','2025-11-07 02:29:32.737864','2025-11-07 02:29:32.737875',18),(538,'Bigbiga','2025-11-07 02:38:58.979706','2025-11-07 02:38:58.979726',19),(539,'Namaltugan','2025-11-07 02:38:58.998553','2025-11-07 02:38:58.998568',19),(540,'Bulalaan','2025-11-07 02:38:59.019259','2025-11-07 02:38:59.019275',19),(541,'Castro','2025-11-07 02:38:59.039791','2025-11-07 02:38:59.039807',19),(542,'Duplas','2025-11-07 02:38:59.058735','2025-11-07 02:38:59.058752',19),(543,'Ilocano','2025-11-07 02:38:59.077512','2025-11-07 02:38:59.077529',19),(544,'Ipet','2025-11-07 02:38:59.096526','2025-11-07 02:38:59.096542',19),(545,'Maliclico','2025-11-07 02:38:59.115914','2025-11-07 02:38:59.115937',19),(546,'Old Central','2025-11-07 02:38:59.135601','2025-11-07 02:38:59.135616',19),(547,'Poblacion','2025-11-07 02:38:59.154066','2025-11-07 02:38:59.154081',19),(548,'Porporiket','2025-11-07 02:38:59.172958','2025-11-07 02:38:59.172973',19),(549,'San Francisco Norte','2025-11-07 02:38:59.192226','2025-11-07 02:38:59.192247',19),(550,'San Francisco Sur','2025-11-07 02:38:59.211593','2025-11-07 02:38:59.211614',19),(551,'San Jose','2025-11-07 02:38:59.230033','2025-11-07 02:38:59.230049',19),(552,'Sengngat','2025-11-07 02:38:59.248314','2025-11-07 02:38:59.248329',19),(553,'Turod','2025-11-07 02:38:59.266540','2025-11-07 02:38:59.266555',19),(554,'Up-uplas','2025-11-07 02:38:59.285942','2025-11-07 02:38:59.285957',19),(555,'Amallapay','2025-11-07 02:42:51.326121','2025-11-07 02:42:51.326138',20),(556,'Halog East','2025-11-07 02:42:51.326928','2025-11-07 02:42:51.326939',20),(557,'Gonzales','2025-11-07 02:42:51.329836','2025-11-07 02:42:51.329854',20),(558,'Halog West','2025-11-07 02:42:51.351992','2025-11-07 02:42:51.352016',20),(559,'Leones East','2025-11-07 02:42:51.355834','2025-11-07 02:42:51.355852',20),(560,'Leones West','2025-11-07 02:42:51.356142','2025-11-07 02:42:51.356155',20),(561,'Magsaysay','2025-11-07 02:42:51.383914','2025-11-07 02:42:51.383932',20),(562,'Anduyan','2025-11-07 02:42:51.387054','2025-11-07 02:42:51.387068',20),(563,'Linapew','2025-11-07 02:42:51.387381','2025-11-07 02:42:51.387404',20),(564,'Rizal','2025-11-07 02:42:51.409269','2025-11-07 02:42:51.409284',20),(565,'Pideg','2025-11-07 02:42:51.409512','2025-11-07 02:42:51.409523',20),(566,'Poblacion','2025-11-07 02:42:51.411180','2025-11-07 02:42:51.411191',20),(567,'Santa Teresa','2025-11-07 02:42:51.433363','2025-11-07 02:42:51.433380',20),(568,'Caoigue','2025-11-07 02:42:51.433601','2025-11-07 02:42:51.433612',20),(569,'Lloren','2025-11-07 02:42:51.436152','2025-11-07 02:42:51.436166',20),(570,'Francia West','2025-11-07 02:42:51.456848','2025-11-07 02:42:51.456864',20),(571,'Francia Sur','2025-11-07 02:42:51.457768','2025-11-07 02:42:51.457780',20),(572,'Garcia','2025-11-07 02:42:51.460171','2025-11-07 02:42:51.460185',20);
/*!40000 ALTER TABLE `api_barangay` ENABLE KEYS */;
UNLOCK TABLES;

--
-- Table structure for table `api_barangayverifier`
--

DROP TABLE IF EXISTS `api_barangayverifier`;
/*!40101 SET @saved_cs_client     = @@character_set_client */;
/*!50503 SET character_set_client = utf8mb4 */;
CREATE TABLE `api_barangayverifier` (
  `id` bigint NOT NULL AUTO_INCREMENT,
  `position` varchar(50) COLLATE utf8mb4_unicode_ci NOT NULL,
  `first_name` varchar(100) COLLATE utf8mb4_unicode_ci NOT NULL,
  `middle_name` varchar(100) COLLATE utf8mb4_unicode_ci DEFAULT NULL,
  `last_name` varchar(100) COLLATE utf8mb4_unicode_ci NOT NULL,
  `is_active` tinyint(1) NOT NULL,
  `created_at` datetime(6) NOT NULL,
  `updated_at` datetime(6) NOT NULL,
  `barangay_id` int NOT NULL,
  `municipality_id` int NOT NULL,
  PRIMARY KEY (`id`),
  UNIQUE KEY `api_barangayverifier_barangay_id_position_61ecfff4_uniq` (`barangay_id`,`position`),
  KEY `api_barangayverifier_municipality_id_88279fe5_fk_api_munic` (`municipality_id`),
  CONSTRAINT `api_barangayverifier_barangay_id_51d0f555_fk_api_baran` FOREIGN KEY (`barangay_id`) REFERENCES `api_barangay` (`barangay_id`),
  CONSTRAINT `api_barangayverifier_municipality_id_88279fe5_fk_api_munic` FOREIGN KEY (`municipality_id`) REFERENCES `api_municipality` (`municipality_id`)
) ENGINE=InnoDB AUTO_INCREMENT=2 DEFAULT CHARSET=utf8mb4 COLLATE=utf8mb4_unicode_ci;
/*!40101 SET character_set_client = @saved_cs_client */;

--
-- Dumping data for table `api_barangayverifier`
--

LOCK TABLES `api_barangayverifier` WRITE;
/*!40000 ALTER TABLE `api_barangayverifier` DISABLE KEYS */;
INSERT INTO `api_barangayverifier` VALUES (1,'Barangay Captain','Juan','Dela','Cruz',1,'2025-11-08 22:14:33.070433','2025-11-08 22:14:33.070449',294,10);
/*!40000 ALTER TABLE `api_barangayverifier` ENABLE KEYS */;
UNLOCK TABLES;

--
-- Table structure for table `api_birukbilugtracker`
--

DROP TABLE IF EXISTS `api_birukbilugtracker`;
/*!40101 SET @saved_cs_client     = @@character_set_client */;
/*!50503 SET character_set_client = utf8mb4 */;
CREATE TABLE `api_birukbilugtracker` (
  `BirukBilugID` varchar(50) COLLATE utf8mb4_unicode_ci NOT NULL,
  `municipality` varchar(100) COLLATE utf8mb4_unicode_ci NOT NULL,
  `status` varchar(20) COLLATE utf8mb4_unicode_ci NOT NULL,
  `date_added` datetime(6) NOT NULL,
  `boat_id` varchar(50) COLLATE utf8mb4_unicode_ci DEFAULT NULL,
  `provisional` tinyint(1) NOT NULL,
  PRIMARY KEY (`BirukBilugID`),
  UNIQUE KEY `boat_id` (`boat_id`),
  CONSTRAINT `api_birukbilugtracker_boat_id_b2210d6e_fk_api_boat_mfbr_number` FOREIGN KEY (`boat_id`) REFERENCES `api_boat` (`mfbr_number`)
) ENGINE=InnoDB DEFAULT CHARSET=utf8mb4 COLLATE=utf8mb4_unicode_ci;
/*!40101 SET character_set_client = @saved_cs_client */;

--
-- Dumping data for table `api_birukbilugtracker`
--

LOCK TABLES `api_birukbilugtracker` WRITE;
/*!40000 ALTER TABLE `api_birukbilugtracker` DISABLE KEYS */;
INSERT INTO `api_birukbilugtracker` VALUES ('AGO-0001','Agoo','available','2025-11-12 06:48:09.955135',NULL,0),('AGO-0002','Agoo','available','2025-11-12 07:07:03.458552',NULL,0),('AGO-0003','Agoo','available','2025-11-12 23:53:18.421216',NULL,1),('CSF-0001','City Of San Fernando','available','2025-11-12 05:08:37.161385',NULL,0),('CSF-0002','City Of San Fernando','available','2025-11-12 06:45:47.456717',NULL,0),('CSF-0003','City Of San Fernando','available','2025-11-12 06:47:35.167076',NULL,0),('CSF-0004','City Of San Fernando','available','2025-11-12 06:54:47.405603',NULL,0),('CSF-0005','City Of San Fernando','available','2025-11-12 07:06:35.743289',NULL,0),('CSF-0006','City Of San Fernando','available','2025-11-12 07:06:48.551177',NULL,0),('CSF-0007','City Of San Fernando','available','2025-11-12 13:33:54.496034',NULL,0),('CSF-0008','City Of San Fernando','assigned','2025-11-12 13:34:16.633798','LU-CSF-908',0),('CSF-0009','City Of San Fernando','available','2025-11-12 13:38:07.173428',NULL,0),('CSF-0010','City Of San Fernando','available','2025-11-12 13:46:07.655874',NULL,0),('CSF-0011','City Of San Fernando','available','2025-11-12 13:48:50.309998',NULL,0),('CSF-0012','City Of San Fernando','available','2025-11-12 14:17:31.331756',NULL,0),('CSF-0013','City Of San Fernando','available','2025-11-12 14:22:31.340202',NULL,0),('CSF-0014','City Of San Fernando','available','2025-11-12 14:39:08.130455',NULL,0),('CSF-0015','City Of San Fernando','available','2025-11-12 14:43:43.901816',NULL,0),('CSF-0016','City Of San Fernando','available','2025-11-12 14:47:30.009449',NULL,0),('CSF-0017','City Of San Fernando','available','2025-11-12 14:47:58.557481',NULL,0),('CSF-0018','City Of San Fernando','available','2025-11-12 14:49:06.185597',NULL,0),('CSF-0019','City Of San Fernando','available','2025-11-12 15:01:12.407990',NULL,0),('CSF-0020','City Of San Fernando','available','2025-11-12 15:02:56.015511',NULL,0),('CSF-0021','City Of San Fernando','available','2025-11-12 15:06:26.495125',NULL,0),('CSF-0022','City Of San Fernando','available','2025-11-12 15:23:04.251295',NULL,0),('CSF-0023','City Of San Fernando','available','2025-11-12 23:34:16.096579',NULL,1),('CSF-0024','City Of San Fernando','available','2025-11-12 23:46:21.273489',NULL,1),('CSF-0025','City Of San Fernando','available','2025-11-12 23:53:57.770409',NULL,1),('CSF-0026','City Of San Fernando','available','2025-11-13 00:03:05.119526',NULL,1),('CSF-0027','City Of San Fernando','assigned','2025-11-13 00:11:36.602709','LU-CSF-654',1),('CSF-0028','City Of San Fernando','assigned','2025-11-13 12:27:39.311819','LU-CSF-972',1),('CSF-0029','City Of San Fernando','assigned','2025-11-14 05:18:12.706253','LU-CSF-343',1);
/*!40000 ALTER TABLE `api_birukbilugtracker` ENABLE KEYS */;
UNLOCK TABLES;

--
-- Table structure for table `api_boat`
--

DROP TABLE IF EXISTS `api_boat`;
/*!40101 SET @saved_cs_client     = @@character_set_client */;
/*!50503 SET character_set_client = utf8mb4 */;
CREATE TABLE `api_boat` (
  `mfbr_number` varchar(50) COLLATE utf8mb4_unicode_ci NOT NULL,
  `application_date` date NOT NULL,
  `type_of_registration` varchar(100) COLLATE utf8mb4_unicode_ci NOT NULL,
  `type_of_ownership` varchar(100) COLLATE utf8mb4_unicode_ci NOT NULL,
  `boat_name` varchar(100) COLLATE utf8mb4_unicode_ci NOT NULL,
  `boat_type` varchar(50) COLLATE utf8mb4_unicode_ci NOT NULL,
  `fishing_ground` varchar(100) COLLATE utf8mb4_unicode_ci NOT NULL,
  `fma_number` varchar(50) COLLATE utf8mb4_unicode_ci NOT NULL,
  `built_place` varchar(100) COLLATE utf8mb4_unicode_ci NOT NULL,
  `no_fishers` int NOT NULL,
  `material_used` varchar(100) COLLATE utf8mb4_unicode_ci NOT NULL,
  `homeport` varchar(100) COLLATE utf8mb4_unicode_ci NOT NULL,
  `built_year` int NOT NULL,
  `engine_make` varchar(100) COLLATE utf8mb4_unicode_ci NOT NULL,
  `serial_number` varchar(100) COLLATE utf8mb4_unicode_ci NOT NULL,
  `horsepower` varchar(50) COLLATE utf8mb4_unicode_ci NOT NULL,
  `is_active` tinyint(1) NOT NULL,
  `date_added` datetime(6) NOT NULL,
  `boat_image` varchar(100) COLLATE utf8mb4_unicode_ci DEFAULT NULL,
  `fisherfolk_registration_number_id` varchar(50) COLLATE utf8mb4_unicode_ci NOT NULL,
  `registered_municipality` varchar(100) COLLATE utf8mb4_unicode_ci DEFAULT NULL,
  PRIMARY KEY (`mfbr_number`),
  KEY `api_boat_fisherfolk_registrat_4ce97038_fk_api_fishe` (`fisherfolk_registration_number_id`),
  CONSTRAINT `api_boat_fisherfolk_registrat_4ce97038_fk_api_fishe` FOREIGN KEY (`fisherfolk_registration_number_id`) REFERENCES `api_fisherfolk` (`registration_number`)
) ENGINE=InnoDB DEFAULT CHARSET=utf8mb4 COLLATE=utf8mb4_unicode_ci;
/*!40101 SET character_set_client = @saved_cs_client */;

--
-- Dumping data for table `api_boat`
--

LOCK TABLES `api_boat` WRITE;
/*!40000 ALTER TABLE `api_boat` DISABLE KEYS */;
INSERT INTO `api_boat` VALUES ('LU-CSF-086','2025-11-09','New/Initial Registration','Individual','Joyyo','Motorized','City Of San Fernando','Fma-6','Bacnotan',2,'Wood','Lingayen Gulf',2023,'Kress','342423','16',1,'2025-11-09 05:34:43.579165','boats/Untitled_design_2_ZGfFL7u.png','2025-123454678-96454','City Of San Fernando'),('LU-CSF-098','2025-11-09','New/Initial Registration','Group','Koyyo','Non-Motorized','City Of San Fernando','Fma-6','Bacnotan',2,'Fiber Glass','Lingayen Gulf',2023,'Kress','44654','16',1,'2025-11-09 05:33:57.548033','boats/Untitled_design_1_bKnQO7E.png','2025-091238109-80802','City Of San Fernando'),('LU-CSF-123','2025-11-09','New/Initial Registration','Individual','Were','Non-Motorized','City Of San Fernando','Fma-6','Bacnotan',2,'Wood','Lingayen Gulf',2020,'Briggs & Stratton','213213','16',1,'2025-11-09 02:04:50.735463','boats/Untitled_design_3.png','2025-123454678-96454','City Of San Fernando'),('LU-CSF-153','2025-11-09','New/Initial Registration','Individual','Poloy','Non-Motorized','City Of San Fernando','Fma-6','Bacnotan',2,'Wood','Lingayen Gulf',2023,'Supremo','123123','16',1,'2025-11-09 02:26:44.898869','boats/Untitled_design_2.png','2025-091238109-80802','City Of San Fernando'),('LU-CSF-342','2025-11-09','New/Initial Registration','Individual','Poloyyo','Non-Motorized','City Of San Fernando','Fma-6','Bacnotan',2,'Fiber Glass','Lingayen Gulf',2023,'Briggs & Stratton','123122343','16',1,'2025-11-09 02:37:02.743700','boats/Untitled_design_3_875AD3V.png','2025-091238109-80802','City Of San Fernando'),('LU-CSF-343','2025-11-09','New/Initial Registration','Individual','Pete','Non-Motorized','City Of San Fernando','Fma-6','Bacnotan',2,'Wood','Lingayen Gulf',2020,'Kress','123123','16',1,'2025-11-09 09:33:37.052810','boats/Untitled_design_2_H93D35N.png','2334-654758566-43424','City Of San Fernando'),('LU-CSF-345','2025-11-09','New/Initial Registration','Individual','Lote','Motorized','City Of San Fernando','Fma-6','Bacnotan',2,'Fiber Glass','Lingayen Gulf',2023,'Supremo','34234','16',1,'2025-11-09 05:02:53.623039','boats/Untitled_design_3_mo8V1zX.png','2025-091238109-80802','City Of San Fernando'),('LU-CSF-365','2025-11-09','New/Initial Registration','Group','Pioloyyo','Non-Motorized','City Of San Fernando','Fma-6','Bacnotan',2,'Fiber Glass','Lingayen Gulf',2023,'Briggs & Stratton','324242134','16',1,'2025-11-09 05:57:01.559088','boats/Untitled_design_3_Ly9eHbr.png','2025-091238109-80802','City Of San Fernando'),('LU-CSF-367','2025-11-09','New/Initial Registration','Individual','Foyo','Motorized','City Of San Fernando','Fma-6','Bacnotan',2,'Wood','Lingayen Gulf',2023,'Kress','23455756','16',1,'2025-11-09 06:23:56.680529','boats/Untitled_design_1_dLdn5QU.png','2025-123454678-96454','City Of San Fernando'),('LU-CSF-453','2025-11-09','New/Initial Registration','Individual','Polyo','Motorized','City Of San Fernando','Fma-6','Bacnotan',2,'Wood','Lingayen Gulf',2023,'Kress','45346345','16',1,'2025-11-09 05:09:28.357162','boats/Untitled_design_1_dRGrue7.png','2025-091238109-80802','City Of San Fernando'),('LU-CSF-490','2025-11-09','New/Initial Registration','Individual','Moloyyo','Non-Motorized','City Of San Fernando','Fma-6','Bacnotan',2,'Wood','Lingayen Gulf',2023,'Kress','7657575','16',1,'2025-11-09 05:28:45.955061','boats/Untitled_design_3_94p7ypE.png','2025-091238109-80802','City Of San Fernando'),('LU-CSF-634','2025-11-09','New/Initial Registration','Group','Polpyo','Non-Motorized','City Of San Fernando','Fma-6','Bacnotan',2,'Fiber Glass','Lingayen Gulf',2023,'Kress','123123','16',1,'2025-11-09 05:14:57.424415','boats/Untitled_design_3_J1L78p9.png','2025-123454678-96454','City Of San Fernando'),('LU-CSF-645','2025-11-09','New/Initial Registration','Individual','Boyyo','Non-Motorized','City Of San Fernando','Fma-6','Bacnotan',2,'Wood','Lingayen Gulf',2023,'Kress','4564538','16',1,'2025-11-09 05:51:17.086633','boats/Untitled_design_2_BEHmWXK.png','2025-091238109-80802','City Of San Fernando'),('LU-CSF-654','2025-11-09','New/Initial Registration','Individual','Petey','Non-Motorized','City Of San Fernando','Fma-6','Bacnotan',2,'Wood','Lingayen Gulf',2020,'Briggs & Stratton','123123','16',0,'2025-11-09 09:35:47.172193','boats/Untitled_design_2_eqkMB2T.png','2025-091238109-80802','City Of San Fernando'),('LU-CSF-655','2025-11-09','New/Initial Registration','Individual','Pyyo','Non-Motorized','City Of San Fernando','Fma-6','Bacnotan',2,'Wood','Lingayen Gulf',2023,'Kress','234354','16',1,'2025-11-09 05:05:53.929231','boats/Untitled_design_1.png','2025-091238109-80802','City Of San Fernando'),('LU-CSF-675','2025-11-09','New/Initial Registration','Individual','Tloyyo','Non-Motorized','City Of San Fernando','Fma-6','Bacnotan',2,'Wood','Lingayen Gulf',2023,'Supremo','57657343','16',1,'2025-11-09 05:39:41.065180','boats/Untitled_design_1_6VSB93n.png','2025-123454678-96454','City Of San Fernando'),('LU-CSF-712','2025-11-09','New/Initial Registration','Individual','Do','Motorized','City Of San Fernando','Fma-6','Bacnotan',2,'Wood','Lingayen Gulf',2023,'Kress','453452','16',1,'2025-11-09 06:18:52.751114','boats/Untitled_design_3_14hM5NX.png','2025-091238109-80802','City Of San Fernando'),('LU-CSF-741','2025-11-09','New/Initial Registration','Individual','Soop','Motorized','City Of San Fernando','Fma-6','Bacnotan',2,'Wood','Lingayen Gulf',2023,'Briggs & Stratton','232423','20',1,'2025-11-09 06:28:17.318777','boats/Untitled_design_1_POeSGGJ.png','2025-091238109-80802','City Of San Fernando'),('LU-CSF-745','2025-11-09','New/Initial Registration','Individual','Poyyo','Non-Motorized','City Of San Fernando','Fma-6','Bacnotan',2,'Wood','Lingayen Gulf',2023,'Kress','123123','16',1,'2025-11-09 05:12:46.928181','boats/Untitled_design_3_Cg7hVqZ.png','2025-091238109-80802','City Of San Fernando'),('LU-CSF-787','2025-11-09','New/Initial Registration','Individual','Lyo','Non-Motorized','City Of San Fernando','Fma-6','Bacnotan',2,'Fiber Glass','Lingayen Gulf',2023,'Kress','123312345','16',1,'2025-11-09 05:18:06.648797','boats/Untitled_design_3_KOVcKec.png','2025-123454678-96454','City Of San Fernando'),('LU-CSF-856','2025-11-09','New/Initial Registration','Individual','Noloyyo','Non-Motorized','City Of San Fernando','Fma-6','Bacnotan',2,'Fiber Glass','Lingayen Gulf',2023,'Briggs & Stratton','2134535','16',1,'2025-11-09 05:30:52.609525','boats/Untitled_design_3_ZlNpbXf.png','2025-091238109-80802','City Of San Fernando'),('LU-CSF-908','2025-11-12','New/Initial Registration','Individual','Onepiecepo','Non-Motorized','City Of San Fernando','Fma-6','Bahay',1,'Wood','Lingayen Gulf',2021,'Supremo','65477657','16',1,'2025-11-12 04:53:07.396342','boats/fad4edfc-0318-42ae-82c0-2734daba9f83.jpg','2025-483284947-39423','City Of San Fernando'),('LU-CSF-967','2025-11-09','New/Initial Registration','Individual','Coloyyo','Motorized','City Of San Fernando','Fma-6','Bacnotan',2,'Fiber Glass','Lingayen Gulf',2023,'Kress','456734','16',1,'2025-11-09 06:04:03.050704','boats/Untitled_design_2_RYJXzYQ.png','2025-091238109-80802','City Of San Fernando'),('LU-CSF-972','2025-11-09','New/Initial Registration','Individual','Tall','Non-Motorized','City Of San Fernando','Fma-6','Bacnotan',2,'Wood','Lingayen Gulf',2020,'Kress','123123434','16',1,'2025-11-09 09:34:18.980577','boats/Untitled_design_1_L8Gx0yu.png','2334-654758566-43424','City Of San Fernando'),('LU-CSF-976','2025-11-09','New/Initial Registration','Individual','Wyyo','Non-Motorized','City Of San Fernando','Fma-6','Bacnotan',2,'Wood','Lingayen Gulf',2023,'Kress','323465','16',1,'2025-11-09 05:26:14.275778','boats/Untitled_design_2_5KFRFwM.png','2025-091238109-80802','City Of San Fernando'),('LU-CSF-986','2025-11-09','New/Initial Registration','Individual','Ooloyyo','Motorized','City Of San Fernando','Fma-6','Bacnotan',2,'Wood','Lingayen Gulf',2023,'Kress','2321343','16',1,'2025-11-09 05:56:15.342647','boats/Untitled_design_3_MwiBEuw.png','2025-091238109-80802','City Of San Fernando');
/*!40000 ALTER TABLE `api_boat` ENABLE KEYS */;
UNLOCK TABLES;

--
-- Table structure for table `api_boatgearassignment`
--

DROP TABLE IF EXISTS `api_boatgearassignment`;
/*!40101 SET @saved_cs_client     = @@character_set_client */;
/*!50503 SET character_set_client = utf8mb4 */;
CREATE TABLE `api_boatgearassignment` (
  `id` bigint NOT NULL AUTO_INCREMENT,
  `boat_id` varchar(50) COLLATE utf8mb4_unicode_ci NOT NULL,
  PRIMARY KEY (`id`),
  KEY `api_boatgearassignment_boat_id_2e854ddc_fk_api_boat_mfbr_number` (`boat_id`),
  CONSTRAINT `api_boatgearassignment_boat_id_2e854ddc_fk_api_boat_mfbr_number` FOREIGN KEY (`boat_id`) REFERENCES `api_boat` (`mfbr_number`)
) ENGINE=InnoDB AUTO_INCREMENT=27 DEFAULT CHARSET=utf8mb4 COLLATE=utf8mb4_unicode_ci;
/*!40101 SET character_set_client = @saved_cs_client */;

--
-- Dumping data for table `api_boatgearassignment`
--

LOCK TABLES `api_boatgearassignment` WRITE;
/*!40000 ALTER TABLE `api_boatgearassignment` DISABLE KEYS */;
INSERT INTO `api_boatgearassignment` VALUES (14,'LU-CSF-086'),(13,'LU-CSF-098'),(1,'LU-CSF-123'),(2,'LU-CSF-153'),(3,'LU-CSF-342'),(23,'LU-CSF-343'),(4,'LU-CSF-345'),(18,'LU-CSF-365'),(21,'LU-CSF-367'),(6,'LU-CSF-453'),(11,'LU-CSF-490'),(8,'LU-CSF-634'),(16,'LU-CSF-645'),(25,'LU-CSF-654'),(5,'LU-CSF-655'),(15,'LU-CSF-675'),(20,'LU-CSF-712'),(22,'LU-CSF-741'),(7,'LU-CSF-745'),(9,'LU-CSF-787'),(12,'LU-CSF-856'),(26,'LU-CSF-908'),(19,'LU-CSF-967'),(24,'LU-CSF-972'),(10,'LU-CSF-976'),(17,'LU-CSF-986');
/*!40000 ALTER TABLE `api_boatgearassignment` ENABLE KEYS */;
UNLOCK TABLES;

--
-- Table structure for table `api_boatgearsubtypeassignment`
--

DROP TABLE IF EXISTS `api_boatgearsubtypeassignment`;
/*!40101 SET @saved_cs_client     = @@character_set_client */;
/*!50503 SET character_set_client = utf8mb4 */;
CREATE TABLE `api_boatgearsubtypeassignment` (
  `id` bigint NOT NULL AUTO_INCREMENT,
  `is_present` tinyint(1) NOT NULL,
  `quantity` int DEFAULT NULL,
  `boat_gear_assignment_id` bigint NOT NULL,
  `gear_subtype_id` bigint NOT NULL,
  PRIMARY KEY (`id`),
  KEY `api_boatgearsubtypea_boat_gear_assignment_8983c49f_fk_api_boatg` (`boat_gear_assignment_id`),
  KEY `api_boatgearsubtypea_gear_subtype_id_4ab9fe6f_fk_api_gears` (`gear_subtype_id`),
  CONSTRAINT `api_boatgearsubtypea_boat_gear_assignment_8983c49f_fk_api_boatg` FOREIGN KEY (`boat_gear_assignment_id`) REFERENCES `api_boatgearassignment` (`id`),
  CONSTRAINT `api_boatgearsubtypea_gear_subtype_id_4ab9fe6f_fk_api_gears` FOREIGN KEY (`gear_subtype_id`) REFERENCES `api_gearsubtype` (`id`)
) ENGINE=InnoDB AUTO_INCREMENT=15 DEFAULT CHARSET=utf8mb4 COLLATE=utf8mb4_unicode_ci;
/*!40101 SET character_set_client = @saved_cs_client */;

--
-- Dumping data for table `api_boatgearsubtypeassignment`
--

LOCK TABLES `api_boatgearsubtypeassignment` WRITE;
/*!40000 ALTER TABLE `api_boatgearsubtypeassignment` DISABLE KEYS */;
INSERT INTO `api_boatgearsubtypeassignment` VALUES (1,1,1,1,101),(2,1,1,1,1301),(3,1,1,2,101),(4,1,1,2,1601),(5,1,1,3,101),(6,1,1,3,1601),(7,1,1,4,801),(8,1,1,5,801),(9,1,1,23,101),(10,1,1,23,1601),(11,1,1,24,101),(12,1,1,24,1601),(13,1,1,26,701),(14,1,1,26,1601);
/*!40000 ALTER TABLE `api_boatgearsubtypeassignment` ENABLE KEYS */;
UNLOCK TABLES;

--
-- Table structure for table `api_boatgeartypeassignment`
--

DROP TABLE IF EXISTS `api_boatgeartypeassignment`;
/*!40101 SET @saved_cs_client     = @@character_set_client */;
/*!50503 SET character_set_client = utf8mb4 */;
CREATE TABLE `api_boatgeartypeassignment` (
  `id` bigint NOT NULL AUTO_INCREMENT,
  `is_present` tinyint(1) NOT NULL,
  `boat_gear_assignment_id` bigint NOT NULL,
  `gear_type_id` bigint NOT NULL,
  PRIMARY KEY (`id`),
  KEY `api_boatgeartypeassi_boat_gear_assignment_ce68488e_fk_api_boatg` (`boat_gear_assignment_id`),
  KEY `api_boatgeartypeassi_gear_type_id_f7b47a8d_fk_api_geart` (`gear_type_id`),
  CONSTRAINT `api_boatgeartypeassi_boat_gear_assignment_ce68488e_fk_api_boatg` FOREIGN KEY (`boat_gear_assignment_id`) REFERENCES `api_boatgearassignment` (`id`),
  CONSTRAINT `api_boatgeartypeassi_gear_type_id_f7b47a8d_fk_api_geart` FOREIGN KEY (`gear_type_id`) REFERENCES `api_geartype` (`id`)
) ENGINE=InnoDB AUTO_INCREMENT=14 DEFAULT CHARSET=utf8mb4 COLLATE=utf8mb4_unicode_ci;
/*!40101 SET character_set_client = @saved_cs_client */;

--
-- Dumping data for table `api_boatgeartypeassignment`
--

LOCK TABLES `api_boatgeartypeassignment` WRITE;
/*!40000 ALTER TABLE `api_boatgeartypeassignment` DISABLE KEYS */;
INSERT INTO `api_boatgeartypeassignment` VALUES (1,1,1,1),(2,1,1,13),(3,1,2,1),(4,1,2,16),(5,1,3,1),(6,1,3,16),(7,1,4,8),(8,1,23,1),(9,1,23,16),(10,1,24,1),(11,1,24,16),(12,1,26,16),(13,1,26,7);
/*!40000 ALTER TABLE `api_boatgeartypeassignment` ENABLE KEYS */;
UNLOCK TABLES;

--
-- Table structure for table `api_boatmeasurements`
--

DROP TABLE IF EXISTS `api_boatmeasurements`;
/*!40101 SET @saved_cs_client     = @@character_set_client */;
/*!50503 SET character_set_client = utf8mb4 */;
CREATE TABLE `api_boatmeasurements` (
  `boat_measure_id` int NOT NULL AUTO_INCREMENT,
  `registered_length` decimal(10,2) NOT NULL,
  `registered_breadth` decimal(10,2) NOT NULL,
  `registered_depth` decimal(10,2) NOT NULL,
  `tonnage_length` decimal(10,2) NOT NULL,
  `tonnage_breadth` decimal(10,2) NOT NULL,
  `tonnage_depth` decimal(10,2) NOT NULL,
  `gross_tonnage` decimal(10,2) NOT NULL,
  `net_tonnage` decimal(10,2) NOT NULL,
  `date_added` datetime(6) NOT NULL,
  `boat_id` varchar(50) COLLATE utf8mb4_unicode_ci NOT NULL,
  PRIMARY KEY (`boat_measure_id`),
  UNIQUE KEY `boat_id` (`boat_id`),
  CONSTRAINT `api_boatmeasurements_boat_id_283f3e8c_fk_api_boat_mfbr_number` FOREIGN KEY (`boat_id`) REFERENCES `api_boat` (`mfbr_number`)
) ENGINE=InnoDB AUTO_INCREMENT=27 DEFAULT CHARSET=utf8mb4 COLLATE=utf8mb4_unicode_ci;
/*!40101 SET character_set_client = @saved_cs_client */;

--
-- Dumping data for table `api_boatmeasurements`
--

LOCK TABLES `api_boatmeasurements` WRITE;
/*!40000 ALTER TABLE `api_boatmeasurements` DISABLE KEYS */;
INSERT INTO `api_boatmeasurements` VALUES (1,12.00,21.00,21.00,2.00,2.00,2.00,1.98,1.78,'2025-11-09 02:04:50.922800','LU-CSF-123'),(2,12.00,12.00,12.00,2.00,2.00,2.00,1.98,1.78,'2025-11-09 02:26:45.064072','LU-CSF-153'),(3,12.00,12.00,12.00,2.00,2.00,2.00,1.98,1.78,'2025-11-09 02:37:02.915839','LU-CSF-342'),(4,12.00,12.00,12.00,2.00,2.00,2.00,1.98,1.78,'2025-11-09 05:02:53.832879','LU-CSF-345'),(5,12.00,12.00,12.00,2.00,2.00,2.00,1.98,1.78,'2025-11-09 05:05:54.108617','LU-CSF-655'),(6,12.00,12.00,12.00,2.00,2.00,2.00,1.98,1.78,'2025-11-09 05:09:28.526681','LU-CSF-453'),(7,12.00,12.00,12.00,2.00,2.00,2.00,1.98,1.78,'2025-11-09 05:12:47.101527','LU-CSF-745'),(8,12.00,12.00,12.00,2.00,2.00,2.00,1.98,1.78,'2025-11-09 05:14:57.594906','LU-CSF-634'),(9,12.00,12.00,12.00,2.00,2.00,2.00,1.98,1.78,'2025-11-09 05:18:06.815135','LU-CSF-787'),(10,12.00,12.00,12.00,2.00,2.00,2.00,1.98,1.78,'2025-11-09 05:26:14.438883','LU-CSF-976'),(11,12.00,12.00,12.00,2.00,2.00,2.00,1.98,1.78,'2025-11-09 05:28:46.144782','LU-CSF-490'),(12,12.00,12.00,12.00,2.00,2.00,2.00,1.98,1.78,'2025-11-09 05:30:52.785597','LU-CSF-856'),(13,12.00,12.00,12.00,2.00,2.00,2.00,1.98,1.78,'2025-11-09 05:33:57.721254','LU-CSF-098'),(14,12.00,12.00,12.00,2.00,2.00,2.00,1.98,1.78,'2025-11-09 05:34:43.753771','LU-CSF-086'),(15,12.00,12.00,12.00,2.00,2.00,2.00,1.98,1.78,'2025-11-09 05:39:41.244654','LU-CSF-675'),(16,12.00,12.00,12.00,2.00,2.00,2.00,1.98,1.78,'2025-11-09 05:51:17.258189','LU-CSF-645'),(17,12.00,12.00,12.00,2.00,2.00,2.00,1.98,1.78,'2025-11-09 05:56:15.520858','LU-CSF-986'),(18,12.00,12.00,12.00,2.00,2.00,2.00,1.98,1.78,'2025-11-09 05:57:01.735074','LU-CSF-365'),(19,12.00,12.00,12.00,2.00,2.00,2.00,1.98,1.78,'2025-11-09 06:04:03.226972','LU-CSF-967'),(20,12.00,12.00,12.00,2.00,2.00,2.00,1.98,1.78,'2025-11-09 06:18:52.927779','LU-CSF-712'),(21,12.00,12.00,12.00,2.00,2.00,2.00,1.98,1.78,'2025-11-09 06:23:56.833583','LU-CSF-367'),(22,12.00,12.00,12.00,2.00,2.00,2.00,1.98,1.78,'2025-11-09 06:28:17.480260','LU-CSF-741'),(23,12.00,12.00,12.00,2.00,2.00,2.00,1.98,1.78,'2025-11-09 09:33:37.243775','LU-CSF-343'),(24,12.00,12.00,12.00,2.00,2.00,2.00,1.98,1.78,'2025-11-09 09:34:19.149618','LU-CSF-972'),(25,12.00,12.00,12.00,2.00,2.00,2.00,1.98,1.78,'2025-11-09 09:35:47.339551','LU-CSF-654'),(26,4.99,4.00,5.99,2.00,2.00,3.00,2.97,2.67,'2025-11-12 04:53:07.762776','LU-CSF-908');
/*!40000 ALTER TABLE `api_boatmeasurements` ENABLE KEYS */;
UNLOCK TABLES;

--
-- Table structure for table `api_boundarycrossing`
--

DROP TABLE IF EXISTS `api_boundarycrossing`;
/*!40101 SET @saved_cs_client     = @@character_set_client */;
/*!50503 SET character_set_client = utf8mb4 */;
CREATE TABLE `api_boundarycrossing` (
  `id` bigint NOT NULL AUTO_INCREMENT,
  `boat_id` int NOT NULL,
  `from_municipality` varchar(100) COLLATE utf8mb4_unicode_ci NOT NULL,
  `to_municipality` varchar(100) COLLATE utf8mb4_unicode_ci NOT NULL,
  `crossing_timestamp` datetime(6) NOT NULL,
  `from_lat` double NOT NULL,
  `from_lng` double NOT NULL,
  `to_lat` double NOT NULL,
  `to_lng` double NOT NULL,
  `sms_sent` tinyint(1) NOT NULL,
  `sms_response` longtext CHARACTER SET utf8mb4 COLLATE utf8mb4_bin,
  `phone_number` varchar(20) COLLATE utf8mb4_unicode_ci NOT NULL,
  `fisherfolk_id` varchar(50) COLLATE utf8mb4_unicode_ci DEFAULT NULL,
  PRIMARY KEY (`id`),
  KEY `api_boundarycrossing_fisherfolk_id_333eec8d_fk_api_fishe` (`fisherfolk_id`),
  KEY `api_boundar_boat_id_742ab3_idx` (`boat_id`,`crossing_timestamp` DESC),
  KEY `api_boundar_crossin_5618a9_idx` (`crossing_timestamp`),
  KEY `api_boundar_from_mu_048daf_idx` (`from_municipality`,`to_municipality`),
  CONSTRAINT `api_boundarycrossing_fisherfolk_id_333eec8d_fk_api_fishe` FOREIGN KEY (`fisherfolk_id`) REFERENCES `api_fisherfolk` (`registration_number`),
  CONSTRAINT `api_boundarycrossing_chk_1` CHECK (json_valid(`sms_response`))
) ENGINE=InnoDB AUTO_INCREMENT=14 DEFAULT CHARSET=utf8mb4 COLLATE=utf8mb4_unicode_ci;
/*!40101 SET character_set_client = @saved_cs_client */;

--
-- Dumping data for table `api_boundarycrossing`
--

LOCK TABLES `api_boundarycrossing` WRITE;
/*!40000 ALTER TABLE `api_boundarycrossing` DISABLE KEYS */;
INSERT INTO `api_boundarycrossing` VALUES (1,0,'City Of San Fernando','San Gabriel','2025-11-13 12:22:02.575118',16.671488,120.40284,16.671488,120.40284,1,'{\"success\": false, \"error\": \"Fisherfolk information not found\", \"boat_id\": 0, \"fisherfolk\": null}','',NULL),(2,0,'City Of San Fernando','San Gabriel','2025-11-13 12:29:43.339306',16.671518,120.402763,16.671518,120.402763,1,'{\"skipped\": \"violation suppressed by cooldown\", \"cooldown_hours\": 12, \"cooldown_until\": \"2025-11-14T00:31:16.521725+00:00\"}','',NULL),(3,0,'City Of San Fernando','San Gabriel','2025-11-13 12:31:16.521725',16.671509,120.402817,16.671509,120.402817,1,'{\"skipped\": \"violation suppressed by cooldown\", \"cooldown_hours\": 12, \"cooldown_until\": \"2025-11-14T00:32:45.925766+00:00\"}','',NULL),(4,0,'City Of San Fernando','San Gabriel','2025-11-13 12:32:45.925766',16.671503,120.402817,16.671503,120.402817,1,'{\"skipped\": \"violation suppressed by cooldown\", \"cooldown_hours\": 12, \"cooldown_until\": \"2025-11-14T00:34:52.835654+00:00\"}','',NULL),(5,0,'City Of San Fernando','San Gabriel','2025-11-13 12:34:52.835654',16.671505,120.402824,16.671505,120.402824,1,'{\"skipped\": \"violation suppressed by cooldown\", \"cooldown_hours\": 12, \"cooldown_until\": \"2025-11-14T00:38:50.866095+00:00\"}','',NULL),(6,0,'City Of San Fernando','San Gabriel','2025-11-13 12:38:50.866095',16.671482,120.402824,16.671482,120.402824,1,'{\"skipped\": \"violation suppressed by cooldown\", \"cooldown_hours\": 12, \"cooldown_until\": \"2025-11-14T00:43:31.007796+00:00\"}','',NULL),(7,0,'City Of San Fernando','San Gabriel','2025-11-13 12:43:31.007796',16.671442,120.402802,16.671442,120.402802,1,'{\"skipped\": \"violation suppressed by cooldown\", \"cooldown_hours\": 12, \"cooldown_until\": \"2025-11-14T00:45:36.538732+00:00\"}','',NULL),(8,0,'City Of San Fernando','San Gabriel','2025-11-13 12:45:36.538732',16.671434,120.402779,16.671434,120.402779,1,'{\"skipped\": \"violation suppressed by cooldown\", \"cooldown_hours\": 12, \"cooldown_until\": \"2025-11-14T00:50:24.224690+00:00\"}','',NULL),(9,0,'City Of San Fernando','San Gabriel','2025-11-13 12:50:24.224690',16.671528,120.402802,16.671528,120.402802,1,'{\"skipped\": \"violation suppressed by cooldown\", \"cooldown_hours\": 12, \"cooldown_until\": \"2025-11-14T00:51:58.059854+00:00\"}','',NULL),(10,0,'City Of San Fernando','San Gabriel','2025-11-13 12:51:58.059854',16.671509,120.40287,16.671509,120.40287,1,'{\"skipped\": \"violation suppressed by cooldown\", \"cooldown_hours\": 12, \"cooldown_until\": \"2025-11-14T00:53:21.653911+00:00\"}','',NULL),(11,0,'City Of San Fernando','San Gabriel','2025-11-13 12:53:21.653911',16.671524,120.402794,16.671524,120.402794,1,'{\"skipped\": \"violation suppressed by cooldown\", \"cooldown_hours\": 12, \"cooldown_until\": \"2025-11-14T00:56:47.400889+00:00\"}','',NULL),(12,0,'City Of San Fernando','San Gabriel','2025-11-13 12:56:47.400889',16.671495,120.402763,16.671495,120.402763,1,'{\"success\": true, \"sms_result\": {\"success\": true, \"provider\": \"vonage\", \"message_id\": \"34008984-61d3-40a2-85c0-366ae9ab85f4\", \"response\": {\"message-count\": \"3\", \"messages\": [{\"to\": \"639313211313\", \"message-id\": \"34008984-61d3-40a2-85c0-366ae9ab85f4\", \"status\": \"0\", \"remaining-balance\": \"-0.33984000\", \"message-price\": \"0.19776000\", \"network\": \"51503\"}, {\"to\": \"639313211313\", \"message-id\": \"ae68139e-f731-4071-8f1a-a655b1848d5b\", \"status\": \"0\", \"remaining-balance\": \"-0.33984000\", \"message-price\": \"0.19776000\", \"network\": \"51503\"}, {\"to\": \"639313211313\", \"message-id\": \"3320d59e-b4e9-4028-adb2-62c3b506a2b4\", \"status\": \"0\", \"remaining-balance\": \"-0.33984000\", \"message-price\": \"0.19776000\", \"network\": \"51503\"}]}, \"timestamp\": \"2025-11-13T21:13:34.769914\"}, \"fisherfolk_name\": \"Arianna Grande\", \"phone_number\": \"1313****\", \"crossing_data\": {\"boat_id\": \"LU-CSF-972\", \"from_municipality\": \"City Of San Fernando\", \"to_municipality\": \"San Gabriel\", \"current_position\": {\"lat\": 16.671486, \"lng\": 120.402885}, \"previous_position\": {\"lat\": 16.671495, \"lng\": 120.402763}, \"timestamp\": \"2025-11-13T13:13:34.399339+00:00\", \"time_since_last_position\": \"0:16:46.998450\"}}','',NULL),(13,0,'City Of San Fernando','San Gabriel','2025-11-13 13:13:34.771200',16.671495,120.402763,16.671486,120.402885,1,'{\"success\": true, \"provider\": \"vonage\", \"message_id\": \"34008984-61d3-40a2-85c0-366ae9ab85f4\", \"response\": {\"message-count\": \"3\", \"messages\": [{\"to\": \"639313211313\", \"message-id\": \"34008984-61d3-40a2-85c0-366ae9ab85f4\", \"status\": \"0\", \"remaining-balance\": \"-0.33984000\", \"message-price\": \"0.19776000\", \"network\": \"51503\"}, {\"to\": \"639313211313\", \"message-id\": \"ae68139e-f731-4071-8f1a-a655b1848d5b\", \"status\": \"0\", \"remaining-balance\": \"-0.33984000\", \"message-price\": \"0.19776000\", \"network\": \"51503\"}, {\"to\": \"639313211313\", \"message-id\": \"3320d59e-b4e9-4028-adb2-62c3b506a2b4\", \"status\": \"0\", \"remaining-balance\": \"-0.33984000\", \"message-price\": \"0.19776000\", \"network\": \"51503\"}]}, \"timestamp\": \"2025-11-13T21:13:34.769914\"}','9313211313','2334-654758566-43424');
/*!40000 ALTER TABLE `api_boundarycrossing` ENABLE KEYS */;
UNLOCK TABLES;

--
-- Table structure for table `api_boundaryviolationnotification`
--

DROP TABLE IF EXISTS `api_boundaryviolationnotification`;
/*!40101 SET @saved_cs_client     = @@character_set_client */;
/*!50503 SET character_set_client = utf8mb4 */;
CREATE TABLE `api_boundaryviolationnotification` (
  `id` bigint NOT NULL AUTO_INCREMENT,
  `boat_name` varchar(100) COLLATE utf8mb4_unicode_ci NOT NULL,
  `mfbr_number` varchar(50) COLLATE utf8mb4_unicode_ci NOT NULL,
  `tracker_number` varchar(50) COLLATE utf8mb4_unicode_ci NOT NULL,
  `from_municipality` varchar(100) COLLATE utf8mb4_unicode_ci NOT NULL,
  `to_municipality` varchar(100) COLLATE utf8mb4_unicode_ci NOT NULL,
  `violation_timestamp` datetime(6) NOT NULL,
  `current_lat` double NOT NULL,
  `current_lng` double NOT NULL,
  `dwell_duration` int NOT NULL,
  `status` varchar(20) COLLATE utf8mb4_unicode_ci NOT NULL,
  `created_at` datetime(6) NOT NULL,
  `read_at` datetime(6) DEFAULT NULL,
  `boat_id` varchar(50) COLLATE utf8mb4_unicode_ci DEFAULT NULL,
  `boundary_crossing_id` bigint NOT NULL,
  `fisherfolk_id` varchar(50) COLLATE utf8mb4_unicode_ci DEFAULT NULL,
  `read_by_id` int DEFAULT NULL,
  `contact_person_name` varchar(100) COLLATE utf8mb4_unicode_ci NOT NULL,
  `contact_person_phone` varchar(20) COLLATE utf8mb4_unicode_ci NOT NULL,
  `idle_minutes` int NOT NULL,
  `owner_name` varchar(100) COLLATE utf8mb4_unicode_ci NOT NULL,
  `registration_number` varchar(50) COLLATE utf8mb4_unicode_ci NOT NULL,
  `remarks` longtext COLLATE utf8mb4_unicode_ci NOT NULL,
  `report_number` varchar(50) COLLATE utf8mb4_unicode_ci DEFAULT NULL,
  `report_status` varchar(50) COLLATE utf8mb4_unicode_ci NOT NULL,
  `status_updated_at` datetime(6) DEFAULT NULL,
  `status_updated_by_id` int DEFAULT NULL,
  `timestamp_end` datetime(6) DEFAULT NULL,
  `timestamp_start` datetime(6) DEFAULT NULL,
  PRIMARY KEY (`id`),
  KEY `api_boundaryviolatio_boundary_crossing_id_b113b1a9_fk_api_bound` (`boundary_crossing_id`),
  KEY `api_boundaryviolatio_fisherfolk_id_bd9ce2f8_fk_api_fishe` (`fisherfolk_id`),
  KEY `api_boundaryviolatio_read_by_id_5db2c9db_fk_api_user_` (`read_by_id`),
  KEY `api_boundar_created_8cd47b_idx` (`created_at` DESC),
  KEY `api_boundar_status_818b79_idx` (`status`,`created_at` DESC),
  KEY `api_boundar_boat_id_520853_idx` (`boat_id`,`created_at` DESC),
  KEY `api_boundaryviolatio_status_updated_by_id_13a62313_fk_api_user_` (`status_updated_by_id`),
  CONSTRAINT `api_boundaryviolatio_boat_id_8f43c914_fk_api_boat_` FOREIGN KEY (`boat_id`) REFERENCES `api_boat` (`mfbr_number`),
  CONSTRAINT `api_boundaryviolatio_boundary_crossing_id_b113b1a9_fk_api_bound` FOREIGN KEY (`boundary_crossing_id`) REFERENCES `api_boundarycrossing` (`id`),
  CONSTRAINT `api_boundaryviolatio_fisherfolk_id_bd9ce2f8_fk_api_fishe` FOREIGN KEY (`fisherfolk_id`) REFERENCES `api_fisherfolk` (`registration_number`),
  CONSTRAINT `api_boundaryviolatio_read_by_id_5db2c9db_fk_api_user_` FOREIGN KEY (`read_by_id`) REFERENCES `api_user` (`id`),
  CONSTRAINT `api_boundaryviolatio_status_updated_by_id_13a62313_fk_api_user_` FOREIGN KEY (`status_updated_by_id`) REFERENCES `api_user` (`id`)
) ENGINE=InnoDB AUTO_INCREMENT=3 DEFAULT CHARSET=utf8mb4 COLLATE=utf8mb4_unicode_ci;
/*!40101 SET character_set_client = @saved_cs_client */;

--
-- Dumping data for table `api_boundaryviolationnotification`
--

LOCK TABLES `api_boundaryviolationnotification` WRITE;
/*!40000 ALTER TABLE `api_boundaryviolationnotification` DISABLE KEYS */;
INSERT INTO `api_boundaryviolationnotification` VALUES (1,'Boat 0','','CSF-0028','City Of San Fernando','San Gabriel','2025-11-13 12:22:02.575118',16.671518,120.402763,460,'pending','2025-11-13 12:29:43.369485','2025-11-13 12:29:52.134413',NULL,1,NULL,2,'','',0,'','','',NULL,'Not Reported',NULL,NULL,NULL,NULL),(2,'Tall','LU-CSF-972','CSF-0028','City Of San Fernando','San Gabriel','2025-11-13 12:56:47.400889',16.671486,120.402885,1006,'pending','2025-11-13 13:13:34.778595','2025-11-13 13:24:24.420733','LU-CSF-972',12,'2334-654758566-43424',2,'','',0,'','','',NULL,'Not Reported',NULL,NULL,NULL,NULL);
/*!40000 ALTER TABLE `api_boundaryviolationnotification` ENABLE KEYS */;
UNLOCK TABLES;

--
-- Table structure for table `api_contacts`
--

DROP TABLE IF EXISTS `api_contacts`;
/*!40101 SET @saved_cs_client     = @@character_set_client */;
/*!50503 SET character_set_client = utf8mb4 */;
CREATE TABLE `api_contacts` (
  `contact_id` int NOT NULL AUTO_INCREMENT,
  `contact_fname` varchar(100) COLLATE utf8mb4_unicode_ci NOT NULL,
  `contact_mname` varchar(100) COLLATE utf8mb4_unicode_ci NOT NULL,
  `contact_lname` varchar(100) COLLATE utf8mb4_unicode_ci NOT NULL,
  `contact_street` varchar(100) COLLATE utf8mb4_unicode_ci NOT NULL,
  `contact_relationship` varchar(100) COLLATE utf8mb4_unicode_ci NOT NULL,
  `contact_contactno` varchar(20) COLLATE utf8mb4_unicode_ci NOT NULL,
  `contact_municipality` varchar(255) COLLATE utf8mb4_unicode_ci NOT NULL,
  `contact_barangay` varchar(255) COLLATE utf8mb4_unicode_ci NOT NULL,
  `date_added` datetime(6) NOT NULL,
  `fisherfolk_id` varchar(50) COLLATE utf8mb4_unicode_ci NOT NULL,
  PRIMARY KEY (`contact_id`),
  UNIQUE KEY `fisherfolk_id` (`fisherfolk_id`)
) ENGINE=InnoDB AUTO_INCREMENT=7 DEFAULT CHARSET=utf8mb4 COLLATE=utf8mb4_unicode_ci;
/*!40101 SET character_set_client = @saved_cs_client */;

--
-- Dumping data for table `api_contacts`
--

LOCK TABLES `api_contacts` WRITE;
/*!40000 ALTER TABLE `api_contacts` DISABLE KEYS */;
INSERT INTO `api_contacts` VALUES (1,'Loran','Reyes','De Guzman','N/A','Spouse','9344524324','City Of San Fernando','Barangay I','2025-11-07 05:27:49.526571','2025-646897946-31313'),(2,'Jose','Pineda','Santos','N/A','Husband','9979879879','Bacnotan','Baroro','2025-11-07 06:07:52.000367','2025-365464879-76463'),(3,'Luz','Andres','Domingo','N/A','Sister','9345945385','City Of San Fernando','Barangay I','2025-11-09 01:14:57.719960','2025-123454678-96454'),(4,'Ramon','','Delos Reyes','N/A','Father','9313211313','City Of San Fernando','Barangay I','2025-11-09 02:25:40.983430','2025-091238109-80802'),(5,'Ramon','Lopez','Delos Reyes','N/A','Father','9313211313','City Of San Fernando','Barangay I','2025-11-09 09:32:51.796518','2334-654758566-43424'),(6,'Asdaasd','Sdasd','Asdasd','N/A','Asdas','9771277331','City Of San Fernando','Barangay I','2025-11-12 04:34:34.619314','2025-483284947-39423');
/*!40000 ALTER TABLE `api_contacts` ENABLE KEYS */;
UNLOCK TABLES;

--
-- Table structure for table `api_devicetoken`
--

DROP TABLE IF EXISTS `api_devicetoken`;
/*!40101 SET @saved_cs_client     = @@character_set_client */;
/*!50503 SET character_set_client = utf8mb4 */;
CREATE TABLE `api_devicetoken` (
  `id` bigint NOT NULL AUTO_INCREMENT,
  `name` varchar(100) COLLATE utf8mb4_unicode_ci NOT NULL,
  `token` varchar(64) COLLATE utf8mb4_unicode_ci NOT NULL,
  `boat_id` int DEFAULT NULL,
  `is_active` tinyint(1) NOT NULL,
  `created_at` datetime(6) NOT NULL,
  `last_seen_at` datetime(6) DEFAULT NULL,
  `tracker_id` varchar(50) COLLATE utf8mb4_unicode_ci DEFAULT NULL,
  PRIMARY KEY (`id`),
  UNIQUE KEY `token` (`token`),
  UNIQUE KEY `tracker_id` (`tracker_id`),
  KEY `api_devicet_token_c881c8_idx` (`token`),
  KEY `api_devicet_name_fcd7e9_idx` (`name`),
  KEY `api_devicet_last_se_9bb828_idx` (`last_seen_at` DESC),
  CONSTRAINT `api_devicetoken_tracker_id_9111fc33_fk_api_biruk` FOREIGN KEY (`tracker_id`) REFERENCES `api_birukbilugtracker` (`BirukBilugID`)
) ENGINE=InnoDB AUTO_INCREMENT=33 DEFAULT CHARSET=utf8mb4 COLLATE=utf8mb4_unicode_ci;
/*!40101 SET character_set_client = @saved_cs_client */;

--
-- Dumping data for table `api_devicetoken`
--

LOCK TABLES `api_devicetoken` WRITE;
/*!40000 ALTER TABLE `api_devicetoken` DISABLE KEYS */;
INSERT INTO `api_devicetoken` VALUES (1,'CSF-0001','e4e48bd6bd95dbd496069110feb44c77b40b5ce4f4e090eeaae9998bac2a05fe',NULL,1,'2025-11-12 05:08:37.201509',NULL,'CSF-0001'),(2,'CSF-0002','fb8b72092edb4ce882a4a0e599800d9e79c0460c019ff0d0fdd1c3f464a1eb3c',NULL,1,'2025-11-12 06:45:47.487619',NULL,'CSF-0002'),(3,'CSF-0003','da209c6cd649d3fa61cd83d4fb236fb91d721f6f6ad773f0c458c4a0b797447d',NULL,1,'2025-11-12 06:47:35.200643',NULL,'CSF-0003'),(4,'AGO-0001','e44f1702d3e2df81c855932bc08870b14274d54c19a06218bc3c9d445da84be6',NULL,1,'2025-11-12 06:48:09.984262',NULL,'AGO-0001'),(5,'CSF-0004','ce2769249a1087c54950a838b80bccd297173f95fd31e77daf7d632a778747c1',NULL,1,'2025-11-12 06:54:47.605545',NULL,'CSF-0004'),(6,'CSF-0005','53eb0c8b6595d17f013ace37f9319ac31919acf086301e3a1635acab03438dcb',NULL,1,'2025-11-12 07:06:35.772533',NULL,'CSF-0005'),(7,'CSF-0006','217f1c9ca7fb6a79acb0f190f158f6033c2b7520ae1808c170246db8cd465133',NULL,1,'2025-11-12 07:06:48.579557',NULL,'CSF-0006'),(8,'AGO-0002','f7f9a0337c4e838b7847b3de865498b7333f1f72161f575b8ca7de7b33565fbd',NULL,1,'2025-11-12 07:07:03.486047',NULL,'AGO-0002'),(9,'CSF-0007','183305bd9b9c38962dd6241bab8e32bff3bce9b96646fe534f164ba874cdee51',NULL,1,'2025-11-12 13:33:54.523426',NULL,'CSF-0007'),(10,'CSF-0008','d7ff2875c12207bf63e9369daad0ef1a64682bf318c2e37241cb60a00ec46606',NULL,1,'2025-11-12 13:34:16.659687',NULL,'CSF-0008'),(11,'CSF-0009','cbeb54ae8bc64e9ec639dd6f50758ee94cccc58eca435ee196c18d2b2b48ad19',NULL,1,'2025-11-12 13:38:07.196987',NULL,'CSF-0009'),(12,'CSF-0010','fdc14cb0b969b162bab9cc699a12231ef76de13067bb2e504259babe217f36c3',NULL,1,'2025-11-12 13:46:07.675971',NULL,'CSF-0010'),(13,'CSF-0011','6c8c844b3a0ac0b3f858f69468b2a1e2215185cb7b757103153830545edcafc0',NULL,1,'2025-11-12 13:48:50.326403',NULL,'CSF-0011'),(14,'CSF-0012','5f55f62f858c14b35e4f59752fd590f63f5dd9f5b807ade5a9cc039d29e4a83e',NULL,1,'2025-11-12 14:17:31.348052',NULL,'CSF-0012'),(15,'CSF-0013','068e1a818f34b3aeaf11c40b8d5e36630796bd03762fdc1a83f928a6e5421e3f',NULL,1,'2025-11-12 14:22:31.358465',NULL,'CSF-0013'),(16,'CSF-0014','ff19a2bf1146c0e222ff4ee0792db78bfcbed125419fc6ce05d4a3abedb36e06',NULL,1,'2025-11-12 14:39:08.148987',NULL,'CSF-0014'),(17,'CSF-0015','ae8024ce6d5e7b119e313d030b684527761fbfd3879d01bed8f25e833e37c0e8',NULL,1,'2025-11-12 14:43:43.923426',NULL,'CSF-0015'),(18,'CSF-0016','dae7e9b70ad0fa0fbf17993fda1e4034dbb0237db5a605d98215805a87e822c5',NULL,1,'2025-11-12 14:47:30.029569',NULL,'CSF-0016'),(19,'CSF-0017','625df5f68991bf0967f825e708460a8194f1d805f1251d5d544a83998ae1c64c',NULL,1,'2025-11-12 14:47:58.576744',NULL,'CSF-0017'),(20,'CSF-0018','9617097cd990252f4983849b3d21eb78a76ba579c77e5241c2d14d972733f6f3',NULL,1,'2025-11-12 14:49:06.205462',NULL,'CSF-0018'),(21,'CSF-0019','738965e5d95b100063dfc423d74bb8cd7e879a76ab7b40d58124923d4c4ef537',NULL,1,'2025-11-12 15:01:12.436291',NULL,'CSF-0019'),(22,'CSF-0020','8247637054adfe1b5782a8b399e5461b86173700518dc5214284d636877ddfbe',NULL,1,'2025-11-12 15:02:56.038270',NULL,'CSF-0020'),(23,'CSF-0021','e97a0278691a2bacdd638d8fa44c914e33171d48353223069fbe93d175e65701',NULL,1,'2025-11-12 15:06:26.510681',NULL,'CSF-0021'),(24,'CSF-0022','f89e2343c82bfe941243d111b90a9bc70f160b4d8fa594f81b6414c578ae95a9',NULL,1,'2025-11-12 15:23:04.273523',NULL,'CSF-0022'),(25,'CSF-0023','68373d6227b844af1d976670419b50b3525fc975f7b383124a1bb425589d4f17',NULL,1,'2025-11-12 23:34:16.125642',NULL,'CSF-0023'),(26,'CSF-0024','80b48ce8a50dfbfb793b2ae7bfe0ad842a20d5a91a8df98ee74667798f7a6eaf',NULL,1,'2025-11-12 23:46:21.297460',NULL,'CSF-0024'),(27,'AGO-0003','86422033adecfe2a0f8d19317d2ef9df9e5171024aed9cb7508603568e56d4c5',NULL,1,'2025-11-12 23:53:18.444893',NULL,'AGO-0003'),(28,'CSF-0025','101246495c5b231fe93b787ae3181b6bbc77904d669188a52f8eac417a25f33e',NULL,1,'2025-11-12 23:53:57.786461',NULL,'CSF-0025'),(29,'CSF-0026','0048e296efb54db25e5b3d9320012fd73bbc06697bdb21aa2ca85a75da7e9ae2',NULL,1,'2025-11-13 00:03:05.138562',NULL,'CSF-0026'),(30,'CSF-0027','fe4096bb68269ecabd7130e876b436707fac83557db749caa071bb27643b75eb',NULL,1,'2025-11-13 00:11:36.622661','2025-11-13 12:22:02.577040','CSF-0027'),(31,'CSF-0028','7a70f89a715720b2aeb0c7656531fe1b2252309bf9b932fd378d71f0f31f3798',NULL,1,'2025-11-13 12:27:39.330663','2025-11-14 06:35:58.075477','CSF-0028'),(32,'CSF-0029','a69fd3880fb3c66b319eb373bb20682f4015d071ec0f86965dcd257d0c8792a0',NULL,1,'2025-11-14 05:18:12.737430','2025-11-15 06:18:12.512020','CSF-0029');
/*!40000 ALTER TABLE `api_devicetoken` ENABLE KEYS */;
UNLOCK TABLES;

--
-- Table structure for table `api_fisherfolk`
--

DROP TABLE IF EXISTS `api_fisherfolk`;
/*!40101 SET @saved_cs_client     = @@character_set_client */;
/*!50503 SET character_set_client = utf8mb4 */;
CREATE TABLE `api_fisherfolk` (
  `registration_number` varchar(50) COLLATE utf8mb4_unicode_ci NOT NULL,
  `salutations` varchar(5) COLLATE utf8mb4_unicode_ci DEFAULT NULL,
  `last_name` varchar(100) COLLATE utf8mb4_unicode_ci NOT NULL,
  `first_name` varchar(100) COLLATE utf8mb4_unicode_ci NOT NULL,
  `middle_name` varchar(100) COLLATE utf8mb4_unicode_ci DEFAULT NULL,
  `appelation` varchar(20) COLLATE utf8mb4_unicode_ci DEFAULT NULL,
  `birth_date` date NOT NULL,
  `age` int unsigned DEFAULT NULL,
  `birth_place` varchar(200) COLLATE utf8mb4_unicode_ci NOT NULL,
  `civil_status` varchar(20) COLLATE utf8mb4_unicode_ci NOT NULL,
  `sex` varchar(10) COLLATE utf8mb4_unicode_ci NOT NULL,
  `contact_number` varchar(20) COLLATE utf8mb4_unicode_ci NOT NULL,
  `nationality` varchar(100) COLLATE utf8mb4_unicode_ci NOT NULL,
  `fisherfolk_status` varchar(50) COLLATE utf8mb4_unicode_ci DEFAULT NULL,
  `mothers_maidenname` varchar(100) COLLATE utf8mb4_unicode_ci DEFAULT NULL,
  `fishing_ground` varchar(100) COLLATE utf8mb4_unicode_ci DEFAULT NULL,
  `fma_number` varchar(50) COLLATE utf8mb4_unicode_ci DEFAULT NULL,
  `religion` varchar(30) COLLATE utf8mb4_unicode_ci DEFAULT NULL,
  `educational_background` varchar(20) COLLATE utf8mb4_unicode_ci DEFAULT NULL,
  `household_month_income` varchar(100) COLLATE utf8mb4_unicode_ci DEFAULT NULL,
  `other_source_income` varchar(100) COLLATE utf8mb4_unicode_ci DEFAULT NULL,
  `farming_income` tinyint(1) NOT NULL,
  `farming_income_salary` decimal(10,2) DEFAULT NULL,
  `fisheries_income` tinyint(1) NOT NULL,
  `fisheries_income_salary` decimal(10,2) DEFAULT NULL,
  `with_voterID` tinyint(1) NOT NULL,
  `voterID_number` varchar(50) COLLATE utf8mb4_unicode_ci DEFAULT NULL,
  `is_CCT_4ps` tinyint(1) NOT NULL,
  `is_ICC` tinyint(1) NOT NULL,
  `main_source_livelihood` varchar(30) COLLATE utf8mb4_unicode_ci DEFAULT NULL,
  `other_source_livelihood` varchar(72) COLLATE utf8mb4_unicode_ci DEFAULT NULL,
  `fisherfolk_img` varchar(100) COLLATE utf8mb4_unicode_ci DEFAULT NULL,
  `date_added` datetime(6) NOT NULL,
  `is_active` tinyint(1) NOT NULL,
  `created_by_id` int DEFAULT NULL,
  `other_main_source_livelihood` varchar(100) COLLATE utf8mb4_unicode_ci DEFAULT NULL,
  PRIMARY KEY (`registration_number`),
  KEY `api_fisherfolk_created_by_id_0a8d9927_fk_api_user_id` (`created_by_id`),
  CONSTRAINT `api_fisherfolk_chk_1` CHECK ((`age` >= 0))
) ENGINE=InnoDB DEFAULT CHARSET=utf8mb4 COLLATE=utf8mb4_unicode_ci;
/*!40101 SET character_set_client = @saved_cs_client */;

--
-- Dumping data for table `api_fisherfolk`
--

LOCK TABLES `api_fisherfolk` WRITE;
/*!40000 ALTER TABLE `api_fisherfolk` DISABLE KEYS */;
INSERT INTO `api_fisherfolk` VALUES ('2025-091238109-80802','Mr','Delos Reyes','Ian','Marquez','N/A','2001-12-12',23,'City Of San Fernando','Married','Male','+639875645435','Filipino','Full Time','Cristina Marquez','City Of San Fernando','Fma-6','Roman Catholic','College','Php 5,000.00 - Php 10,000.00','Tour Guide',1,1000.00,0,NULL,0,'',0,1,'Fish Vending','Others','fisherfolk_pictures/Untitled_design_3_sKhZEjC.png','2025-11-09 02:25:40.976081',1,2,''),('2025-123454678-96454','Mr','Domingo','Carlos','Andres','Iii','1997-04-12',28,'City Of San Fernando','Single','Male','+639433215464','Filipino','Full Time','Felisa Andres','City Of San Fernando','Fma-6','Roman Catholic','Elementary','Php 5,000.00 - Php 10,000.00','',0,NULL,0,NULL,0,'',0,1,'Fish Vending','Aquaculture','fisherfolk_pictures/Untitled_design_3_KbItnjb.png','2025-11-09 01:14:57.712823',1,2,''),('2025-483284947-39423','Mrs','Girls','Girl','Girlie','Asdf','1996-02-12',29,'Japan','Single','Female','+639983747498','Filipino','Full Time','Sdds Pooosl','City Of San Fernando','Fma-6','Roman Catholic','High School','Php 5,000.00 - Php 10,000.00','',0,NULL,0,NULL,0,'',0,1,'Fish Vending','Gleaning','fisherfolk_pictures/fad4edfc-0318-42ae-82c0-2734daba9f83.jpg','2025-11-12 04:34:34.582167',1,2,''),('2334-654758566-43424','Ms','Grande','Arianna','Venti','N/A','1983-04-12',42,'City Of San Fernando','Single','Male','+639875645435','Filipino','Part Time','Cristina Marquez','City Of San Fernando','Fma-6','Roman Catholic','College','Php 5,000.00 - Php 10,000.00','Singer',0,NULL,0,NULL,0,'',1,0,'Aquaculture','Fish Vending,Others','fisherfolk_pictures/Untitled_design_3_eFnQkLY.png','2025-11-09 09:32:51.788803',1,4,'');
/*!40000 ALTER TABLE `api_fisherfolk` ENABLE KEYS */;
UNLOCK TABLES;

--
-- Table structure for table `api_fisherfolkboat`
--

DROP TABLE IF EXISTS `api_fisherfolkboat`;
/*!40101 SET @saved_cs_client     = @@character_set_client */;
/*!50503 SET character_set_client = utf8mb4 */;
CREATE TABLE `api_fisherfolkboat` (
  `boat_registry_no` int NOT NULL AUTO_INCREMENT,
  `type_of_ownership` varchar(50) COLLATE utf8mb4_unicode_ci NOT NULL,
  `no_of_fishers` int NOT NULL,
  `homeport` varchar(100) COLLATE utf8mb4_unicode_ci NOT NULL,
  `date_added` datetime(6) NOT NULL,
  `is_active` tinyint(1) NOT NULL,
  `mfbr_number_id` varchar(50) COLLATE utf8mb4_unicode_ci NOT NULL,
  `registration_number_id` varchar(50) COLLATE utf8mb4_unicode_ci NOT NULL,
  PRIMARY KEY (`boat_registry_no`),
  KEY `api_fisherfolkboat_mfbr_number_id_47189533_fk_api_boat_` (`mfbr_number_id`),
  KEY `api_fisherfolkboat_registration_number__7a8fa97d_fk_api_fishe` (`registration_number_id`)
) ENGINE=InnoDB DEFAULT CHARSET=utf8mb4 COLLATE=utf8mb4_unicode_ci;
/*!40101 SET character_set_client = @saved_cs_client */;

--
-- Dumping data for table `api_fisherfolkboat`
--

LOCK TABLES `api_fisherfolkboat` WRITE;
/*!40000 ALTER TABLE `api_fisherfolkboat` DISABLE KEYS */;
/*!40000 ALTER TABLE `api_fisherfolkboat` ENABLE KEYS */;
UNLOCK TABLES;

--
-- Table structure for table `api_gearclassification`
--

DROP TABLE IF EXISTS `api_gearclassification`;
/*!40101 SET @saved_cs_client     = @@character_set_client */;
/*!50503 SET character_set_client = utf8mb4 */;
CREATE TABLE `api_gearclassification` (
  `id` bigint NOT NULL AUTO_INCREMENT,
  `name` varchar(20) COLLATE utf8mb4_unicode_ci NOT NULL,
  PRIMARY KEY (`id`),
  UNIQUE KEY `name` (`name`)
) ENGINE=InnoDB AUTO_INCREMENT=3 DEFAULT CHARSET=utf8mb4 COLLATE=utf8mb4_unicode_ci;
/*!40101 SET character_set_client = @saved_cs_client */;

--
-- Dumping data for table `api_gearclassification`
--

LOCK TABLES `api_gearclassification` WRITE;
/*!40000 ALTER TABLE `api_gearclassification` DISABLE KEYS */;
INSERT INTO `api_gearclassification` VALUES (2,'Inland'),(1,'Marine');
/*!40000 ALTER TABLE `api_gearclassification` ENABLE KEYS */;
UNLOCK TABLES;

--
-- Table structure for table `api_gearsubtype`
--

DROP TABLE IF EXISTS `api_gearsubtype`;
/*!40101 SET @saved_cs_client     = @@character_set_client */;
/*!50503 SET character_set_client = utf8mb4 */;
CREATE TABLE `api_gearsubtype` (
  `id` bigint NOT NULL AUTO_INCREMENT,
  `name` varchar(100) COLLATE utf8mb4_unicode_ci NOT NULL,
  `gear_type_id` bigint NOT NULL,
  PRIMARY KEY (`id`),
  KEY `api_gearsubtype_gear_type_id_dccc4834_fk_api_geartype_id` (`gear_type_id`)
) ENGINE=InnoDB AUTO_INCREMENT=1805 DEFAULT CHARSET=utf8mb4 COLLATE=utf8mb4_unicode_ci;
/*!40101 SET character_set_client = @saved_cs_client */;

--
-- Dumping data for table `api_gearsubtype`
--

LOCK TABLES `api_gearsubtype` WRITE;
/*!40000 ALTER TABLE `api_gearsubtype` DISABLE KEYS */;
INSERT INTO `api_gearsubtype` VALUES (101,'SN Baby Ring Net',1),(201,'FN Cast Net',2),(301,'FAD Steel Drum',3),(302,'FAD Bamboo',3),(303,'FAD Styropore',3),(304,'FAD Bamboo Raft',3),(401,'SNT Round Haul Seine',4),(402,'SNT Beach Seine',4),(403,'SNT Frydozer',4),(501,'SCN Man Push Net',5),(502,'SCN Motorized Boat Push Net',5),(503,'SCN Scoop Net',5),(601,'MMG Gaff Hook',6),(602,'MMG Rake / Dredge',6),(603,'MMG Squid Luring Device',6),(604,'MMG Octupus Luring Device',6),(605,'MMG Miracle Hole',6),(606,'MMG Spear Gun',6),(607,'MMG Spear',6),(701,'LN Bagnet',7),(702,'LN Stationary Lift Net',7),(801,'CN Gill Net',8),(901,'MTP Lobster Trap',9),(902,'MTP Lever Net',9),(903,'MTP Shrimp Lift Net',9),(904,'MTP Set Net',9),(905,'MTP Fish Coral',9),(906,'MTP Flyke Net',9),(907,'MTP Crab Pot',9),(908,'MTP Fish Pot',9),(1001,'GN Encircling Gill Net',10),(1002,'GN Crab Gill Net',10),(1003,'GN Trammel Net',10),(1004,'GN Bottom Set Gill Net',10),(1005,'GN Midwater Set Gill Net',10),(1006,'GN Surface Gill Net',10),(1007,'GN Small Pelagic Drift Gill Net',10),(1008,'GN Tuna/Bill Fish Frift Gill Net',10),(1101,'HL Demersal Hook and Line',11),(1102,'HL Tuna Hook and Line',11),(1103,'HL Small Pelagic Hook and Line',11),(1104,'HL Tuna Handline',11),(1105,'HL Thread Fin Bream',11),(1106,'HL Mackarel Scad',11),(1201,'HL Pole and Line',12),(1202,'HL Stationary Stick',12),(1301,'SL Bottom Set Longline',13),(1302,'SL Surface Set Longline',13),(1401,'GL Surface Set Longline',14),(1402,'GL Bottom Set Longline',14),(1501,'ITP Fish Pot',15),(1502,'ITP Fish Trap',15),(1503,'ITP Shrimp Trap',15),(1504,'ITP Bamboo Wire Trap',15),(1505,'ITP Flyke Net',15),(1506,'ITP Fish Corral (Baklad)',15),(1601,'FG Cast Net',16),(1701,'ISCN Man Push Net',17),(1702,'ISCN Scoop Net',17),(1801,'IMG Spear',18),(1802,'IMG Spear Gun',18),(1803,'IMG Rake / Dredge',18),(1804,'IMG Fish Shelter',18);
/*!40000 ALTER TABLE `api_gearsubtype` ENABLE KEYS */;
UNLOCK TABLES;

--
-- Table structure for table `api_geartype`
--

DROP TABLE IF EXISTS `api_geartype`;
/*!40101 SET @saved_cs_client     = @@character_set_client */;
/*!50503 SET character_set_client = utf8mb4 */;
CREATE TABLE `api_geartype` (
  `id` bigint NOT NULL AUTO_INCREMENT,
  `name` varchar(100) COLLATE utf8mb4_unicode_ci NOT NULL,
  `classification_id` bigint NOT NULL,
  PRIMARY KEY (`id`),
  KEY `api_geartype_classification_id_c3a862d2_fk_api_gearc` (`classification_id`)
) ENGINE=InnoDB AUTO_INCREMENT=19 DEFAULT CHARSET=utf8mb4 COLLATE=utf8mb4_unicode_ci;
/*!40101 SET character_set_client = @saved_cs_client */;

--
-- Dumping data for table `api_geartype`
--

LOCK TABLES `api_geartype` WRITE;
/*!40000 ALTER TABLE `api_geartype` DISABLE KEYS */;
INSERT INTO `api_geartype` VALUES (1,'Marine Surrounding Net',1),(2,'Marine Falling Net',1),(3,'Marine Fishing Aggregating Device / Payao',1),(4,'Marine Seine Net',1),(5,'Marine Scoop Net',1),(6,'Marine Miscellaneous Gear',1),(7,'Marine Lift Net',1),(8,'Marine Cast Net',1),(9,'Marine Traps and Pots',1),(10,'Marine Gill Net',1),(11,'Marine Hook and Line',1),(12,'Inland Hook and Line',2),(13,'Inland Set Longline',2),(14,'Inland Gill Net',2),(15,'Inland Traps and Pots',2),(16,'Inland Falling Gear',2),(17,'Inland Scoop Net',2),(18,'Inland Miscellaneous Gear',2);
/*!40000 ALTER TABLE `api_geartype` ENABLE KEYS */;
UNLOCK TABLES;

--
-- Table structure for table `api_gpsdata`
--

DROP TABLE IF EXISTS `api_gpsdata`;
/*!40101 SET @saved_cs_client     = @@character_set_client */;
/*!50503 SET character_set_client = utf8mb4 */;
CREATE TABLE `api_gpsdata` (
  `id` bigint NOT NULL AUTO_INCREMENT,
  `latitude` double NOT NULL,
  `longitude` double NOT NULL,
  `boat_id` int NOT NULL,
  `mfbr_number` varchar(50) COLLATE utf8mb4_unicode_ci DEFAULT NULL,
  `tracker_id` varchar(50) COLLATE utf8mb4_unicode_ci DEFAULT NULL,
  `timestamp` datetime(6) NOT NULL,
  PRIMARY KEY (`id`)
) ENGINE=InnoDB AUTO_INCREMENT=222 DEFAULT CHARSET=utf8mb4 COLLATE=utf8mb4_unicode_ci;
/*!40101 SET character_set_client = @saved_cs_client */;

--
-- Dumping data for table `api_gpsdata`
--

LOCK TABLES `api_gpsdata` WRITE;
/*!40000 ALTER TABLE `api_gpsdata` DISABLE KEYS */;
INSERT INTO `api_gpsdata` VALUES (1,16.671488,120.40284,0,'LU-CSF-654','CSF-0027','2025-11-13 12:22:02.575118'),(2,16.671518,120.402763,0,NULL,'CSF-0028','2025-11-13 12:29:39.233168'),(3,16.671473,120.402763,0,NULL,'CSF-0028','2025-11-13 12:30:06.445831'),(4,16.671509,120.402817,0,NULL,'CSF-0028','2025-11-13 12:31:12.401792'),(5,16.671509,120.402817,0,NULL,'CSF-0028','2025-11-13 12:32:01.605766'),(6,16.671503,120.402817,0,NULL,'CSF-0028','2025-11-13 12:32:41.824134'),(7,16.671503,120.402817,0,NULL,'CSF-0028','2025-11-13 12:33:22.634699'),(8,16.671505,120.402824,0,NULL,'CSF-0028','2025-11-13 12:34:48.705488'),(9,16.671482,120.402824,0,NULL,'CSF-0028','2025-11-13 12:38:46.727689'),(10,16.671442,120.402802,0,NULL,'CSF-0028','2025-11-13 12:43:26.864859'),(11,16.671434,120.402779,0,NULL,'CSF-0028','2025-11-13 12:45:32.414209'),(12,16.671448,120.402855,0,NULL,'CSF-0028','2025-11-13 12:46:14.667052'),(13,16.671528,120.402802,0,NULL,'CSF-0028','2025-11-13 12:50:20.112580'),(14,16.671509,120.40287,0,NULL,'CSF-0028','2025-11-13 12:51:01.603636'),(15,16.671509,120.40287,0,NULL,'CSF-0028','2025-11-13 12:51:53.924496'),(16,16.67149,120.402809,0,NULL,'CSF-0028','2025-11-13 12:52:35.238271'),(17,16.671524,120.402794,0,NULL,'CSF-0028','2025-11-13 12:53:17.530769'),(18,16.671568,120.402985,0,NULL,'CSF-0028','2025-11-13 12:53:57.751807'),(19,16.671495,120.402763,0,NULL,'CSF-0028','2025-11-13 12:56:43.304472'),(20,16.671518,120.402885,0,NULL,'CSF-0028','2025-11-13 12:57:24.026499'),(21,16.671568,120.402763,0,NULL,'CSF-0028','2025-11-13 13:06:46.209590'),(22,16.671568,120.402763,0,NULL,'CSF-0028','2025-11-13 13:08:06.736758'),(23,16.671581,120.402946,0,NULL,'CSF-0028','2025-11-13 13:10:09.009646'),(24,16.671555,120.402885,0,NULL,'CSF-0028','2025-11-13 13:10:48.164660'),(25,16.671509,120.402878,0,NULL,'CSF-0028','2025-11-13 13:11:29.514217'),(26,16.671486,120.402885,0,'LU-CSF-972','CSF-0028','2025-11-13 13:13:30.293840'),(27,16.671482,120.402885,0,'LU-CSF-972','CSF-0028','2025-11-13 13:14:42.375219'),(28,16.671482,120.403008,0,'LU-CSF-972','CSF-0028','2025-11-13 13:15:17.167077'),(29,16.67144,120.402878,0,'LU-CSF-972','CSF-0028','2025-11-13 13:17:54.244804'),(30,16.671492,120.402885,0,'LU-CSF-972','CSF-0028','2025-11-13 13:18:33.393436'),(31,16.671513,120.402885,0,'LU-CSF-972','CSF-0028','2025-11-13 13:19:12.787441'),(32,16.671509,120.402893,0,'LU-CSF-972','CSF-0028','2025-11-13 13:19:47.714492'),(33,16.671492,120.402908,0,'LU-CSF-972','CSF-0028','2025-11-13 13:20:25.951829'),(34,16.671486,120.402885,0,'LU-CSF-972','CSF-0028','2025-11-13 13:21:01.316028'),(35,16.671518,120.402901,0,'LU-CSF-972','CSF-0028','2025-11-13 13:21:36.956051'),(36,16.671518,120.402969,0,'LU-CSF-972','CSF-0028','2025-11-13 13:25:05.012090'),(37,16.671556,120.402939,0,'LU-CSF-972','CSF-0028','2025-11-13 13:28:29.616377'),(38,16.671602,120.402794,0,'LU-CSF-972','CSF-0028','2025-11-13 13:31:51.628464'),(39,16.671547,120.40303,0,'LU-CSF-972','CSF-0028','2025-11-13 13:35:20.268128'),(40,16.671545,120.403023,0,'LU-CSF-972','CSF-0028','2025-11-13 13:38:50.424121'),(41,16.671518,120.402855,0,'LU-CSF-972','CSF-0028','2025-11-13 13:42:14.587655'),(42,16.671513,120.402939,0,'LU-CSF-972','CSF-0028','2025-11-13 13:49:37.718770'),(43,16.671469,120.402855,0,'LU-CSF-972','CSF-0028','2025-11-13 13:52:59.426880'),(44,16.67152,120.402855,0,'LU-CSF-972','CSF-0028','2025-11-13 13:56:21.084920'),(45,16.671581,120.402748,0,'LU-CSF-972','CSF-0028','2025-11-13 14:10:57.032406'),(46,16.671606,120.402756,0,'LU-CSF-972','CSF-0028','2025-11-13 14:13:56.965233'),(47,16.671597,120.402687,0,'LU-CSF-972','CSF-0028','2025-11-13 14:16:57.261078'),(48,16.671528,120.402718,0,'LU-CSF-972','CSF-0028','2025-11-13 14:19:57.525379'),(49,16.671537,120.402649,0,'LU-CSF-972','CSF-0028','2025-11-13 14:22:57.663360'),(50,16.67157,120.402687,0,'LU-CSF-972','CSF-0028','2025-11-13 14:25:57.637770'),(51,16.671528,120.402863,0,'LU-CSF-972','CSF-0028','2025-11-13 14:33:12.991221'),(52,16.671553,120.40284,0,'LU-CSF-972','CSF-0028','2025-11-13 14:36:12.933004'),(53,16.671518,120.402794,0,'LU-CSF-972','CSF-0028','2025-11-13 14:46:20.621893'),(54,16.671576,120.402702,0,'LU-CSF-972','CSF-0028','2025-11-13 14:49:20.376781'),(55,16.671602,120.402695,0,'LU-CSF-972','CSF-0028','2025-11-13 14:52:20.252562'),(56,16.671635,120.402725,0,'LU-CSF-972','CSF-0028','2025-11-13 14:55:20.234667'),(57,16.671633,120.402794,0,'LU-CSF-972','CSF-0028','2025-11-13 14:58:20.209723'),(58,16.671625,120.402802,0,'LU-CSF-972','CSF-0028','2025-11-13 15:01:19.890175'),(59,16.671608,120.402794,0,'LU-CSF-972','CSF-0028','2025-11-13 15:04:19.647259'),(60,16.671579,120.402718,0,'LU-CSF-972','CSF-0028','2025-11-13 15:07:19.369186'),(61,16.671553,120.402725,0,'LU-CSF-972','CSF-0028','2025-11-13 15:10:19.281815'),(62,16.671553,120.402847,0,'LU-CSF-972','CSF-0028','2025-11-13 15:13:19.236738'),(63,16.671595,120.40284,0,'LU-CSF-972','CSF-0028','2025-11-13 15:16:19.002427'),(64,16.6716,120.402855,0,'LU-CSF-972','CSF-0028','2025-11-13 15:19:19.098177'),(65,16.671553,120.402824,0,'LU-CSF-972','CSF-0028','2025-11-13 15:22:19.032141'),(66,16.671505,120.402802,0,'LU-CSF-972','CSF-0028','2025-11-13 15:25:19.005342'),(67,16.671555,120.402824,0,'LU-CSF-972','CSF-0028','2025-11-13 15:28:20.006598'),(68,16.671572,120.40271,0,'LU-CSF-972','CSF-0028','2025-11-13 15:31:19.725815'),(69,16.671537,120.402817,0,'LU-CSF-972','CSF-0028','2025-11-13 15:34:19.709262'),(70,16.67153,120.402817,0,'LU-CSF-972','CSF-0028','2025-11-13 15:37:19.687829'),(71,16.671507,120.402847,0,'LU-CSF-972','CSF-0028','2025-11-13 15:40:19.328378'),(72,16.671522,120.402855,0,'LU-CSF-972','CSF-0028','2025-11-13 15:43:19.209565'),(73,16.671509,120.40284,0,'LU-CSF-972','CSF-0028','2025-11-13 15:46:18.972863'),(74,16.671738,120.402657,0,'LU-CSF-972','CSF-0028','2025-11-13 15:49:18.301665'),(75,16.671646,120.402756,0,'LU-CSF-972','CSF-0028','2025-11-13 15:52:17.942876'),(76,16.671574,120.402802,0,'LU-CSF-972','CSF-0028','2025-11-13 15:55:17.271890'),(77,16.671547,120.402832,0,'LU-CSF-972','CSF-0028','2025-11-13 15:58:17.125556'),(78,16.671509,120.40284,0,'LU-CSF-972','CSF-0028','2025-11-13 16:01:16.568134'),(79,16.671429,120.40284,0,'LU-CSF-972','CSF-0028','2025-11-13 16:04:18.390613'),(80,16.671513,120.40287,0,'LU-CSF-972','CSF-0028','2025-11-13 16:07:24.820890'),(81,16.671471,120.402809,0,'LU-CSF-972','CSF-0028','2025-11-13 16:10:33.259895'),(82,16.671412,120.402878,0,'LU-CSF-972','CSF-0028','2025-11-13 16:13:33.484340'),(83,16.671341,120.402863,0,'LU-CSF-972','CSF-0028','2025-11-13 16:16:32.949660'),(84,16.671465,120.402672,0,'LU-CSF-972','CSF-0028','2025-11-13 16:19:33.238031'),(85,16.671478,120.40271,0,'LU-CSF-972','CSF-0028','2025-11-13 16:22:33.667904'),(86,16.671541,120.402832,0,'LU-CSF-972','CSF-0028','2025-11-13 16:25:34.604979'),(87,16.669893,120.403481,0,'LU-CSF-972','CSF-0028','2025-11-13 16:28:35.571087'),(88,16.67149,120.40284,0,'LU-CSF-972','CSF-0028','2025-11-13 16:31:35.958409'),(89,16.671522,120.402908,0,'LU-CSF-972','CSF-0028','2025-11-13 16:34:36.583330'),(90,16.671587,120.40284,0,'LU-CSF-972','CSF-0028','2025-11-13 16:37:36.255637'),(91,16.671535,120.402794,0,'LU-CSF-972','CSF-0028','2025-11-13 16:40:37.123771'),(92,16.671587,120.402885,0,'LU-CSF-972','CSF-0028','2025-11-13 16:43:37.940074'),(93,16.636072,120.313499,0,'LU-CSF-343','CSF-0029','2025-11-14 05:40:11.078737'),(94,16.636032,120.31353,0,'LU-CSF-343','CSF-0029','2025-11-14 05:40:31.933803'),(95,16.63595,120.313606,0,'LU-CSF-343','CSF-0029','2025-11-14 05:40:53.382116'),(96,16.635899,120.313652,0,'LU-CSF-343','CSF-0029','2025-11-14 05:41:15.287783'),(97,16.635916,120.313614,0,'LU-CSF-343','CSF-0029','2025-11-14 05:41:36.000882'),(98,16.635954,120.313515,0,'LU-CSF-343','CSF-0029','2025-11-14 05:41:56.806962'),(99,16.635967,120.313492,0,'LU-CSF-343','CSF-0029','2025-11-14 05:42:18.484367'),(100,16.635958,120.313515,0,'LU-CSF-343','CSF-0029','2025-11-14 05:42:41.509691'),(101,16.635956,120.313583,0,'LU-CSF-343','CSF-0029','2025-11-14 05:44:24.206555'),(102,16.636143,120.313293,0,'LU-CSF-343','CSF-0029','2025-11-14 05:44:46.067578'),(103,16.636126,120.313347,0,'LU-CSF-343','CSF-0029','2025-11-14 05:45:07.544868'),(104,16.636045,120.31353,0,'LU-CSF-343','CSF-0029','2025-11-14 05:45:29.425380'),(105,16.636017,120.313454,0,'LU-CSF-343','CSF-0029','2025-11-14 05:45:50.443629'),(106,16.635984,120.313431,0,'LU-CSF-343','CSF-0029','2025-11-14 05:46:11.434401'),(107,16.635914,120.313568,0,'LU-CSF-343','CSF-0029','2025-11-14 05:46:34.668932'),(108,16.63603,120.313545,0,'LU-CSF-343','CSF-0029','2025-11-14 05:46:55.401230'),(109,16.636097,120.313499,0,'LU-CSF-343','CSF-0029','2025-11-14 05:50:02.670917'),(110,16.636238,120.31311,0,'LU-CSF-972','CSF-0028','2025-11-14 05:54:12.937049'),(111,16.636238,120.31311,0,'LU-CSF-972','CSF-0028','2025-11-14 05:54:59.655170'),(112,16.636351,120.313171,0,'LU-CSF-972','CSF-0028','2025-11-14 05:55:21.627590'),(113,16.636351,120.313171,0,'LU-CSF-972','CSF-0028','2025-11-14 05:56:07.407426'),(114,16.6362,120.313255,0,'LU-CSF-972','CSF-0028','2025-11-14 05:56:29.418855'),(115,16.635853,120.313629,0,'LU-CSF-343','CSF-0029','2025-11-14 05:56:32.892973'),(116,16.637373,120.312805,0,'LU-CSF-972','CSF-0028','2025-11-14 05:56:59.939284'),(117,16.63632,120.313309,0,'LU-CSF-972','CSF-0028','2025-11-14 05:57:23.230710'),(118,16.636232,120.313225,0,'LU-CSF-972','CSF-0028','2025-11-14 05:57:44.835583'),(119,16.636429,120.313133,0,'LU-CSF-972','CSF-0028','2025-11-14 05:58:05.874258'),(120,16.636156,120.313248,0,'LU-CSF-972','CSF-0028','2025-11-14 05:58:26.642482'),(121,16.636169,120.313263,0,'LU-CSF-972','CSF-0028','2025-11-14 05:58:48.191997'),(122,16.636303,120.313194,0,'LU-CSF-972','CSF-0028','2025-11-14 05:59:10.070124'),(123,16.635893,120.313675,0,'LU-CSF-343','CSF-0029','2025-11-14 05:59:33.359393'),(124,16.636307,120.313148,0,'LU-CSF-972','CSF-0028','2025-11-14 05:59:41.625835'),(125,16.636147,120.313469,0,'LU-CSF-972','CSF-0028','2025-11-14 06:00:04.250896'),(126,16.635904,120.313568,0,'LU-CSF-972','CSF-0028','2025-11-14 06:00:25.058480'),(127,16.635809,120.313705,0,'LU-CSF-343','CSF-0029','2025-11-14 06:05:51.313809'),(128,16.635847,120.313591,0,'LU-CSF-972','CSF-0028','2025-11-14 06:07:12.200350'),(129,16.635786,120.313675,0,'LU-CSF-343','CSF-0029','2025-11-14 06:08:51.728929'),(130,16.635942,120.313606,0,'LU-CSF-343','CSF-0029','2025-11-14 06:11:51.754565'),(131,16.635752,120.313629,0,'LU-CSF-972','CSF-0028','2025-11-14 06:13:39.888785'),(132,16.635832,120.313614,0,'LU-CSF-343','CSF-0029','2025-11-14 06:14:51.368106'),(133,16.635899,120.313606,773693,'LU-CSF-343','CSF-0029','2025-11-14 06:17:55.105341'),(134,16.635607,120.313591,193648,'LU-CSF-972','CSF-0028','2025-11-14 06:20:31.012550'),(135,16.635958,120.313622,193648,'LU-CSF-972','CSF-0028','2025-11-14 06:23:31.817611'),(136,16.635767,120.313583,773693,'LU-CSF-343','CSF-0029','2025-11-14 06:24:12.589914'),(137,16.635818,120.313591,193648,'LU-CSF-972','CSF-0028','2025-11-14 06:26:38.484055'),(138,16.635784,120.313599,773693,'LU-CSF-343','CSF-0029','2025-11-14 06:27:23.562205'),(139,16.636129,120.313553,193648,'LU-CSF-972','CSF-0028','2025-11-14 06:29:41.714103'),(140,16.635792,120.313576,773693,'LU-CSF-343','CSF-0029','2025-11-14 06:30:29.343091'),(141,16.637182,120.313499,193648,'LU-CSF-972','CSF-0028','2025-11-14 06:32:54.944154'),(142,16.63575,120.313637,773693,'LU-CSF-343','CSF-0029','2025-11-14 06:33:31.725321'),(143,16.636049,120.313454,193648,'LU-CSF-972','CSF-0028','2025-11-14 06:35:58.073247'),(144,16.635782,120.313568,773693,'LU-CSF-343','CSF-0029','2025-11-14 06:36:34.963623'),(145,16.669827,120.339577,773693,'LU-CSF-343','CSF-0029','2025-11-15 03:51:39.488606'),(146,16.669825,120.339577,773693,'LU-CSF-343','CSF-0029','2025-11-15 03:52:00.682378'),(147,16.669821,120.339577,773693,'LU-CSF-343','CSF-0029','2025-11-15 03:52:21.309878'),(148,16.669811,120.339584,773693,'LU-CSF-343','CSF-0029','2025-11-15 03:55:10.852348'),(149,16.669811,120.339584,773693,'LU-CSF-343','CSF-0029','2025-11-15 03:55:14.328524'),(150,16.669813,120.339584,773693,'LU-CSF-343','CSF-0029','2025-11-15 03:55:49.095192'),(151,16.669813,120.339584,773693,'LU-CSF-343','CSF-0029','2025-11-15 03:55:53.112237'),(152,16.669813,120.339584,773693,'LU-CSF-343','CSF-0029','2025-11-15 03:56:18.380178'),(153,16.669813,120.339584,773693,'LU-CSF-343','CSF-0029','2025-11-15 03:56:21.909886'),(154,16.669813,120.339584,773693,'LU-CSF-343','CSF-0029','2025-11-15 03:56:47.819356'),(155,16.669813,120.339584,773693,'LU-CSF-343','CSF-0029','2025-11-15 03:56:51.612928'),(156,16.669815,120.339584,773693,'LU-CSF-343','CSF-0029','2025-11-15 03:57:17.698844'),(157,16.669815,120.339584,773693,'LU-CSF-343','CSF-0029','2025-11-15 03:57:21.823016'),(158,16.669815,120.339584,773693,'LU-CSF-343','CSF-0029','2025-11-15 03:57:47.311194'),(159,16.669815,120.339584,773693,'LU-CSF-343','CSF-0029','2025-11-15 03:57:50.897862'),(160,16.669838,120.339592,773693,'LU-CSF-343','CSF-0029','2025-11-15 03:58:16.151587'),(161,16.669838,120.339592,773693,'LU-CSF-343','CSF-0029','2025-11-15 03:58:19.869170'),(162,16.669857,120.339607,773693,'LU-CSF-343','CSF-0029','2025-11-15 03:58:45.174455'),(163,16.669857,120.339607,773693,'LU-CSF-343','CSF-0029','2025-11-15 03:58:48.701763'),(164,16.669853,120.3396,773693,'LU-CSF-343','CSF-0029','2025-11-15 04:02:08.698925'),(165,16.669853,120.3396,773693,'LU-CSF-343','CSF-0029','2025-11-15 04:04:52.281896'),(166,16.669844,120.339554,773693,'LU-CSF-343','CSF-0029','2025-11-15 04:07:51.886506'),(167,16.669844,120.339554,773693,'LU-CSF-343','CSF-0029','2025-11-15 04:10:36.381311'),(168,16.669907,120.339592,773693,'LU-CSF-343','CSF-0029','2025-11-15 04:13:42.421947'),(169,16.669907,120.339592,773693,'LU-CSF-343','CSF-0029','2025-11-15 04:16:25.416399'),(170,16.669832,120.339554,773693,'LU-CSF-343','CSF-0029','2025-11-15 04:19:27.801549'),(171,16.66984,120.339554,773693,'LU-CSF-343','CSF-0029','2025-11-15 04:29:34.717762'),(172,16.669849,120.339546,773693,'LU-CSF-343','CSF-0029','2025-11-15 04:32:34.958033'),(173,16.669849,120.339546,773693,'LU-CSF-343','CSF-0029','2025-11-15 04:35:17.842975'),(174,16.66984,120.339546,773693,'LU-CSF-343','CSF-0029','2025-11-15 04:38:26.361205'),(175,16.66984,120.339546,773693,'LU-CSF-343','CSF-0029','2025-11-15 04:38:30.490941'),(176,16.669847,120.339539,773693,'LU-CSF-343','CSF-0029','2025-11-15 04:38:55.479297'),(177,16.669847,120.339539,773693,'LU-CSF-343','CSF-0029','2025-11-15 04:38:59.154019'),(178,16.669847,120.339546,773693,'LU-CSF-343','CSF-0029','2025-11-15 04:39:25.077507'),(179,16.669847,120.339546,773693,'LU-CSF-343','CSF-0029','2025-11-15 04:39:29.100369'),(180,16.669842,120.339546,773693,'LU-CSF-343','CSF-0029','2025-11-15 04:39:53.963670'),(181,16.669842,120.339546,773693,'LU-CSF-343','CSF-0029','2025-11-15 04:39:57.527155'),(182,16.669819,120.339569,773693,'LU-CSF-343','CSF-0029','2025-11-15 04:40:23.138297'),(183,16.669819,120.339569,773693,'LU-CSF-343','CSF-0029','2025-11-15 04:40:26.912705'),(184,16.669817,120.339569,773693,'LU-CSF-343','CSF-0029','2025-11-15 04:40:54.362504'),(185,16.669817,120.339569,773693,'LU-CSF-343','CSF-0029','2025-11-15 04:40:57.920261'),(186,16.669823,120.339569,773693,'LU-CSF-343','CSF-0029','2025-11-15 04:41:23.136567'),(187,16.669823,120.339569,773693,'LU-CSF-343','CSF-0029','2025-11-15 04:41:26.723838'),(188,16.66984,120.339561,773693,'LU-CSF-343','CSF-0029','2025-11-15 04:41:52.221931'),(189,16.66984,120.339561,773693,'LU-CSF-343','CSF-0029','2025-11-15 04:41:56.441060'),(190,16.669832,120.339554,773693,'LU-CSF-343','CSF-0029','2025-11-15 04:45:05.965276'),(191,16.669832,120.339554,773693,'LU-CSF-343','CSF-0029','2025-11-15 04:47:49.595055'),(192,16.669823,120.339546,773693,'LU-CSF-343','CSF-0029','2025-11-15 04:50:49.657561'),(193,16.669823,120.339546,773693,'LU-CSF-343','CSF-0029','2025-11-15 04:53:32.934844'),(194,16.669832,120.339569,773693,'LU-CSF-343','CSF-0029','2025-11-15 04:56:44.009699'),(195,16.669832,120.339569,773693,'LU-CSF-343','CSF-0029','2025-11-15 04:59:27.253747'),(196,16.669828,120.339584,773693,'LU-CSF-343','CSF-0029','2025-11-15 05:05:43.372078'),(197,16.669783,120.3396,773693,'LU-CSF-343','CSF-0029','2025-11-15 05:08:42.882251'),(198,16.669783,120.3396,773693,'LU-CSF-343','CSF-0029','2025-11-15 05:11:26.244082'),(199,16.669817,120.3396,773693,'LU-CSF-343','CSF-0029','2025-11-15 05:14:26.327429'),(200,16.669817,120.3396,773693,'LU-CSF-343','CSF-0029','2025-11-15 05:17:10.002251'),(201,16.669888,120.339508,773693,'LU-CSF-343','CSF-0029','2025-11-15 05:20:15.391189'),(202,16.669888,120.339508,773693,'LU-CSF-343','CSF-0029','2025-11-15 05:23:00.150347'),(203,16.669832,120.339554,773693,'LU-CSF-343','CSF-0029','2025-11-15 05:26:00.465201'),(204,16.669832,120.339554,773693,'LU-CSF-343','CSF-0029','2025-11-15 05:28:43.743669'),(205,16.669914,120.339569,773693,'LU-CSF-343','CSF-0029','2025-11-15 05:31:43.679871'),(206,16.669914,120.339569,773693,'LU-CSF-343','CSF-0029','2025-11-15 05:34:27.621734'),(207,16.669868,120.339592,773693,'LU-CSF-343','CSF-0029','2025-11-15 05:37:27.457073'),(208,16.669868,120.339592,773693,'LU-CSF-343','CSF-0029','2025-11-15 05:40:11.203897'),(209,16.669806,120.339577,773693,'LU-CSF-343','CSF-0029','2025-11-15 05:43:11.239666'),(210,16.669806,120.339577,773693,'LU-CSF-343','CSF-0029','2025-11-15 05:46:00.702112'),(211,16.669807,120.339523,773693,'LU-CSF-343','CSF-0029','2025-11-15 05:49:00.587764'),(212,16.669807,120.339523,773693,'LU-CSF-343','CSF-0029','2025-11-15 05:51:44.278756'),(213,16.669811,120.339523,773693,'LU-CSF-343','CSF-0029','2025-11-15 05:54:50.398726'),(214,16.669811,120.339523,773693,'LU-CSF-343','CSF-0029','2025-11-15 05:57:41.503807'),(215,16.669851,120.339577,773693,'LU-CSF-343','CSF-0029','2025-11-15 06:00:47.410433'),(216,16.669851,120.339577,773693,'LU-CSF-343','CSF-0029','2025-11-15 06:03:30.775314'),(217,16.669958,120.3396,773693,'LU-CSF-343','CSF-0029','2025-11-15 06:06:30.938679'),(218,16.669958,120.3396,773693,'LU-CSF-343','CSF-0029','2025-11-15 06:09:21.114570'),(219,16.669849,120.339546,773693,'LU-CSF-343','CSF-0029','2025-11-15 06:12:21.343771'),(220,16.669849,120.339546,773693,'LU-CSF-343','CSF-0029','2025-11-15 06:15:12.454854'),(221,16.669918,120.339638,773693,'LU-CSF-343','CSF-0029','2025-11-15 06:18:12.508681');
/*!40000 ALTER TABLE `api_gpsdata` ENABLE KEYS */;
UNLOCK TABLES;

--
-- Table structure for table `api_household`
--

DROP TABLE IF EXISTS `api_household`;
/*!40101 SET @saved_cs_client     = @@character_set_client */;
/*!50503 SET character_set_client = utf8mb4 */;
CREATE TABLE `api_household` (
  `household_number` int NOT NULL AUTO_INCREMENT,
  `total_no_household_memb` int unsigned NOT NULL,
  `no_male` int unsigned NOT NULL,
  `no_female` int unsigned NOT NULL,
  `no_children` int unsigned NOT NULL,
  `no_in_school` int unsigned NOT NULL,
  `no_out_school` int unsigned NOT NULL,
  `no_employed` int unsigned NOT NULL,
  `no_unemployed` int unsigned NOT NULL,
  `date_added` datetime(6) NOT NULL,
  `fisherfolk_id` varchar(50) COLLATE utf8mb4_unicode_ci NOT NULL,
  PRIMARY KEY (`household_number`),
  UNIQUE KEY `fisherfolk_id` (`fisherfolk_id`),
  CONSTRAINT `api_household_chk_1` CHECK ((`total_no_household_memb` >= 0)),
  CONSTRAINT `api_household_chk_2` CHECK ((`no_male` >= 0)),
  CONSTRAINT `api_household_chk_3` CHECK ((`no_female` >= 0)),
  CONSTRAINT `api_household_chk_4` CHECK ((`no_children` >= 0)),
  CONSTRAINT `api_household_chk_5` CHECK ((`no_in_school` >= 0)),
  CONSTRAINT `api_household_chk_6` CHECK ((`no_out_school` >= 0)),
  CONSTRAINT `api_household_chk_7` CHECK ((`no_employed` >= 0)),
  CONSTRAINT `api_household_chk_8` CHECK ((`no_unemployed` >= 0))
) ENGINE=InnoDB AUTO_INCREMENT=7 DEFAULT CHARSET=utf8mb4 COLLATE=utf8mb4_unicode_ci;
/*!40101 SET character_set_client = @saved_cs_client */;

--
-- Dumping data for table `api_household`
--

LOCK TABLES `api_household` WRITE;
/*!40000 ALTER TABLE `api_household` DISABLE KEYS */;
INSERT INTO `api_household` VALUES (3,6,2,4,4,2,2,1,1,'2025-11-09 01:14:57.719596','2025-123454678-96454'),(4,4,2,2,1,1,0,2,1,'2025-11-09 02:25:40.983068','2025-091238109-80802'),(5,4,2,2,1,1,0,2,1,'2025-11-09 09:32:51.796102','2334-654758566-43424'),(6,6,4,2,5,5,0,1,0,'2025-11-12 04:34:34.618055','2025-483284947-39423');
/*!40000 ALTER TABLE `api_household` ENABLE KEYS */;
UNLOCK TABLES;

--
-- Table structure for table `api_landboundary`
--

DROP TABLE IF EXISTS `api_landboundary`;
/*!40101 SET @saved_cs_client     = @@character_set_client */;
/*!50503 SET character_set_client = utf8mb4 */;
CREATE TABLE `api_landboundary` (
  `land_id` int NOT NULL AUTO_INCREMENT,
  `name` varchar(100) COLLATE utf8mb4_unicode_ci NOT NULL,
  `land_area` decimal(10,4) NOT NULL,
  `boundary_length` decimal(10,4) NOT NULL,
  `coordinates` longtext CHARACTER SET utf8mb4 COLLATE utf8mb4_bin NOT NULL,
  `created_at` datetime(6) NOT NULL,
  `updated_at` datetime(6) NOT NULL,
  `municipality_id` int DEFAULT NULL,
  PRIMARY KEY (`land_id`),
  UNIQUE KEY `name` (`name`),
  KEY `api_landboundary_municipality_id_084276a8_fk_api_munic` (`municipality_id`),
  CONSTRAINT `api_landboundary_municipality_id_084276a8_fk_api_munic` FOREIGN KEY (`municipality_id`) REFERENCES `api_municipality` (`municipality_id`),
  CONSTRAINT `api_landboundary_chk_1` CHECK (json_valid(`coordinates`))
) ENGINE=InnoDB AUTO_INCREMENT=103320002 DEFAULT CHARSET=utf8mb4 COLLATE=utf8mb4_unicode_ci;
/*!40101 SET character_set_client = @saved_cs_client */;

--
-- Dumping data for table `api_landboundary`
--

LOCK TABLES `api_landboundary` WRITE;
/*!40000 ALTER TABLE `api_landboundary` DISABLE KEYS */;
INSERT INTO `api_landboundary` VALUES (103301000,'Agoo',48.0000,33.0000,'{\"type\": \"Polygon\", \"coordinates\": [[[120.42057980200003, 16.303803391000027], [120.41985014500004, 16.30994466900006], [120.41912048800009, 16.312194444000056], [120.41731999200009, 16.31411767500003], [120.4165452950001, 16.31431585300004], [120.41631108400009, 16.31474824300005], [120.41395474800002, 16.315044517000047], [120.41236578200005, 16.315429721000044], [120.41007705800007, 16.315431466000064], [120.4082934070001, 16.316388924000027], [120.40782970100008, 16.31655976300004], [120.40131990200008, 16.315457769000037], [120.40152097000009, 16.330403626000074], [120.39964500600001, 16.338991617000026], [120.39892072000009, 16.34227555400002], [120.3982422790001, 16.342553482000024], [120.39695019400007, 16.348981645000038], [120.39595725200002, 16.353833080000076], [120.39410681800005, 16.35513510000004], [120.39197496500002, 16.356129965000036], [120.39149174500005, 16.355987841000058], [120.3907242780001, 16.356527910000068], [120.39018420900003, 16.356471061000033], [120.38918934400012, 16.35655633500005], [120.3883366030001, 16.35689743200004], [120.38620193500003, 16.356919437000037], [120.38582121600008, 16.35723256800003], [120.38522238500002, 16.357386320000046], [120.38426643000001, 16.357871964000022], [120.38335872700009, 16.358411047000054], [120.38188774900004, 16.359306425000057], [120.38086445900002, 16.360457626000024], [120.37952139200002, 16.359882025000044], [120.37032942800012, 16.36292310300007], [120.3658194840001, 16.361719039000036], [120.35881469900005, 16.36088951300007], [120.35818964200006, 16.360775235000066], [120.35780849000002, 16.360757085000042], [120.35679208500005, 16.360611884000036], [120.35586643100011, 16.36039408300007], [120.35253341700002, 16.36020452900004], [120.35150720900002, 16.36016805000003], [120.34568660900005, 16.36048819400003], [120.3423971200001, 16.36012620500003], [120.33988159600005, 16.35924209200005], [120.33863549400009, 16.358846987000053], [120.33669035900006, 16.358603845000054], [120.33526190000009, 16.359272485000073], [120.33311547400002, 16.359743266000063], [120.33316085800004, 16.359534388000043], [120.33338259000006, 16.358992970000035], [120.33373617100007, 16.35827734600002], [120.33390607100013, 16.357800734000026], [120.33429606900006, 16.35704297700005], [120.33448076700004, 16.356580379000032], [120.33474176900008, 16.35611501700004], [120.33486198500007, 16.355767776000047], [120.335139894, 16.355276393000054], [120.33530480500008, 16.354912528000057], [120.33597398300004, 16.353895333000025], [120.33608790700009, 16.35368525700005], [120.33709644900011, 16.352395364000074], [120.337721686, 16.35172877200006], [120.33856017800008, 16.350936829000034], [120.34053044800008, 16.34919622700005], [120.34131289600008, 16.348589387000064], [120.341790435, 16.348287829000068], [120.34207943700004, 16.348230279000063], [120.34224586500011, 16.34809013000006], [120.34246192900002, 16.348036855000032], [120.3424418960001, 16.347659581000073], [120.34251240600007, 16.34749935200006], [120.34280948600009, 16.347280200000057], [120.3431888660001, 16.346753509000052], [120.34361002100003, 16.345948905000053], [120.34384880400012, 16.345180500000026], [120.3439484280001, 16.344725396000058], [120.34396415400012, 16.344129907000017], [120.34401396200008, 16.34385783500005], [120.34397568000009, 16.34331932700007], [120.3440426740001, 16.343088477000038], [120.34421276300009, 16.342798256000037], [120.34427116100005, 16.34252820800003], [120.34415944300008, 16.342221523000035], [120.34412159800002, 16.341751590000055], [120.34416857800011, 16.341484200000025], [120.34406542800004, 16.340907095000034], [120.34383967900008, 16.340017738000025], [120.34375370600004, 16.339349941000023], [120.34370902600004, 16.33929882900003], [120.34351998600006, 16.338513329000026], [120.34339796100006, 16.338204995000066], [120.34324841500006, 16.337541246000058], [120.34309374500003, 16.33725105200006], [120.34307138800011, 16.337021857000025], [120.34291325700008, 16.336420022000024], [120.34278246300003, 16.336040525000048], [120.34279447500012, 16.335859144000036], [120.34267072200011, 16.335402409000036], [120.34249026400005, 16.334891265000067], [120.34232881900004, 16.334192902000037], [120.34236316800003, 16.333986787000075], [120.34228238700008, 16.333694938000065], [120.3422617330001, 16.333249738000056], [120.34215347300007, 16.333112887000027], [120.34215002000009, 16.33290347700006], [120.34202277400004, 16.332331353000033], [120.34201759400001, 16.332008821000045], [120.34189213600008, 16.331655966000028], [120.34194710000008, 16.33140368100004], [120.34185223400004, 16.331055247000055], [120.34181089700009, 16.33057704900005], [120.3416853970001, 16.33026376400005], [120.34173176500009, 16.330133485000033], [120.34154039500004, 16.329454131000038], [120.3416005040001, 16.329299115000023], [120.34140794800011, 16.328769826000038], [120.34135166600002, 16.328430688000022], [120.3413240650001, 16.327893123000024], [120.34115040500002, 16.32732755200004], [120.34116583500007, 16.327154404000055], [120.34098344900009, 16.326562067000054], [120.34106589800001, 16.326420239000072], [120.34093863000008, 16.32583487100004], [120.34092917400007, 16.32546547900006], [120.34080710100012, 16.325086233000036], [120.34083284200005, 16.32491968100004], [120.34070214900011, 16.324387082000047], [120.34076688800008, 16.324033570000037], [120.34055198600002, 16.323420186000078], [120.3404574020001, 16.32301620100003], [120.34051142000008, 16.322783797000056], [120.34031878100006, 16.321789492000047], [120.34021734900011, 16.321499288000037], [120.34028947800003, 16.321314588000064], [120.34011409900008, 16.320701325000073], [120.34013982500004, 16.320460569000037], [120.34001430500008, 16.31999722600005], [120.34004257100003, 16.319702686000024], [120.33997548900005, 16.31933497400007], [120.34006997500002, 16.31925250800003], [120.33992724600012, 16.318645705000048], [120.33985659500001, 16.318551074000027], [120.33986168300011, 16.318208084000048], [120.33972758200002, 16.317785967000074], [120.339825463, 16.317496130000052], [120.33971883900007, 16.317003102000058], [120.33972051600007, 16.316785435000046], [120.33950503400003, 16.315884554000032], [120.33942074600009, 16.315377772000033], [120.33960107700011, 16.314970093000056], [120.33948240200003, 16.31434349800003], [120.33958717300006, 16.314145601000064], [120.33951447100003, 16.31346398200003], [120.33976007700005, 16.312990679000052], [120.33971874300003, 16.312479500000055], [120.33978913700003, 16.31221070100003], [120.33971684000005, 16.311524873000053], [120.33988865000005, 16.311493511000037], [120.3399040710001, 16.311274193000035], [120.3397733830001, 16.31071723800005], [120.3399348150001, 16.31033134500007], [120.33983503600007, 16.309845809000024], [120.33990887900006, 16.30965781000003], [120.33970426800009, 16.308866332000033], [120.33977295000011, 16.308638760000065], [120.3397050960001, 16.30797301200004], [120.33972041600009, 16.307229315000036], [120.33995573100003, 16.306878037000047], [120.34003420200008, 16.30662166500002], [120.34003751800003, 16.305998347000063], [120.34024193100004, 16.305790282000036], [120.34030537800005, 16.30516200600005], [120.34054933100002, 16.30507291600003], [120.34061458000008, 16.304870077000032], [120.34050772000012, 16.30427917700007], [120.34064859600007, 16.30424617200003], [120.34070176900002, 16.303804234000037], [120.34088635700004, 16.30353048500007], [120.34094460600011, 16.30317941500005], [120.34107892800012, 16.302935525000066], [120.34104352300005, 16.302264191000056], [120.34123287300008, 16.302054473000055], [120.3412830320001, 16.301767091000045], [120.34124705500005, 16.30128307500007], [120.34186693100003, 16.30135294900003], [120.34209189200008, 16.301236433000035], [120.34222620300012, 16.30083720200002], [120.34227901200005, 16.30009623400002], [120.342340508, 16.29999992000006], [120.34233724500007, 16.299544773000036], [120.34227248600007, 16.299153319000023], [120.34230357800003, 16.298658707000076], [120.34235535600008, 16.29844122800006], [120.34231325800012, 16.298107249000058], [120.34236988900012, 16.29784627500004], [120.34236501200006, 16.29745751000007], [120.34225008700004, 16.297156156000028], [120.34229375400002, 16.296600037000072], [120.342595619, 16.296618062000046], [120.3428302850001, 16.296520185000073], [120.34340644400004, 16.296503067000064], [120.34363919900011, 16.296359341000024], [120.343818811, 16.29583272800005], [120.34385435300008, 16.29481879100007], [120.34399676400007, 16.294658782000052], [120.34409547300004, 16.294421105000023], [120.34434266800008, 16.294009369000037], [120.34432809100008, 16.293836943000024], [120.34455790200002, 16.293805861000063], [120.34459511700004, 16.293680033000037], [120.34463338200011, 16.29304028100006], [120.344897176, 16.29296259400007], [120.34491333100006, 16.292538514000057], [120.34513663200005, 16.292007237000064], [120.3451641160001, 16.291588485000034], [120.34459281100011, 16.291375705000068], [120.3446575390001, 16.29125608900006], [120.34515277700008, 16.29144091300003], [120.34532107200005, 16.291210999000047], [120.34543919400005, 16.29092361100004], [120.34544303700012, 16.290384315000036], [120.34562267600006, 16.29036410900005], [120.34564044300011, 16.289876340000035], [120.34587549300012, 16.289129567000032], [120.34586898700003, 16.28867597400005], [120.3457239610001, 16.288465114000072], [120.34600879200003, 16.28846354200005], [120.34608160600011, 16.288305090000044], [120.34610745400005, 16.287682174000054], [120.34639872200012, 16.28746110800006], [120.34651642200005, 16.286881614000038], [120.346708346, 16.28655949900008], [120.3467597230001, 16.286180601000076], [120.3467298500001, 16.28598797400002], [120.34689238500006, 16.28596726300003], [120.34697528800005, 16.285733233000034], [120.34703113700003, 16.285140748000064], [120.34717045600007, 16.285170982000064], [120.34725502000005, 16.28495764800004], [120.3472549810001, 16.284577163000048], [120.34718033100012, 16.28441797100004], [120.34739925200007, 16.284379743000045], [120.34741308000002, 16.28409228900005], [120.34743923300005, 16.284406557000068], [120.34920794200004, 16.28510543400006], [120.35659601100008, 16.290044215000023], [120.35804341500011, 16.29113268400004], [120.3624735300001, 16.294495280000028], [120.36472028900003, 16.295254227000044], [120.3655186520001, 16.295553613000035], [120.37054471000012, 16.29738059800007], [120.37206055700005, 16.297965043000033], [120.37568781100003, 16.298302189000026], [120.37974432000011, 16.298597469000065], [120.38175881900008, 16.300043712000043], [120.38711582300006, 16.29918991100004], [120.38933733800003, 16.29885910700006], [120.39193864600009, 16.298453091000056], [120.3944948510001, 16.29838321200003], [120.40073703000006, 16.29937052000003], [120.41312597100011, 16.302494638000038], [120.41805878300012, 16.30337918100002], [120.42057980200003, 16.303803391000027]]]}','2025-10-03 19:24:59.000000','2025-10-04 15:19:48.744938',1),(103302000,'Aringay',97.0000,57.0000,'{\"type\": \"Polygon\", \"coordinates\": [[[120.47172054100008, 16.47964626600003], [120.47130010600006, 16.47974181900002], [120.4697712520001, 16.479818262000038], [120.469312596, 16.48012403300003], [120.46862461100012, 16.480506247000054], [120.46791751600006, 16.480812018000044], [120.46763085600004, 16.48104134600004], [120.4672677530001, 16.48127067400003], [120.46684731800009, 16.481671998000024], [120.46621666600005, 16.48161466600004], [120.46560512400005, 16.481652887000052], [120.46512735700004, 16.481920437000046], [120.46487891800008, 16.48224531900007], [120.4632736210001, 16.48314352100004], [120.46180209800002, 16.483888837000052], [120.46130522100009, 16.483946169000035], [120.460655458, 16.48377417300003], [120.46023502300012, 16.483468402000028], [120.4595470380001, 16.483353738000062], [120.45903105000002, 16.48341107000005], [120.4584768400001, 16.483544845000036], [120.4577888560001, 16.484232829000064], [120.45723464600009, 16.484672375000056], [120.45662310400009, 16.48469148600003], [120.45622178000008, 16.484634154000045], [120.45582045500011, 16.484404825000066], [120.45545735300003, 16.484137276000073], [120.45517069200002, 16.48398439000005], [120.45486492100008, 16.484041723000068], [120.45465470400008, 16.484366604000055], [120.45465470400008, 16.48463415400005], [120.45475025700011, 16.484863482000037], [120.45497958600004, 16.48507369900005], [120.45511336000004, 16.485341249000044], [120.45492225400005, 16.486105676000022], [120.4546164830001, 16.486430558000052], [120.45417693700004, 16.486507], [120.45373739100012, 16.486507], [120.45339339900009, 16.48635411500004], [120.45280096800003, 16.485914569000045], [120.4523040900001, 16.48591456900004], [120.45167343800006, 16.486602554000054], [120.45138677800003, 16.48687010300006], [120.45089479200011, 16.48689687000006], [120.45244973100012, 16.480712594000067], [120.4520824430001, 16.474712344000068], [120.44642091800007, 16.468208631000046], [120.44196944900011, 16.464210388000023], [120.43961867300003, 16.46322711600004], [120.43632951000006, 16.461293178000062], [120.43380126200009, 16.459153891000028], [120.42932820600002, 16.457014604000047], [120.42619161800009, 16.45628240500002], [120.42616937200013, 16.455207067000053], [120.4261276850001, 16.45467903600007], [120.42616316100009, 16.453011051000036], [120.42616316100009, 16.45159006500006], [120.4261157950001, 16.450453277000065], [120.4262105270001, 16.44936385500006], [120.42742960300006, 16.447605910000053], [120.42831654400004, 16.446195528000032], [120.43139860400002, 16.435863982000054], [120.41643549900004, 16.42785444400005], [120.40581567200002, 16.42208657200007], [120.40468299200008, 16.42177560700003], [120.40407970600005, 16.42156073600006], [120.4034301580001, 16.421370224000047], [120.40206156400008, 16.42103623000003], [120.40042871700008, 16.42052606800007], [120.397521072, 16.41963501600003], [120.39569283800006, 16.419120571000065], [120.39391161100004, 16.418700470000033], [120.39275213300004, 16.41849882200006], [120.39174146900007, 16.418281738000076], [120.39117969900006, 16.417839103000055], [120.38949215200013, 16.417456972000025], [120.38888720700004, 16.417339344000023], [120.38708697200002, 16.41691886700005], [120.38613134700006, 16.41673439900006], [120.3850726930001, 16.416482339000023], [120.38401403900002, 16.41629749400005], [120.38372837100007, 16.416196670000037], [120.38230002900002, 16.415860590000023], [120.381174159, 16.41560852900005], [120.38070364600004, 16.415457293000028], [120.37949460700008, 16.415212368000027], [120.37905685200006, 16.415272449000046], [120.37841829900002, 16.415255645000055], [120.37781335400005, 16.41527244900004], [120.37739325300004, 16.41520523300005], [120.37655305200009, 16.415272449000042], [120.37566243800005, 16.41525564500006], [120.37485584500008, 16.415289253000022], [120.3739316240001, 16.415306057000066], [120.37320905000001, 16.415339665000033], [120.37260568300009, 16.415279334000047], [120.37194874800004, 16.415289253000022], [120.36875598300003, 16.41539007700004], [120.36726042500004, 16.41547409700007], [120.36648744000001, 16.415490901000055], [120.36598331900005, 16.415541313000062], [120.36522713800002, 16.41552450900002], [120.36440374100006, 16.41555811700004], [120.36260571000003, 16.41557492100003], [120.36168148800003, 16.415541313000062], [120.36072365900009, 16.41555811700005], [120.35933639300004, 16.415474163000052], [120.3584551150001, 16.415524509000022], [120.35717798400003, 16.415533938000063], [120.35658754500004, 16.415605060000075], [120.35519130600005, 16.41582322300007], [120.35437173700006, 16.41591100200003], [120.35368277200008, 16.416028630000024], [120.35286397300001, 16.416100561000057], [120.35191120700006, 16.415780155000053], [120.35126299200009, 16.41577657000005], [120.3503555750001, 16.41582698200006], [120.34963300200003, 16.41581017800007], [120.34904486100005, 16.415843786000043], [120.34756318600012, 16.41585446500005], [120.34396355600006, 16.41554547400006], [120.33986082500009, 16.415227952000063], [120.33502172600004, 16.414865744000053], [120.33436915200002, 16.41481041600002], [120.33317921400011, 16.41521740700006], [120.33290825000006, 16.414282840000055], [120.33246969000002, 16.413058780000025], [120.33215846400003, 16.412023131000073], [120.33162290900009, 16.410601528000026], [120.33140015400011, 16.409961814000038], [120.3303838710001, 16.40778943200007], [120.33025057200008, 16.407599674000032], [120.329935814, 16.406889930000034], [120.329717834, 16.406512732000067], [120.32932595000011, 16.40571597900003], [120.32889000000011, 16.404970968000043], [120.32866254400005, 16.40453468900006], [120.32837098600011, 16.404068325000026], [120.32772654200004, 16.402896179000034], [120.32753699600006, 16.40249170900006], [120.32729998700006, 16.40219537800004], [120.32703937500004, 16.401772734000073], [120.32681094000009, 16.40132568200005], [120.32620363500008, 16.40043035600007], [120.32576057500012, 16.39971171700006], [120.32555806600011, 16.39948875100004], [120.32529794000004, 16.399071785000043], [120.32500100100005, 16.39847134600007], [120.3237791910001, 16.396576866000036], [120.32348652000007, 16.395931009000034], [120.32336532300008, 16.39543653900006], [120.32334153700005, 16.395078741000077], [120.32347929700006, 16.394800785000033], [120.32336522200002, 16.394251204000057], [120.32343646700008, 16.393982278000063], [120.32361462500013, 16.393872873000078], [120.32351716200003, 16.393124499000063], [120.32325822700011, 16.39312846900003], [120.32290662700005, 16.39290743400005], [120.32266429800006, 16.39263625300004], [120.32244119600011, 16.39230115800007], [120.32202761700013, 16.391896236000033], [120.3217425250001, 16.39154529200005], [120.32171875300003, 16.391326512000035], [120.32194716900005, 16.39090354600006], [120.32223621500009, 16.390288312000056], [120.32227665800009, 16.39006082800006], [120.3222000830001, 16.389807001000065], [120.3220071090001, 16.38946088000006], [120.32179680800004, 16.389175390000045], [120.32140417100003, 16.38875019000005], [120.32105079000007, 16.388307993000073], [120.32088203600006, 16.387987107000065], [120.32040565500007, 16.38727722500005], [120.32018659200003, 16.386695621000058], [120.32016371000009, 16.386024607000028], [120.32031424600007, 16.38565189600007], [120.32036604700012, 16.38506806300006], [120.32035990500003, 16.384680515000063], [120.3202681350001, 16.384257102000046], [120.32027627100003, 16.384018610000055], [120.32044775500003, 16.38362101700005], [120.32083820000003, 16.383129437000033], [120.32121695400006, 16.38247930000006], [120.321320999, 16.38214209100004], [120.32163016200003, 16.381495319000067], [120.32174893200012, 16.38110264000005], [120.3219343290001, 16.381007923000027], [120.32205167200004, 16.38108646700004], [120.32210898200003, 16.381826146000034], [120.32208169400006, 16.382027742000048], [120.32220176800001, 16.382326209000045], [120.32278030000009, 16.38209319300006], [120.32310060200007, 16.38186749900006], [120.3238371000001, 16.38112039500004], [120.32453180500012, 16.380075653000056], [120.32541240000012, 16.37902665000007], [120.3258273020001, 16.37836062300005], [120.32602377400009, 16.378104042000075], [120.32621284300002, 16.37772883100007], [120.32642296100003, 16.37758221100006], [120.32664756700002, 16.377538335000057], [120.3271332910001, 16.377156076000063], [120.3274089030001, 16.377101087000028], [120.32770270800006, 16.377339796000054], [120.32784796700003, 16.37755691300003], [120.32836141100006, 16.377916596000034], [120.3286409420001, 16.37830036300005], [120.3288606540001, 16.378340646000026], [120.3291385110001, 16.378216631000047], [120.32965866800009, 16.37775780900006], [120.33017748500005, 16.37700978500004], [120.33044333900013, 16.376370375000025], [120.33053920800012, 16.37620828500007], [120.33087550800008, 16.375239079000036], [120.33109691600008, 16.374847756000065], [120.33134889700011, 16.37393881400004], [120.33150521600008, 16.37307519100005], [120.33160345900002, 16.37266373800003], [120.3317844720001, 16.37238133900007], [120.332110811, 16.372184738000044], [120.33225564300005, 16.37186703300005], [120.3325962770001, 16.37169557100003], [120.33259652900007, 16.371306710000056], [120.33221727100012, 16.371256387000074], [120.33178922000003, 16.371064309000076], [120.33159502900004, 16.370836047000065], [120.33161017500005, 16.37046435000007], [120.33148607500004, 16.37021413900004], [120.33128215300007, 16.370088228000046], [120.33153529300012, 16.369587748000068], [120.33156309000002, 16.36913876500006], [120.33151747600004, 16.368832669000025], [120.33148954, 16.368163029000076], [120.33156291500008, 16.367736029000067], [120.33157553, 16.367374006000034], [120.33151400300005, 16.36638483900003], [120.33157050900002, 16.365566238000046], [120.33156276400007, 16.36500669200007], [120.33167012100012, 16.36445242300004], [120.33163553700001, 16.364025405000064], [120.33189252400007, 16.36348791500006], [120.33213021100005, 16.36283282200003], [120.33220069300012, 16.36254927200002], [120.33219025900007, 16.362193427000022], [120.33229211600008, 16.361489031000072], [120.33257195700003, 16.36095608200003], [120.332998255, 16.360063089000047], [120.33311547400002, 16.359743266000063], [120.33526190000009, 16.359272485000073], [120.33669035900006, 16.358603845000054], [120.33863549400009, 16.358846987000053], [120.33988159600005, 16.35924209200005], [120.3423971200001, 16.36012620500003], [120.34568660900005, 16.36048819400003], [120.35150720900002, 16.36016805000003], [120.35253341700002, 16.36020452900004], [120.35586643100011, 16.36039408300007], [120.35679208500005, 16.360611884000036], [120.35780849000002, 16.360757085000042], [120.35818964200006, 16.360775235000066], [120.35881469900005, 16.36088951300007], [120.3658194840001, 16.361719039000036], [120.37032942800012, 16.36292310300007], [120.37239128000012, 16.363516239000035], [120.37459443900002, 16.364273174000058], [120.37756003200003, 16.365747558000066], [120.379706617, 16.366933829000057], [120.38107341600005, 16.367822028000038], [120.38314120100006, 16.368378097000058], [120.38461259800012, 16.368516583000027], [120.38826444800009, 16.368320226000037], [120.39017244900003, 16.368387209000048], [120.3919804410001, 16.36890153200005], [120.39385746600009, 16.36846352300006], [120.39622877100011, 16.367846984000042], [120.3985688890001, 16.36782602900007], [120.40044969200007, 16.36779955800006], [120.40187774400009, 16.368217610000045], [120.4017934310001, 16.369468254000026], [120.40161211500003, 16.370286570000076], [120.40149833600005, 16.371042097000046], [120.40123134400007, 16.371407454000067], [120.40064115300002, 16.371632288000054], [120.39997543100004, 16.372447314000055], [120.39964344900011, 16.374249506000073], [120.39959602300006, 16.37700021900002], [120.39973830100006, 16.382074810000063], [120.39997203600002, 16.38396802900007], [120.40109356000005, 16.384763054000075], [120.40352991000007, 16.38557611200002], [120.40439316400013, 16.385626892000058], [120.40672916000005, 16.38557014000002], [120.41064526600006, 16.385431901000064], [120.41229787000009, 16.385356067000032], [120.4194327460001, 16.386015160000056], [120.42663108100011, 16.38345048700006], [120.42742765700008, 16.383571181000033], [120.4279828450001, 16.383619458000055], [120.42851666900003, 16.383591432000056], [120.42885183700004, 16.383474626000066], [120.429077386, 16.383290390000067], [120.42930269200008, 16.382861460000072], [120.42960110000001, 16.38186656300007], [120.43011899800001, 16.380590893000036], [120.4302760170001, 16.38031246300005], [120.43085114000007, 16.379707276000033], [120.43115965400013, 16.379483530000073], [120.4318047160001, 16.379301695000034], [120.43246621900003, 16.379264752000037], [120.43305196200002, 16.37934691700008], [120.43348645700007, 16.379540026000026], [120.4344057080001, 16.38002345600006], [120.43496471000003, 16.380230117000053], [120.4372521570001, 16.380822811000026], [120.43783141400002, 16.381012484000056], [120.43848315700006, 16.38135042500005], [120.439521119, 16.38176078200007], [120.43990733800001, 16.381857337000042], [120.44067977400005, 16.38212286200007], [120.44094529900009, 16.38231597100003], [120.44133151800008, 16.382678051000028], [120.44183842900009, 16.383209101000038], [120.442490173, 16.383740151000037], [120.44338330300003, 16.384391895000018], [120.44381779800007, 16.384898806000024], [120.4441316010001, 16.38535744100005], [120.44461437400001, 16.38612987700003], [120.44463726500011, 16.386976410000045], [120.44488429500008, 16.38756928200007], [120.4459218200001, 16.38776690600002], [120.4476510300001, 16.387865718000057], [120.44839211900012, 16.388260966000075], [120.4490343970001, 16.388755026000073], [120.449083803, 16.38959492700008], [120.44883677300004, 16.39048423500003], [120.448095684, 16.391077107000058], [120.44774984200002, 16.391620572000026], [120.44789806000007, 16.392411068000055], [120.44844152500002, 16.392658098000023], [120.44942964500002, 16.393152158000074], [120.45061538800007, 16.393646218000065], [120.45199141300009, 16.394697783000023], [120.45336471400003, 16.39624274700003], [120.45382248000011, 16.396986618000025], [120.453879701, 16.398302698000066], [120.45382248000011, 16.39956155700003], [120.45382248000011, 16.40070597400006], [120.45399414300006, 16.40144984600004], [120.45439468900008, 16.40225093800007], [120.45496689800008, 16.40288036700002], [120.45531022300008, 16.403967564000027], [120.45525300200006, 16.404883097000038], [120.454509131, 16.405340864000035], [120.45313583000006, 16.40568419000005], [120.45176252900002, 16.405913073000022], [120.45027478700001, 16.40619917700008], [120.44970257800001, 16.406828607000023], [120.44964535700002, 16.40762969900004], [120.4501603450001, 16.408602454000057], [120.45073255400007, 16.40860245400006], [120.45119032100001, 16.408373570000037], [120.45176252900002, 16.407801362000043], [120.45244918000003, 16.407572478000077], [120.45330749300001, 16.407515257000053], [120.45410858500009, 16.408030245000074], [120.45485245600003, 16.40946076700004], [120.45531022300008, 16.410891288000077], [120.45622575700008, 16.41358066900005], [120.45895805300006, 16.41668490100005], [120.46101800400004, 16.417714876000048], [120.4632067020001, 16.41745738300006], [120.4651379070001, 16.417328636000036], [120.4667313660001, 16.41773058200004], [120.46745535200013, 16.418744852000028], [120.46749901500006, 16.420321398000056], [120.4669712560001, 16.421640795000027], [120.46665939900004, 16.422624346000074], [120.46668338800009, 16.42375183100006], [120.46713918000013, 16.423943744000038], [120.46805076300006, 16.423871776000055], [120.46896234700013, 16.423703853000056], [120.46958606200009, 16.423847787000057], [120.46996988700005, 16.424879316000037], [120.46965546700005, 16.42780979400004], [120.46963503500001, 16.428719014000016], [120.46972697900001, 16.43021565200007], [120.46976784200001, 16.43062939800006], [120.46952265900008, 16.431385379000055], [120.46948690400006, 16.431671426000037], [120.46953287500003, 16.431916609000037], [120.46948690400006, 16.43207495600006], [120.46907628200006, 16.432212778000064], [120.46889948600007, 16.43250402600006], [120.46893013400006, 16.432769641000046], [120.46903160400008, 16.432951038000056], [120.46983424600012, 16.43375548100005], [120.46998748500005, 16.43414368700007], [120.47002324100005, 16.43462894500004], [120.4699093470001, 16.43534973500005], [120.46979849000002, 16.43571183700004], [120.4714055180001, 16.442331663000054], [120.47215117900008, 16.449000410000053], [120.47233806600002, 16.451502042000076], [120.47249191800005, 16.455221205000036], [120.47311491200001, 16.46373074300004], [120.47311491200001, 16.472720889000065], [120.47172054100008, 16.47964626600003]]]}','2025-10-03 19:24:59.000000','2025-10-03 19:24:59.000000',2),(103303000,'Bacnotan',76.0000,39.0000,'{\"type\": \"Polygon\", \"coordinates\": [[[120.42745744200012, 16.764202273000016], [120.41244277200009, 16.766019122000046], [120.4025431550001, 16.767923513000028], [120.39183655400005, 16.781519597000056], [120.39025411400007, 16.783191963000032], [120.37856500200007, 16.78598790700005], [120.37000197800013, 16.787096085000027], [120.35946901600005, 16.788331819000064], [120.35343293300002, 16.789988038000047], [120.34981811700005, 16.79077131400004], [120.34874942100008, 16.79115494800004], [120.34753102600007, 16.791174232000056], [120.34379634800008, 16.789955389000056], [120.33836532000011, 16.787607616000056], [120.33191550400012, 16.783272881000077], [120.33126299300011, 16.78344688400006], [120.33074098400006, 16.78344688400006], [120.33017423800004, 16.783282469000024], [120.32987167100009, 16.783334287000056], [120.32981524700004, 16.783060819000074], [120.32985495100003, 16.782699774000033], [120.32988244500007, 16.78194767300005], [120.32995558800008, 16.781711420000015], [120.33005370700006, 16.780415524000034], [120.33013068000002, 16.780220830000072], [120.330149837, 16.77990116200004], [120.33054977400002, 16.779010097000015], [120.33054977300003, 16.77884240200007], [120.33067620100009, 16.778017976000058], [120.33079011500001, 16.777517176000057], [120.3308604670001, 16.777367779000027], [120.33090448500002, 16.77692309000002], [120.33086360300001, 16.776654411000035], [120.33108492500004, 16.776445028000065], [120.33095885100012, 16.776363712000034], [120.33091770900012, 16.776149369000052], [120.33112618000008, 16.775822683000058], [120.33124975000011, 16.775398949000078], [120.33135525500006, 16.77535954400002], [120.33140132400001, 16.775058913000063], [120.33179707400006, 16.77486532400007], [120.331695222, 16.774560936000054], [120.33140626900003, 16.774662511000027], [120.33123596700011, 16.774102512000066], [120.33131131600011, 16.773826537000044], [120.3314295140001, 16.773733969000034], [120.33133557000009, 16.773232467000067], [120.33137588300008, 16.773062736000043], [120.33135981700002, 16.772690705000063], [120.33128469500004, 16.77205033100006], [120.33119341300004, 16.77173728000002], [120.3311934830001, 16.771216009000057], [120.33123916200009, 16.771089999000022], [120.33112908200007, 16.77075051500003], [120.33125803700011, 16.770544792000067], [120.3311667270001, 16.770447054000044], [120.33113189700009, 16.76980332700003], [120.33108088500002, 16.76963872900006], [120.33119639700011, 16.769530730000042], [120.33107826100002, 16.769185639000057], [120.33121258900009, 16.76896705700005], [120.33143819500005, 16.769075098000034], [120.33149188600011, 16.769285988000032], [120.3314408220001, 16.769514867000055], [120.3315321340001, 16.769602318000068], [120.33141659600007, 16.76990565700003], [120.3315374460001, 16.770049690000057], [120.3317227990001, 16.769895407000035], [120.33202629000004, 16.770090897000042], [120.332125495, 16.769610772000018], [120.3323192250001, 16.76942190600005], [120.33233192800003, 16.769229562000078], [120.33247399600009, 16.769066553000073], [120.33252174400002, 16.768825602000046], [120.332771997, 16.76824982400007], [120.33291734000011, 16.76736150200003], [120.33305177500006, 16.76695449700003], [120.33333399100002, 16.766351605000068], [120.33345188200008, 16.766203132000044], [120.33399376800003, 16.76572156600002], [120.3341043800001, 16.765572044000063], [120.33411029800006, 16.765354745000025], [120.33428561800008, 16.765248120000024], [120.33460444200011, 16.76516089700004], [120.33491391700011, 16.764951992000025], [120.33503211800007, 16.764734977000042], [120.33506403500006, 16.764277726000046], [120.33457194700009, 16.76380826800005], [120.33446152600003, 16.76359968000003], [120.33400485100003, 16.76314490100003], [120.33406774700005, 16.763021338000048], [120.33317165500011, 16.762100049000026], [120.33325683500004, 16.762026916000025], [120.33471326300003, 16.76348937100005], [120.33487084300008, 16.76358979300005], [120.33556222800007, 16.763052025000036], [120.33605318300009, 16.76258838100006], [120.33620315400003, 16.762367699000038], [120.33647097400002, 16.761844866000043], [120.33661818500002, 16.761263784000047], [120.33662664500001, 16.76102437800006], [120.33676343000002, 16.76056251800003], [120.3368267640001, 16.76010407900003], [120.33681758600005, 16.759698432000047], [120.33673476100013, 16.759121502000028], [120.3366306040001, 16.75885114300007], [120.33639237200009, 16.75776911900004], [120.33636351000008, 16.75737619700004], [120.33639954200008, 16.756845407000075], [120.33634021200011, 16.756262134000053], [120.33620868000004, 16.755676313000038], [120.33574465100004, 16.754434968000055], [120.33547978000003, 16.75403379200003], [120.33525536500008, 16.753211341000053], [120.33521746800011, 16.752873285000078], [120.3352107190001, 16.752274619000044], [120.33517085600012, 16.751839442000065], [120.335408185, 16.751297566000062], [120.3358910390001, 16.750558759000057], [120.33596811200006, 16.75033862500003], [120.3361671660001, 16.750110954000036], [120.33658033100005, 16.749470321000043], [120.33672479800009, 16.748940759000053], [120.33665978500005, 16.74856880100003], [120.3364704820001, 16.747761968000074], [120.33631317900006, 16.747364324000046], [120.33586438400005, 16.74597295500007], [120.33572299000004, 16.745598037000036], [120.33553189800011, 16.745569705000037], [120.33539702600001, 16.745420040000056], [120.33510707900008, 16.745369277000062], [120.33476660500004, 16.745151331000045], [120.33468105500005, 16.744987482000052], [120.33471257400005, 16.74479487800005], [120.33454706900011, 16.74477435000006], [120.33446118400002, 16.74416096200002], [120.33454085700009, 16.744046492000052], [120.33452528200006, 16.743573724000044], [120.33441687100004, 16.74349524700005], [120.33453582100003, 16.743247111000073], [120.33452783800011, 16.74278884400007], [120.33461005600009, 16.742335854000036], [120.33472638, 16.74224722700006], [120.33481095200013, 16.74194845800002], [120.33480035300012, 16.74173831400003], [120.33503806700003, 16.741235876000072], [120.33515961700004, 16.740618088000073], [120.33536053500005, 16.74044843100006], [120.33561981500009, 16.74046489500006], [120.33585075800012, 16.740362329000053], [120.3361467960001, 16.740328117000047], [120.33629165400009, 16.740221538000064], [120.33646943200006, 16.740229835000033], [120.33666052000002, 16.740444949000047], [120.33685678200004, 16.740433428000074], [120.33692424900005, 16.740631116000035], [120.337225579, 16.740700720000063], [120.33753244600008, 16.740559908000023], [120.33822671400003, 16.74007165800003], [120.33909859700007, 16.74011102100007], [120.339317562, 16.740147750000062], [120.33954904700012, 16.740083421000065], [120.33983672900001, 16.73982628500005], [120.34034673900008, 16.73886090800005], [120.34053917000006, 16.73831036100006], [120.34061428600012, 16.738236893000074], [120.34072313000001, 16.737567727000048], [120.340719927, 16.737367227000046], [120.34058603400003, 16.736711964000047], [120.34060177400009, 16.736341904000025], [120.34087367600011, 16.735671529000058], [120.34100720200001, 16.73549448300002], [120.34119219000003, 16.735108901000046], [120.34125422200009, 16.73474409000005], [120.34126237400005, 16.734038234000025], [120.34130524400005, 16.733533162000068], [120.34122093100007, 16.732985143000068], [120.34128815400004, 16.732583297000076], [120.34122218900008, 16.73222494500004], [120.34121330200004, 16.73164458800005], [120.34116002600003, 16.73158749500004], [120.34111942900006, 16.731170835000054], [120.34118255900013, 16.730964748000073], [120.34113070600004, 16.73043696200006], [120.34118327600002, 16.730098907000066], [120.34110657700012, 16.72975461300007], [120.34111045800012, 16.729291309000075], [120.34104190100004, 16.728760118000025], [120.34084140600011, 16.728135576000057], [120.3408608090001, 16.72780606000003], [120.34074827400003, 16.727447191000067], [120.34066937100009, 16.727037598000035], [120.34069524200002, 16.726701888000033], [120.34066290500006, 16.726429360000058], [120.3408638510001, 16.72606662800007], [120.34095698400007, 16.72544262400003], [120.34094320900012, 16.724463118000077], [120.34079949200007, 16.724037030000034], [120.34071125900006, 16.723303620000024], [120.34044383900003, 16.722643481000034], [120.3402522460001, 16.72201189500004], [120.33982083600007, 16.720926847000044], [120.33974613900013, 16.720646027000043], [120.33955976100003, 16.72023784900006], [120.33936008100011, 16.719984680000035], [120.33901758700007, 16.71932916700007], [120.33884911100006, 16.719150188000068], [120.33853768400003, 16.718259486000022], [120.33844137400001, 16.717775324000055], [120.33845359700003, 16.717593621000045], [120.33835672700003, 16.717329836000033], [120.3379935480001, 16.716677981000032], [120.33800828500013, 16.716421452000077], [120.33782250000003, 16.716221933000035], [120.33770446600012, 16.715849308000024], [120.33779348100006, 16.71532614500006], [120.33761165500003, 16.714965227000047], [120.3371504580001, 16.714421183000074], [120.33699888900003, 16.714290050000045], [120.33626376500001, 16.713826646000033], [120.33633256200007, 16.713556263000044], [120.33669260300009, 16.713202738000064], [120.3366349910001, 16.71300840200007], [120.33638072900011, 16.713098368000033], [120.33637269300004, 16.71285117100007], [120.33650878100002, 16.71239389400006], [120.33649834800008, 16.712065334000048], [120.33658249000007, 16.711609475000053], [120.33663335100005, 16.710653280000034], [120.33661340200001, 16.71037575100007], [120.33688825700004, 16.710225793000067], [120.33706196900006, 16.71020629600002], [120.33728589400005, 16.71035837300007], [120.33743924800001, 16.71026738600005], [120.33750266200003, 16.710093662000077], [120.33752699000001, 16.708825050000026], [120.33743932100005, 16.708212756000023], [120.33739933800008, 16.707524448000072], [120.33725690500013, 16.70679581400003], [120.33716944500009, 16.70593488900005], [120.33701951800003, 16.70506382600007], [120.33707176000007, 16.70465137300004], [120.33693719700011, 16.704025775000048], [120.33676040700004, 16.70355194800004], [120.33668338000007, 16.703181892000032], [120.33667482300008, 16.702821250000056], [120.33641080100006, 16.701700856000063], [120.33626041700008, 16.701318212000047], [120.33612592800013, 16.701094539000053], [120.33590881900011, 16.70058480800003], [120.33657368100012, 16.70034518500006], [120.33885720500007, 16.699672751000033], [120.33940033400006, 16.699161932000035], [120.33967054100002, 16.69866920200008], [120.34342165100009, 16.698542045000064], [120.34454221500005, 16.698716885000067], [120.34661645100006, 16.69881225200004], [120.34836882400009, 16.698633439000048], [120.34932920400003, 16.698840303000058], [120.34950897800002, 16.699097124000048], [120.34959886600006, 16.699328262000048], [120.35054093500001, 16.69976917500003], [120.3539012330001, 16.699469222000058], [120.357963906, 16.69930642100007], [120.35961194700009, 16.69973206600002], [120.36112592600011, 16.700079019000043], [120.36171004700009, 16.700394010000025], [120.36270298800002, 16.700862293000057], [120.36392067400004, 16.70044672100005], [120.36456212800009, 16.69996563100005], [120.36558131400011, 16.699648315000047], [120.36616869700003, 16.699427348000032], [120.36717099700003, 16.698996358000045], [120.368504056, 16.698715714000055], [120.370358312, 16.69842504700006], [120.37195613300003, 16.698318829000065], [120.37267867700007, 16.698409148000053], [120.37331152300008, 16.69876948000006], [120.37344947800011, 16.69897961500004], [120.3736859490001, 16.699196819000065], [120.37410691500008, 16.700028728000063], [120.37459231000003, 16.700062465000027], [120.37578351800006, 16.70023720000006], [120.37697218200005, 16.700462808000054], [120.3792284010001, 16.700097187000043], [120.37968562600007, 16.70000092900006], [120.38040756000008, 16.699543703000078], [120.3810813660001, 16.69937525200004], [120.382116138, 16.69918273600006], [120.38433007100002, 16.699519639000073], [120.3856536170001, 16.700145316000032], [120.3865199390001, 16.700843185000053], [120.38726593700005, 16.70115602400006], [120.388276646, 16.701204153000052], [120.38950393400012, 16.70079505700005], [120.39056277100006, 16.70062660500002], [120.39154941500011, 16.70098757200003], [120.39227135000012, 16.701324475000035], [120.39296922000007, 16.70214266800002], [120.39376334800009, 16.702648022000066], [120.39568850600006, 16.702912731000026], [120.3975244380001, 16.70271807800003], [120.39888845000006, 16.70248519800003], [120.40031899900009, 16.702651541000023], [120.40560523800004, 16.704251229000022], [120.40518465600007, 16.707803933000037], [120.40906482900006, 16.724113099000018], [120.41598349600008, 16.73347746800005], [120.42335976300002, 16.751377833000046], [120.42745744200012, 16.764202273000016]]]}','2025-10-03 19:24:59.000000','2025-10-03 19:24:59.000000',3),(103304000,'Bagulin',90.0000,47.0000,'{\"type\": \"Polygon\", \"coordinates\": [[[120.54121983300001, 16.638014294000072], [120.54035051100004, 16.638593842000034], [120.53972956700011, 16.63896640900003], [120.5382393010001, 16.638966409000034], [120.53616948600005, 16.63880082400004], [120.53438944600008, 16.638800824000043], [120.53265080200005, 16.638925012000065], [120.53132612100002, 16.639463164000066], [120.53012562900005, 16.639711542000047], [120.52867675900008, 16.64024969400003], [120.52681392600005, 16.64111901600006], [120.52540645200008, 16.641698564000023], [120.52363212800005, 16.642027445000053], [120.52331907000007, 16.642110928000022], [120.52298514100005, 16.642142233000065], [120.52244250700005, 16.642017010000075], [120.52226510700008, 16.642590950000056], [120.52228597800001, 16.642935314000056], [120.52224423700011, 16.643133585000044], [120.52210857800004, 16.643258808000038], [120.52210857800004, 16.64363447800002], [120.51908977300002, 16.646737894000072], [120.51871587900007, 16.647287738000045], [120.51637354700006, 16.64610007600004], [120.51569610200009, 16.644727573000065], [120.51552392000009, 16.644508432000066], [120.51517955500003, 16.644414515000047], [120.51485084400008, 16.64414841500007], [120.51460039800008, 16.64380405100007], [120.51463170400008, 16.64335011700007], [120.51442821600006, 16.642927488000055], [120.51417776900007, 16.64273965300004], [120.513849058, 16.642896182000072], [120.51303510600007, 16.642833570000047], [120.512690742, 16.642911835000064], [120.51189244400007, 16.642598777000046], [120.5113915510001, 16.64259877700005], [120.51098457500007, 16.64281791700006], [120.51065586400013, 16.642927488000055], [120.51020192900012, 16.642677041000074], [120.5097949530001, 16.642583124000055], [120.5093566720001, 16.642426595000074], [120.50918449000007, 16.64211353600007], [120.50893404300008, 16.641769172000068], [120.5086366380001, 16.64155003200005], [120.50835488500002, 16.641722214000026], [120.50807313300004, 16.641706561000035], [120.50786964500003, 16.641456114000047], [120.50771311600009, 16.641033485000033], [120.50738440500005, 16.640673468000045], [120.50721222300001, 16.640313451000047], [120.50689916500004, 16.639859517000048], [120.5063669650001, 16.639640376000045], [120.5047703680001, 16.63981255800007], [120.5043164340001, 16.63978125200003], [120.50403468100002, 16.63956211200001], [120.50373727600004, 16.639530806000042], [120.50328334200002, 16.639593417000068], [120.50248504300009, 16.639577764000023], [120.50193719100002, 16.639609070000063], [120.5013580330001, 16.639734294000053], [120.50095105800007, 16.64010996400003], [120.5004032060001, 16.641064791000076], [120.50010580000003, 16.641471767000045], [120.49969882500012, 16.641643949000073], [120.49911966700006, 16.64167525500005], [120.49882226100009, 16.641894396000055], [120.49829006200002, 16.64200396600006], [120.49786743400011, 16.641894396000055], [120.49764829300013, 16.64167525500005], [120.49708478800007, 16.64120566700006], [120.49664650700004, 16.641205667000065], [120.49569167900005, 16.641565684000057], [120.49506556200004, 16.641236973000048], [120.49479946300004, 16.64115870900002], [120.49442379300001, 16.641503073000024], [120.49428291700006, 16.641925701000044], [120.49396985800003, 16.642066578000026], [120.49357853600009, 16.642144842000047], [120.49301503100003, 16.64191004900005], [120.49251413800005, 16.64165960200006], [120.49191932700012, 16.641596990000043], [120.49143408700002, 16.64159699000004], [120.49026011800005, 16.64164394900007], [120.48975922500007, 16.641753519000076], [120.48930529000006, 16.641941354000036], [120.48817828100006, 16.642003966000058], [120.48767738700009, 16.642176148000036], [120.4871921470001, 16.642410942000026], [120.48651907200009, 16.642817917000055], [120.48597122000002, 16.642880529000024], [120.48532945000011, 16.642990100000073], [120.484374623, 16.643647522000034], [120.48381111800008, 16.643725786000058], [120.4835293650001, 16.643976233000043], [120.48329457200009, 16.644367556000077], [120.48290324900007, 16.644602350000074], [120.48251192600004, 16.64488410200005], [120.48201103300006, 16.645056284000077], [120.48157275100004, 16.64533803600005], [120.48116577600001, 16.64580762400004], [120.48115012300002, 16.646261558000052], [120.4812283870001, 16.646746799000024], [120.48111881700002, 16.647044204000046], [120.48069618800004, 16.647310303000033], [120.480257907, 16.647341609000023], [120.4796161370001, 16.647263345000052], [120.47905263200006, 16.647106816000075], [120.4785047800001, 16.64723203900007], [120.47808215200007, 16.64760770900006], [120.47764387000008, 16.647952073000056], [120.47718993600006, 16.648468619000028], [120.47678296000004, 16.648609495000073], [120.47653251300005, 16.64849992500007], [120.4764072900001, 16.648233825000034], [120.47632902600004, 16.647310303000033], [120.47612553800002, 16.646151988000046], [120.47573421500012, 16.645666748000053], [120.47537419800005, 16.645306731000066], [120.47485765200008, 16.645071937000065], [120.47471677600004, 16.644664961000046], [120.47476373400004, 16.644211027000036], [120.47468547000004, 16.64369448100007], [120.47457589900013, 16.643287505000046], [120.47423153500006, 16.643068364000047], [120.47376194800007, 16.64316228200005], [120.4734332370001, 16.64284922300004], [120.47290103800003, 16.642019619000052], [120.472478409, 16.641910049000042], [120.47178968100003, 16.64228571800004], [120.47141401100009, 16.642238760000055], [120.47038091900005, 16.64223876000005], [120.46994263700003, 16.642301371000027], [120.46941043800005, 16.642301371000027], [120.46883128000003, 16.642207454000072], [120.46837734600001, 16.64205092500003], [120.46773557600012, 16.641769172000064], [120.46712511300007, 16.64117436200007], [120.46670248400004, 16.641111750000043], [120.46623289700005, 16.641252626000036], [120.46582592100003, 16.641518726000072], [120.4654659040001, 16.641878743000063], [120.465199804, 16.642270066000037], [120.46479282900007, 16.642520512000036], [120.46419801800005, 16.642770959000075], [120.46375973600004, 16.64269269400006], [120.46285186800003, 16.64275530600003], [120.46238228000004, 16.64297444700003], [120.46186573400007, 16.643130976000066], [120.46155267600012, 16.643130976000066], [120.45958040900008, 16.643819704000066], [120.45859427500012, 16.64407015100005], [120.458109035, 16.64386666300004], [120.45749857100009, 16.64388231600003], [120.45693506600003, 16.64386666300004], [120.45637156200009, 16.643788398000027], [120.45583936300011, 16.643428381000035], [120.45526020500006, 16.643334464000077], [120.45471235300012, 16.643115323000078], [120.45410188900007, 16.643099670000023], [120.45364795500008, 16.64328750500005], [120.45305314400002, 16.64339707500005], [120.45255225100004, 16.64344403400003], [120.45212962200002, 16.64339707500005], [120.45178525800009, 16.643052711000056], [120.45156611700008, 16.64266138800002], [120.45122175300001, 16.642426595000074], [120.45081477700012, 16.642677041000066], [120.45048606600005, 16.642802265000054], [120.45011039600001, 16.643037058000058], [120.44970342100008, 16.643365769000066], [120.4492807920001, 16.643412728000044], [120.44893642800002, 16.643350117000068], [120.44857641100009, 16.643428381000042], [120.44791898900007, 16.64411710900003], [120.44757462400004, 16.644586697000022], [120.44668240800003, 16.64607372300003], [120.4463223910001, 16.64659026900006], [120.446009333, 16.646981592000035], [120.44566496900008, 16.647247692000064], [120.44561801000009, 16.647545097000034], [120.44544582800005, 16.647842503000046], [120.44511711700011, 16.647967726000047], [120.44480405900003, 16.64820252000004], [120.44472579400008, 16.648609495000073], [120.44453795900004, 16.649016471000042], [120.44358313200007, 16.64957997600004], [120.44309789100011, 16.649611282000027], [120.44261265100012, 16.64956432300005], [120.44219002200009, 16.64976781100006], [120.44200218700007, 16.650268704000045], [120.44178304700007, 16.65097308500003], [120.44178304700007, 16.651380061000047], [120.44164217000004, 16.651927913000065], [120.4412195420001, 16.652319236000036], [120.44078126000011, 16.652554029000044], [120.44038993700009, 16.652961005000062], [120.44002992000003, 16.653461898000046], [120.43984208500002, 16.653884527000063], [120.43959163900003, 16.654213238000068], [120.43912205100003, 16.654635867000025], [120.43863681100004, 16.654933272000054], [120.43818287700005, 16.655058495000045], [120.43746284300005, 16.65535590100006], [120.43696194900008, 16.655449818000026], [120.43644540300009, 16.655590694000068], [120.4360071220001, 16.65574722400004], [120.43517751700006, 16.65548112400006], [120.43467662400008, 16.65546547100007], [120.43428530100005, 16.655528083000032], [120.43384702000003, 16.65565330600003], [120.43301741500011, 16.65574722400004], [120.43275131600002, 16.65598201700004], [120.43251652200003, 16.656404646000055], [120.43246956300004, 16.656780316000035], [120.43221911700005, 16.657265556000024], [120.4321095460001, 16.657672532000046], [120.43185910000011, 16.658314301000072], [120.43153038900005, 16.65865866500007], [120.43107645400005, 16.659049988000053], [120.43081035500006, 16.659363046000063], [120.43045033800003, 16.65947261700006], [120.42954246900003, 16.659284782000043], [120.42919810500008, 16.659175211000044], [120.42896331100006, 16.65884650000004], [120.42857370300011, 16.658618650000047], [120.42846103700003, 16.657898016000047], [120.42825904400003, 16.657247150000046], [120.42815243600012, 16.656635561000034], [120.427928, 16.656495288000027], [120.42767011600006, 16.65549379500004], [120.42783403500005, 16.654428320000022], [120.42730129800009, 16.65364970400003], [120.42639974200004, 16.652912068000035], [120.42562112600002, 16.652707169000056], [120.42476055100009, 16.651641694000038], [120.42410487400002, 16.65053524000006], [120.42389997500004, 16.65024838100004], [120.42366310600005, 16.650012427000036], [120.42301483200002, 16.649449844000056], [120.42335047100005, 16.648771499000077], [120.4244315840001, 16.647330016000065], [120.42454817400007, 16.64721695900005], [120.42485908200001, 16.64706857100004], [120.4253537090001, 16.646729398000048], [120.42548796500012, 16.646573944000068], [120.4256893480001, 16.646188842000072], [120.42579534000002, 16.64576840900003], [120.42578120700011, 16.645316180000066], [120.42551356500007, 16.644107310000038], [120.4252190950001, 16.643540182000038], [120.42500096800008, 16.643496557000052], [120.42473921700004, 16.643671058000052], [120.42442293400005, 16.64373649500004], [120.4241066510001, 16.643594713000017], [120.42400849400008, 16.64344202500007], [120.42381469100006, 16.643496254000066], [120.4252211050001, 16.64174110700003], [120.4257145910001, 16.641083126000066], [120.4257145910001, 16.640333759000047], [120.42540387800011, 16.639218847000045], [120.42525766000007, 16.638542589000057], [120.42498350100006, 16.638085658000023], [120.42481900600002, 16.637464231000024], [120.42502005600012, 16.636861082000056], [120.42491039200002, 16.636276210000066], [120.42443518400012, 16.635508566000055], [120.42434379700002, 16.63470436700004], [120.42467278800007, 16.633863614000063], [120.42467278800007, 16.63220038400004], [120.42463623300011, 16.631560681000053], [120.42427068800009, 16.63117685900005], [120.42306439000004, 16.630811314000027], [120.42079049800009, 16.63007857000002], [120.4199298430001, 16.629065837000045], [120.41968310000003, 16.62840785600002], [120.41986587200007, 16.62708275600005], [120.42045074400005, 16.625255031000048], [120.42072490300006, 16.62231239400006], [120.42030452600011, 16.621965127000063], [120.4210332870001, 16.62013545100007], [120.42126157600002, 16.613236710000024], [120.41886364800008, 16.614440937000037], [120.4105406450001, 16.61730516600005], [120.40991628600013, 16.614634255000055], [120.4075744260001, 16.60260535100002], [120.42312240600006, 16.602319409000078], [120.42576250600007, 16.601609903000053], [120.4280914310001, 16.59965538300002], [120.43624676400007, 16.596346328000042], [120.44028421100008, 16.59388296900005], [120.44222724300005, 16.58984984200004], [120.44367991900003, 16.58260566200005], [120.44832990300006, 16.57810283800006], [120.44896768600007, 16.57259960000005], [120.45000390300004, 16.563754261000035], [120.4525547620001, 16.56000768800004], [120.46084513900009, 16.558638715000026], [120.4627855350001, 16.55896899500004], [120.46538649100013, 16.559546985000054], [120.46827644300004, 16.560290116000036], [120.47219852, 16.561569951000028], [120.47692858900008, 16.56167085000004], [120.48296165300007, 16.567068977000073], [120.495969445, 16.566081741000062], [120.50140592300012, 16.56354207200007], [120.5034938240001, 16.56310251400004], [120.50519711200003, 16.56365196200005], [120.50777951500005, 16.564256354000058], [120.50904324500006, 16.565410194000037], [120.50905850700009, 16.566863178000062], [120.50925386600011, 16.568133012000033], [120.50976668400007, 16.56950052600007], [120.51076790000002, 16.57037964200003], [120.51186679500006, 16.571380858000055], [120.51203773400003, 16.571698316000035], [120.51785667800004, 16.594691728000043], [120.54121983300001, 16.638014294000072]]]}','2025-10-03 19:24:59.000000','2025-10-03 19:24:59.000000',4),(103305000,'Balaoan',62.0000,47.0000,'{\"type\": \"Polygon\", \"coordinates\": [[[120.43578240100008, 16.843001620000052], [120.43433238800003, 16.84308878600007], [120.427075756, 16.844055113000024], [120.42507533700008, 16.84434219600007], [120.42459254700009, 16.843565800000018], [120.423828823, 16.84387128900005], [120.42364397300004, 16.84204638200003], [120.41768303600007, 16.84534672100006], [120.41662913100005, 16.847265823000043], [120.41482496100002, 16.84752346700003], [120.41453750100005, 16.848672583000052], [120.41349168600006, 16.84932968800007], [120.41286176500012, 16.848580746000042], [120.41019041900007, 16.84440529400007], [120.40977444700003, 16.84332917100005], [120.40897798500009, 16.841323690000024], [120.4096948360001, 16.840603992000066], [120.408152459, 16.837169415000062], [120.40783498700011, 16.83681333200008], [120.40780066600009, 16.836671756000044], [120.407882179, 16.83593384800003], [120.40775776400005, 16.835539153000074], [120.40756041600002, 16.83530319300007], [120.4072601050001, 16.835230261000053], [120.40663374000007, 16.835453349000037], [120.40643639300005, 16.835552023000048], [120.40608888900012, 16.83582659400002], [120.40582718900009, 16.836109745000044], [120.40493054500007, 16.836277061000033], [120.40472890700006, 16.836264191000055], [120.40447578700001, 16.835993910000074], [120.403948097, 16.835783692000067], [120.40351479000003, 16.835770821000043], [120.4032745410001, 16.835822303000043], [120.40288413600001, 16.836023941000064], [120.4026910780001, 16.836204128000077], [120.40244653900005, 16.836551632000063], [120.402244901, 16.837049291000028], [120.40173426400008, 16.837653947000035], [120.40150111400011, 16.837824424000075], [120.40100254900005, 16.83805828700002], [120.40036068100005, 16.838320327000076], [120.399905869, 16.838558016000036], [120.399564541, 16.838783734000067], [120.39936512500002, 16.83916550600003], [120.39935764100005, 16.839842569000044], [120.3992878260001, 16.840062108000044], [120.39899635100005, 16.84022619400002], [120.39858018400002, 16.840197582000027], [120.39834837, 16.840890132000023], [120.39794437500008, 16.84126739100003], [120.39763024400008, 16.841482169000074], [120.39696329400012, 16.84221669900006], [120.39636511100004, 16.84128294400005], [120.3943373200001, 16.834896019000034], [120.39342173600005, 16.832234011000022], [120.393359529, 16.83211672200002], [120.39315211900008, 16.832075239000062], [120.39283211500002, 16.83214635200005], [120.39238766400001, 16.831358193000025], [120.3920592090001, 16.831326567000072], [120.39221284700012, 16.830898927000074], [120.39201284400009, 16.83061892300003], [120.39177284100003, 16.830538922000073], [120.39137283600007, 16.830525589000047], [120.39077282700008, 16.830872260000035], [120.38950614300005, 16.831272266000042], [120.3882839050001, 16.83178931000003], [120.3875327830001, 16.831663382000045], [120.38791007600004, 16.83075804600003], [120.38745317200005, 16.829289812000066], [120.38568693500008, 16.829725198000066], [120.38548225400008, 16.829108009000038], [120.38590468300002, 16.828908834000057], [120.38575720800009, 16.827741322000065], [120.3850634470001, 16.82799643800007], [120.38470030200006, 16.82637717700004], [120.384356194, 16.824398552000048], [120.37708724600007, 16.81619002800005], [120.37679669600004, 16.81593918300007], [120.37686147000011, 16.81580963400006], [120.37385111700007, 16.812339821000023], [120.36413804600011, 16.801588028000026], [120.3586302330001, 16.801116921000073], [120.35690322800008, 16.801106652000044], [120.35421886300003, 16.801054259000068], [120.34900102200004, 16.804984452000042], [120.34871457200006, 16.805193443000064], [120.3419940780001, 16.80871627500005], [120.33962736700005, 16.80996443800007], [120.34080851400006, 16.813333321000073], [120.33537279900008, 16.817507474000028], [120.33544209900005, 16.817798229000058], [120.33571148400006, 16.81802745300007], [120.33542872000011, 16.818346822000024], [120.33499028600012, 16.818657380000047], [120.334223027, 16.818967937000025], [120.33388554300006, 16.819232526000064], [120.33342499100003, 16.81894982100005], [120.33330686500005, 16.81895879900003], [120.33225771800005, 16.818822815000033], [120.33210619500007, 16.818858489000036], [120.33151582300003, 16.81874487200003], [120.33089646600001, 16.81870148200005], [120.33070105200011, 16.818723581000032], [120.33022397600006, 16.818669159000027], [120.32991393100009, 16.818431193000038], [120.32957068600003, 16.818083622000074], [120.32939597000006, 16.817730210000036], [120.32911551300005, 16.816976959000044], [120.32877139200002, 16.816249524000053], [120.32851711900003, 16.815763483000065], [120.32814536700005, 16.81514565300005], [120.32803080600003, 16.81511849300006], [120.32790867800009, 16.81480009500007], [120.32754094200003, 16.814192910000035], [120.32765076500006, 16.813905826000052], [120.32782342700011, 16.813924413000052], [120.3280720470001, 16.813580010000067], [120.32808987500006, 16.81333285900007], [120.32818516300006, 16.813084184000044], [120.32821913700003, 16.812806785000074], [120.3281934370001, 16.81242522900004], [120.3282225700001, 16.812148968000038], [120.328206582, 16.81167473200003], [120.32831680600009, 16.811473466000056], [120.32852018400003, 16.811305149000077], [120.32859774800009, 16.810962241000023], [120.32910250400003, 16.81049880400008], [120.32928163600003, 16.81029158400003], [120.32930684500002, 16.810150247000024], [120.329497628, 16.81002431200005], [120.32944240800008, 16.809556020000056], [120.3294750010001, 16.809320601000028], [120.3295690110001, 16.809229577000046], [120.32954358500001, 16.809023939000035], [120.32936382800006, 16.80889726100003], [120.32928044000005, 16.80859812700004], [120.32935249900005, 16.808313457000054], [120.32928676800009, 16.807468825000058], [120.32922167500011, 16.806319582000068], [120.32913876300006, 16.805909996000022], [120.32899805200009, 16.80547455100003], [120.3288680710001, 16.805272150000064], [120.32858159600005, 16.804511292000033], [120.32806173400003, 16.803694343000068], [120.3276591440001, 16.803304752000027], [120.32733139000005, 16.803065869000022], [120.32656051000004, 16.802298876000062], [120.32594828200001, 16.801907229000047], [120.32570950000002, 16.801683806000028], [120.32512333700005, 16.800482354000053], [120.32510297400006, 16.79984097900007], [120.32519550100007, 16.799130766000072], [120.32529757200007, 16.798881199000053], [120.32556454000009, 16.79859031100005], [120.32578131600008, 16.798514752000074], [120.32595848800008, 16.798233210000035], [120.3260931210001, 16.798174094000046], [120.32656000200006, 16.797600810000063], [120.32699297900001, 16.79733488600004], [120.32776122400003, 16.797067227000067], [120.32790815600005, 16.797062498000056], [120.32822512600002, 16.79686745800007], [120.32844925700012, 16.79660847900004], [120.32871773500007, 16.796079574000032], [120.32874119000009, 16.79575351700003], [120.32910894100009, 16.794410905000063], [120.32926233400008, 16.793983221000072], [120.32937667500006, 16.793506035000057], [120.32954836200008, 16.793105494000027], [120.32966713000009, 16.79234110300007], [120.32969474800007, 16.791533996000055], [120.32976762200008, 16.79069223400006], [120.32979232000002, 16.790108475000068], [120.32985930600012, 16.789564102000043], [120.32983350100005, 16.78935422000006], [120.32990608600004, 16.78882161900003], [120.32992530600008, 16.788189559000045], [120.33003957500011, 16.78782480600006], [120.33003483900008, 16.78697748200005], [120.33014058600008, 16.78661678000003], [120.33013357900008, 16.786377527000067], [120.3300431030001, 16.78608673100007], [120.33001040600006, 16.785367745000023], [120.32989526100005, 16.784670631000033], [120.32983337000007, 16.784449266000024], [120.32967303800002, 16.784185338000043], [120.32977454700006, 16.783843276000024], [120.32978972800004, 16.783548122000074], [120.32987167100009, 16.783334287000056], [120.33017423800004, 16.783282469000024], [120.33074098400006, 16.78344688400006], [120.33126299300011, 16.78344688400006], [120.33191550400012, 16.783272881000077], [120.33836532000011, 16.787607616000056], [120.34379634800008, 16.789955389000056], [120.34753102600007, 16.791174232000056], [120.34874942100008, 16.79115494800004], [120.34981811700005, 16.79077131400004], [120.35343293300002, 16.789988038000047], [120.35946901600005, 16.788331819000064], [120.37000197800013, 16.787096085000027], [120.37856500200007, 16.78598790700005], [120.39025411400007, 16.783191963000032], [120.39183655400005, 16.781519597000056], [120.4025431550001, 16.767923513000028], [120.41244277200009, 16.766019122000046], [120.42745744200012, 16.764202273000016], [120.42847860400003, 16.768890468000052], [120.43712517400003, 16.78417528500006], [120.43902423700003, 16.78553484100007], [120.43919687900006, 16.787067040000068], [120.44037805500012, 16.790640410000034], [120.44210616800002, 16.795803996000075], [120.442815171, 16.79840363700004], [120.44251100500003, 16.79867071000007], [120.44170236700006, 16.799093576000075], [120.44101242900001, 16.79942741700006], [120.44068600600008, 16.799872538000045], [120.44058956300012, 16.800139611000077], [120.44055988800007, 16.80079987500005], [120.44068600600008, 16.801141135000023], [120.44090114800008, 16.801497232000024], [120.44147980600007, 16.801994284000045], [120.44154657500009, 16.80222426400007], [120.44136110700005, 16.802676804000047], [120.441234989, 16.802847434000054], [120.44126466400007, 16.802995808000045], [120.44147980600007, 16.803322230000052], [120.44165043600003, 16.803700583000023], [120.44208072000005, 16.80430891600002], [120.44227360600009, 16.804412778000028], [120.44257777300005, 16.80435342800007], [120.44290419500011, 16.80442761500006], [120.44336415400005, 16.804946924000035], [120.44432858400012, 16.805495907000022], [120.444758868, 16.805926191000022], [120.44510012800002, 16.806185845000073], [120.44556008700009, 16.806378731000052], [120.44584199700012, 16.80658645500006], [120.445834579, 16.806883202000055], [120.44567136700006, 16.80729864900007], [120.44562685500011, 16.807721515000022], [120.44588650900005, 16.808678526000055], [120.4458568350001, 16.809145903000054], [120.44576781, 16.809687468000046], [120.44556750600009, 16.81002130900003], [120.44522624600008, 16.81032547600006], [120.4444101900001, 16.81025870700006], [120.4440615110001, 16.80993228500006], [120.44392055600008, 16.809524257000078], [120.44396506800003, 16.80874529400006], [120.44338641000003, 16.807944075000023], [120.44279291500004, 16.80756572200005], [120.44252584200002, 16.807691840000075], [120.442095558, 16.808159217000025], [120.4413907820001, 16.808411453000076], [120.44122757100003, 16.808552408000025], [120.44124982700008, 16.80911622900004], [120.4415317370001, 16.80951683800003], [120.44176171700008, 16.809917447000036], [120.44178397300004, 16.81041450000004], [120.4416875300001, 16.810792853000066], [120.44136110700005, 16.811408605000054], [120.44078244900005, 16.812165311000054], [120.44070826200004, 16.812491734000048], [120.44076761200006, 16.812721713000023], [120.44090856700006, 16.81287008700002], [120.44115338400002, 16.812862668000037], [120.44146496900011, 16.812988786000062], [120.44172462300004, 16.813567444000057], [120.4418952530001, 16.81385677300005], [120.44200653300004, 16.814168358000074], [120.44202137100001, 16.814643154000066], [120.44194718400003, 16.814947321000037], [120.44176913500009, 16.81534051100004], [120.44217503400012, 16.815582645000063], [120.44524934200001, 16.822092211000047], [120.44678744000011, 16.825322155000034], [120.44428969000012, 16.83161853400003], [120.44452732500007, 16.833344881000077], [120.44532690000007, 16.837064359000067], [120.45114068900011, 16.846128416000056], [120.44195260900007, 16.84810995500004], [120.44082519900007, 16.847991316000048], [120.43982779100007, 16.84634740100006], [120.43907507500002, 16.84299999300004], [120.43578240100008, 16.843001620000052]]]}','2025-10-03 19:24:59.000000','2025-10-03 19:24:59.000000',5),(103306000,'Bangar',35.0000,27.0000,'{\"type\": \"Polygon\", \"coordinates\": [[[120.45411660000002, 16.908505391000062], [120.4521525980001, 16.908154949000046], [120.4506690300001, 16.90811690900006], [120.44861486000003, 16.908040829000065], [120.44667481000009, 16.90769846700005], [120.44530536300012, 16.90724198400005], [120.44336531300007, 16.906443140000018], [120.44108290200006, 16.90522585400004], [120.43982757500011, 16.903932488000063], [120.43849616800003, 16.902448920000037], [120.43693652000002, 16.901269674000048], [120.43577346200004, 16.900497252000033], [120.43394525500003, 16.90017119500004], [120.43263701, 16.90014244200006], [120.43142940000008, 16.900243077000024], [120.4302792950001, 16.900703119000074], [120.42924420100006, 16.901019397000024], [120.42767718300003, 16.901666331000058], [120.42681460500012, 16.902183878000073], [120.42560699500007, 16.902960199000066], [120.42467253400004, 16.90393778800006], [120.42296175300011, 16.905418548000057], [120.42199854100012, 16.906223622000027], [120.42117909100011, 16.906956814000072], [120.4198708470001, 16.90836569200007], [120.419037021, 16.90931452800003], [120.41836133400012, 16.910205860000072], [120.41778628200008, 16.911355965000045], [120.41732624000008, 16.91218979100006], [120.41706746600006, 16.912966111000056], [120.41705309000007, 16.913756808000077], [120.41683744500006, 16.915065053000035], [120.41643490900002, 16.91615765200003], [120.41562983500012, 16.917163994000077], [120.41502603000002, 16.91782530400008], [120.41432159100009, 16.91852974300002], [120.41330087300004, 16.919277312000077], [120.41220827300003, 16.919895493000066], [120.41079750900008, 16.920904919000066], [120.41035844900011, 16.92052607900007], [120.40990757400006, 16.919849753000047], [120.40915689000008, 16.919110207000074], [120.40871712700005, 16.91853841200003], [120.40800901100009, 16.917209092000064], [120.407496347, 16.916604073000027], [120.40701525800013, 16.91565385000007], [120.40678753700003, 16.915271353000037], [120.40668777000008, 16.91479074600005], [120.40668025500007, 16.914165753000077], [120.40642314500008, 16.91356889000002], [120.40621137300003, 16.913178781000052], [120.40602937400001, 16.912562357000063], [120.4058761340001, 16.91217185200003], [120.40567090400009, 16.91180084100006], [120.40525285200012, 16.911243986000045], [120.40452893600002, 16.910499193000074], [120.40364980700006, 16.909473959000024], [120.403454538, 16.909175224000023], [120.4032273030001, 16.908506267000067], [120.40315986700011, 16.90797349700006], [120.40293458200004, 16.90723956000005], [120.4025869400001, 16.906562440000076], [120.402100259, 16.905841038000062], [120.40182014400011, 16.90558309200003], [120.40155939400006, 16.904786519000027], [120.40137708700001, 16.904003124000038], [120.40115448600011, 16.903350902000053], [120.40078175700013, 16.90265428800006], [120.40062004100002, 16.902278375000037], [120.4005922680001, 16.902008094000053], [120.40072903300006, 16.901822211000024], [120.40116312700002, 16.90143715600004], [120.40167847000009, 16.900762260000022], [120.40183703000004, 16.900456882000068], [120.4020034670001, 16.900016763000053], [120.4021144090001, 16.89920020000005], [120.40211832800004, 16.898661544000042], [120.40206080000009, 16.898139059000073], [120.40192795900009, 16.897788184000028], [120.40175941400003, 16.89712625700003], [120.4015366660001, 16.896684724000067], [120.4014502870001, 16.896281109000025], [120.40135583400001, 16.896101246000065], [120.4012181820001, 16.895616080000025], [120.40132876000008, 16.89494221600006], [120.40150951100009, 16.89452136600005], [120.40167405400007, 16.89386194100007], [120.4017873560001, 16.893554696000027], [120.40209755400006, 16.892320426000026], [120.4020975320001, 16.89205708000003], [120.40224587600007, 16.89134721000005], [120.40243842600012, 16.89076531500007], [120.40234170800011, 16.890137007000078], [120.4020387720001, 16.88916727700007], [120.40199782600007, 16.888753696000038], [120.40196108000009, 16.887809856000047], [120.40186542100004, 16.887203708000072], [120.40176361300007, 16.886838048000065], [120.40173463600003, 16.886359665000043], [120.40163017700003, 16.885653001000033], [120.40149467900005, 16.88519784500005], [120.40092425700004, 16.883720533000034], [120.4004311110001, 16.88282317200003], [120.40013003400007, 16.882224989000058], [120.39923437900008, 16.88101162300006], [120.39860281900006, 16.880314500000054], [120.3986770030001, 16.880203730000055], [120.39850970600004, 16.88004049700004], [120.39970729600007, 16.879166204000054], [120.40081298300004, 16.87837645500002], [120.40089692200003, 16.878004200000078], [120.40099181100004, 16.877792526000064], [120.40134216800003, 16.87737647600005], [120.40186770500009, 16.87700057200004], [120.40243703600005, 16.87665021400005], [120.40299541800005, 16.87611008000005], [120.403466211, 16.87581081600006], [120.40379832100007, 16.875690381000023], [120.40416692600003, 16.875449510000067], [120.40486092900005, 16.87482342100003], [120.40556835600012, 16.874562667000074], [120.40574718500011, 16.87443128300003], [120.40633476300003, 16.873810858000066], [120.40738583600013, 16.87297146000003], [120.408323772, 16.872011626000077], [120.40864128400005, 16.87157732900005], [120.40910784500012, 16.87073401700007], [120.40975189600012, 16.870038442000066], [120.41042170900005, 16.86913677000007], [120.41088542600006, 16.868312385000024], [120.41152947700006, 16.86774562000005], [120.41222505200004, 16.86720461700003], [120.41322451100007, 16.86658249500004], [120.41410212700009, 16.865984512000065], [120.41444037500003, 16.86569304900007], [120.41468720400006, 16.865390831000067], [120.41491521200008, 16.864990741000046], [120.4155433090001, 16.863764661000058], [120.41583154600004, 16.86324841600003], [120.41632604200004, 16.862218547000058], [120.41951007700004, 16.856134500000056], [120.41964493200011, 16.85581487400003], [120.41966687700005, 16.85545749100004], [120.41996469600006, 16.854764669000073], [120.420256246, 16.854363396000053], [120.42089263900006, 16.853937044000077], [120.4212343480001, 16.85361728000003], [120.42168578000008, 16.853379024000045], [120.42227828400006, 16.85320346800006], [120.42264820700007, 16.853046720000066], [120.42284884300012, 16.85284294900004], [120.42313098800003, 16.85292759300006], [120.42388964400003, 16.85290251300006], [120.42449155300005, 16.85294953700003], [120.42462322000006, 16.852864894000046], [120.42513421600006, 16.852852354000046], [120.42531604300008, 16.853005966000072], [120.42549473400005, 16.852999696000037], [120.42569850600012, 16.85269874200003], [120.4259022770001, 16.85255453500002], [120.42615620700008, 16.852654852000057], [120.42634116800002, 16.852498105000045], [120.426620178, 16.852510645000052], [120.42696815700003, 16.852410327000026], [120.42703712600007, 16.852234770000052], [120.42758574100004, 16.852159531000037], [120.42776129800008, 16.851780204000022], [120.42758887600007, 16.851610917000073], [120.42757947100006, 16.85148551900005], [120.42808733200002, 16.851322502000073], [120.4283475320001, 16.851457305000057], [120.42855757300003, 16.851416550000067], [120.42868610500012, 16.851225319000037], [120.42868297000007, 16.85091495900002], [120.429291755, 16.85038332800008], [120.42954183100004, 16.85026825100004], [120.42986662400007, 16.85019978200006], [120.43007767200005, 16.849904414000033], [120.43024004500012, 16.849808015000058], [120.43046416300001, 16.849820397000023], [120.43084797900008, 16.850125266000077], [120.43098765, 16.850146993000067], [120.43122795400005, 16.849957311000022], [120.43162442500012, 16.84928238200007], [120.4321163950001, 16.848500434000066], [120.43256341900009, 16.847685705000053], [120.43262503300002, 16.84734375000005], [120.43303836000008, 16.846739205000063], [120.43317604000003, 16.845916711000026], [120.43381635300011, 16.844980711000062], [120.43423529300004, 16.844899793000017], [120.43462178900006, 16.844974293000064], [120.43494752900007, 16.84490370300006], [120.43503072400004, 16.84471403100002], [120.43503629000008, 16.844433674000072], [120.43512264200001, 16.84433840600008], [120.4355169470001, 16.844237673000062], [120.43566637900007, 16.843659066000047], [120.435790085, 16.843346035000025], [120.43578240100008, 16.843001620000052], [120.43907507500002, 16.84299999300004], [120.43982779100007, 16.84634740100006], [120.44082519900007, 16.847991316000048], [120.44195260900007, 16.84810995500004], [120.45114068900011, 16.846128416000056], [120.45508622600006, 16.851560898000063], [120.45939196200003, 16.85775511300005], [120.4647637060001, 16.86563644800003], [120.46470488600006, 16.86659320100006], [120.46350073900011, 16.874456851000048], [120.4617336770001, 16.876312580000043], [120.45676506200004, 16.88129952500003], [120.45460928300008, 16.885578278000025], [120.45449832100006, 16.88865337000004], [120.45343006600001, 16.891636465000033], [120.45337924800003, 16.891924707000047], [120.45289005100005, 16.894334364000027], [120.4528743620001, 16.89471002100004], [120.45313333400009, 16.89610063200007], [120.45336928800009, 16.89719319600005], [120.45367305600008, 16.89878053600006], [120.45371714400005, 16.899210826000058], [120.45355325900005, 16.899732545000067], [120.45377895600008, 16.900058878000042], [120.45383607400005, 16.900359858000055], [120.45387486900007, 16.901215516000036], [120.45397952500004, 16.902720085000052], [120.45411660000002, 16.908505391000062]]]}','2025-10-03 19:24:59.000000','2025-10-03 19:24:59.000000',6),(103307000,'Bauang',75.0000,39.0000,'{\"type\": \"Polygon\", \"coordinates\": [[[120.36862686400002, 16.561095788000046], [120.3541351660001, 16.565666645000025], [120.34418316900006, 16.570347474000073], [120.34312562900004, 16.57030819600004], [120.33419576900008, 16.57007247400003], [120.33069924000006, 16.569797445000066], [120.32902282000009, 16.57243504400003], [120.328106692, 16.574675107000072], [120.32788396100011, 16.57454117000003], [120.3269246100001, 16.574584690000048], [120.32589685800008, 16.574308843000043], [120.32409481700005, 16.573683489000075], [120.32324846000004, 16.573696854000048], [120.32301808300008, 16.57427390800007], [120.32262097200011, 16.57469128000002], [120.32244733800007, 16.574950974000046], [120.32212494500004, 16.575196311000067], [120.32188303200009, 16.575263046000032], [120.32117030200004, 16.57526263300002], [120.32077319100007, 16.575363937000073], [120.32057463600005, 16.575505762000034], [120.32009648200005, 16.57608116700004], [120.31969647300002, 16.576467211000022], [120.31913103000011, 16.576481954000023], [120.31932872500009, 16.57617472800007], [120.31964805900009, 16.57558888800003], [120.31976522800005, 16.57527958900005], [120.3197602800001, 16.574854523000052], [120.31985403500005, 16.57452102100007], [120.31993545400007, 16.573107002000025], [120.32003429600003, 16.57250246500007], [120.32006106300003, 16.57210906200003], [120.32015676700007, 16.571732227000037], [120.32015299900003, 16.571473642000058], [120.32022671700007, 16.571275308000054], [120.32033121900008, 16.570559041000024], [120.3204663780001, 16.570015188000077], [120.320605407, 16.56923142700003], [120.3207559760001, 16.56883479000004], [120.32080571000006, 16.568388156000022], [120.32080354100003, 16.567459492000072], [120.32047755600001, 16.566201856000074], [120.32057939100004, 16.56573072300006], [120.320666318, 16.565032360000032], [120.32069271900002, 16.564566825000043], [120.32065073600008, 16.563789291000038], [120.32057895000003, 16.56328147000005], [120.32052111900009, 16.56258412000005], [120.32032552200008, 16.561669274000053], [120.32030862800003, 16.561372400000035], [120.32019206100006, 16.560666579000042], [120.32010510200006, 16.560397200000068], [120.3200605620001, 16.55990062300003], [120.3200031240001, 16.559777556000025], [120.31976497700009, 16.55862645700006], [120.31966219700008, 16.557944920000068], [120.31970941800012, 16.557786559000018], [120.31952573500008, 16.557536042000038], [120.31939584000008, 16.556782751000075], [120.31929418100003, 16.556400969000038], [120.31915186800006, 16.555649698000025], [120.31883607900012, 16.554637981000045], [120.31879795900011, 16.554232694000063], [120.31871247300013, 16.554107564000045], [120.31867492900004, 16.553662731000028], [120.3188612900001, 16.55337327100006], [120.31868535900003, 16.55320906700007], [120.31878401300001, 16.551852524000022], [120.31883386100003, 16.551694038000047], [120.31887761200005, 16.55068341400005], [120.31893329800003, 16.55046812100005], [120.31898712600002, 16.54970841400006], [120.31906879500002, 16.54808213600006], [120.31904260000012, 16.54736310900006], [120.31908555100004, 16.54598867900006], [120.319088103, 16.54549204700004], [120.31905095400008, 16.54532189400004], [120.31906781400005, 16.544641271000035], [120.31899530200008, 16.544207378000067], [120.31899996300001, 16.543976499000053], [120.31891605400006, 16.54381264900007], [120.31887288900009, 16.543244817000073], [120.31871581300004, 16.542779376000052], [120.31855031200006, 16.54182783400006], [120.31835197000008, 16.54128884800002], [120.31820397700005, 16.540620834000034], [120.31806332000008, 16.54023331300004], [120.31804491700007, 16.540027124000066], [120.31781468200006, 16.53915239400004], [120.31748201100005, 16.53819793700006], [120.31737032500007, 16.537966359000052], [120.3171593510001, 16.537302782000044], [120.3169197950001, 16.53681144500007], [120.31670953800004, 16.536284101000035], [120.3161564720001, 16.53474959700003], [120.31575849300009, 16.533896221000074], [120.3156158930001, 16.53347240200003], [120.31521484200005, 16.53301346600006], [120.31512017300008, 16.532841272000038], [120.315053464, 16.53228579000006], [120.3148357550001, 16.531862252000053], [120.31451618500012, 16.531427534000045], [120.31425391500011, 16.531130933000036], [120.31389866800008, 16.53061520600005], [120.31354606600007, 16.53027378300004], [120.31331053800012, 16.52986122800007], [120.31298179200007, 16.52948080600004], [120.31278955200003, 16.529141485000025], [120.31237942300005, 16.528644007000022], [120.31218954000008, 16.52846944500004], [120.3117464620001, 16.527807810000066], [120.3113273240001, 16.52745736800006], [120.3111138490001, 16.527210253000074], [120.31099277100009, 16.526969496000046], [120.31057876200008, 16.526401723000046], [120.3104816020001, 16.52619535900004], [120.31011586400007, 16.525668325000026], [120.31009045600001, 16.52549492300005], [120.30971884700011, 16.52477556100007], [120.30966553700011, 16.524562024000037], [120.30924381800003, 16.523895754000026], [120.30902312600007, 16.523410381000076], [120.30896883800007, 16.52306005300005], [120.30868201500006, 16.520287156000055], [120.30822819100001, 16.520120461000033], [120.30782649000002, 16.520022062000066], [120.30692748700005, 16.51987973600006], [120.30641557600008, 16.51971412400007], [120.3059732700001, 16.519746643000072], [120.30567530600001, 16.51968421500004], [120.30530963100011, 16.519511751000042], [120.30514079800001, 16.519340059000058], [120.30492892300003, 16.518879816000037], [120.30465951400005, 16.517751524000055], [120.30473952500007, 16.51710792800003], [120.30482857500009, 16.516739196000064], [120.30509880600003, 16.51634934300006], [120.30546500800007, 16.516259840000032], [120.30555621300005, 16.51650400300002], [120.30536986200002, 16.516669008000065], [120.30503905500007, 16.517392098000073], [120.30483301300002, 16.51762622400003], [120.30493068200008, 16.518020842000055], [120.30506193000008, 16.518735161000052], [120.3051855220001, 16.518821166000063], [120.30569983800002, 16.51846665400006], [120.30583105200003, 16.518341014000043], [120.30589384900009, 16.518141298000046], [120.30626679900001, 16.517729721000016], [120.30636491000007, 16.517483184000067], [120.30679715200006, 16.516729062000024], [120.30688989200009, 16.51648053400004], [120.30696979400011, 16.515818434000042], [120.30695970800004, 16.515415544000057], [120.30680187600002, 16.51466439400002], [120.30668595100006, 16.51433781800006], [120.30665756200005, 16.51410350100002], [120.30643593700006, 16.513434251000035], [120.3063497730001, 16.512988437000043], [120.30613230600012, 16.51212473100003], [120.306123393, 16.51190965800004], [120.30596515400009, 16.51127349100005], [120.30565885800002, 16.510443715000065], [120.30555338600006, 16.510072262000044], [120.30549154500011, 16.509505429000058], [120.30519796700003, 16.508719383000027], [120.30508683700009, 16.50823599800003], [120.3048290690001, 16.507377558000034], [120.30472335900004, 16.50719044000004], [120.30453549600009, 16.506538891000048], [120.30446780600003, 16.50614595200005], [120.30437671500012, 16.505945506000046], [120.3042632260001, 16.50545192200008], [120.30424232100006, 16.50495508500006], [120.30426322800008, 16.504521263000072], [120.30422739100004, 16.50397402300007], [120.30404909600009, 16.502958793000058], [120.30411380400005, 16.50249116700007], [120.30403354700003, 16.50204225100003], [120.30404059900002, 16.501075441000065], [120.30419291300007, 16.500502910000026], [120.30419142000007, 16.500187923000055], [120.30424862700009, 16.499716386000046], [120.30442184500009, 16.49891045000004], [120.30463687200006, 16.49846517300005], [120.30490337400009, 16.498129910000046], [120.3051334690001, 16.49758312200003], [120.30517962500005, 16.49733356200005], [120.305412379, 16.49697945500003], [120.30606968000008, 16.495748128000056], [120.30652310200003, 16.494788741000036], [120.30685645000005, 16.49435231400002], [120.30731966000009, 16.494075808000055], [120.30765685300003, 16.493834848000066], [120.30820711100012, 16.493567499000054], [120.30850199400005, 16.493372025000042], [120.308669946, 16.493134755000032], [120.30899203900005, 16.492935691000067], [120.30921769000007, 16.492895117000046], [120.30986839600008, 16.492885639000065], [120.31092919700008, 16.492448026000034], [120.31154075600011, 16.492246391000037], [120.31213793400003, 16.49219309700004], [120.3126189950001, 16.49234954700006], [120.313324705, 16.49232574300004], [120.31399102000012, 16.49233374500005], [120.31507676300009, 16.492681866000055], [120.31535324400011, 16.492673931000066], [120.31585751400009, 16.492518662000066], [120.316203975, 16.49264972200007], [120.3161532150001, 16.492812249000053], [120.31570574300008, 16.492955406000025], [120.31536997, 16.49319240200003], [120.31529896400002, 16.493429511000045], [120.31575543900011, 16.49356254400004], [120.31599074700013, 16.493270877000043], [120.31644773200003, 16.49300260900003], [120.31710333100011, 16.49265599600005], [120.3175853800001, 16.492522415000053], [120.31785616200013, 16.492516934000037], [120.31839116300011, 16.49234341600004], [120.31910095200008, 16.491950015000043], [120.31966759600004, 16.491453130000025], [120.32007121900007, 16.491007317000026], [120.3202359170001, 16.490777487000063], [120.32078787700004, 16.48981888900005], [120.32113163900009, 16.489308837000063], [120.32136081000012, 16.488842725000044], [120.32143968600009, 16.488591922000065], [120.32093493900004, 16.488460785000022], [120.32095282200011, 16.488384940000063], [120.32187822500009, 16.48861327500003], [120.32217333400001, 16.488591064000047], [120.32236938300002, 16.488645166000026], [120.32247876700002, 16.488432776000025], [120.32296516800012, 16.487671515000045], [120.32344363300002, 16.487107688000037], [120.3236092730001, 16.486815955000054], [120.32374994800011, 16.486446927000028], [120.32386399300005, 16.48576787100006], [120.32383344600008, 16.485483115000022], [120.32399781400012, 16.484907316000033], [120.32406479100007, 16.484361872000022], [120.3239735630001, 16.484110687000047], [120.32414181600006, 16.484003357000063], [120.32424636000007, 16.483379209000077], [120.32430858500004, 16.482801491000032], [120.32441220900012, 16.48250430200005], [120.32449864800003, 16.481990861000043], [120.32465788900004, 16.48157589500005], [120.324731616, 16.481241251000025], [120.32480444600003, 16.481166757000032], [120.32499936700002, 16.480565132000038], [120.32521536700007, 16.480263737000026], [120.32552860800003, 16.48013334100006], [120.32613107800012, 16.48008886900004], [120.32649854500005, 16.48009608400002], [120.32678998000006, 16.47995184900003], [120.32699960500008, 16.479727194000073], [120.32744159500011, 16.478839367000035], [120.3275155230001, 16.47850230100005], [120.32780477200005, 16.47764445300004], [120.32789609100007, 16.477186829000058], [120.32800865400009, 16.476952421000018], [120.32819867100011, 16.476049335000027], [120.32840165800009, 16.475345424000064], [120.32842864100007, 16.475025093000056], [120.32854357800011, 16.47479115600004], [120.3287431980001, 16.473808935000022], [120.32904242000005, 16.47324853400005], [120.32916228900002, 16.47252522100007], [120.32937409900002, 16.47194386900002], [120.3295839020001, 16.470802775000042], [120.32962091200011, 16.47043633100003], [120.32983185500005, 16.469567129000037], [120.32994992800003, 16.46875763900004], [120.329967699, 16.46831304000005], [120.33008405300008, 16.467945586000045], [120.3302872180001, 16.466865331000065], [120.33031614900005, 16.466443456000036], [120.33037450100005, 16.466219984000073], [120.33050724200008, 16.465330146000042], [120.33057452600008, 16.465014227000037], [120.33053107600006, 16.464652827000062], [120.3306394350001, 16.463826532000038], [120.33069515700004, 16.46290066800003], [120.33074970500003, 16.462373958000057], [120.33086018000007, 16.461880639000068], [120.33083362800005, 16.461140904000047], [120.33091489000003, 16.460822785000058], [120.33098773800009, 16.46032339800007], [120.33116696800006, 16.459445096000024], [120.33125802900008, 16.459133799000032], [120.33145887500007, 16.45914178600003], [120.33702547700011, 16.459993745000077], [120.3445747180001, 16.462177074000067], [120.34858325100002, 16.462294164000074], [120.3572862090001, 16.462562823000038], [120.361268718, 16.462689924000067], [120.37006065000004, 16.462985639000063], [120.38589641000011, 16.463507181000065], [120.384686008, 16.479910612000026], [120.3838810000001, 16.490640753000033], [120.38057634200004, 16.50945908800002], [120.3786044950001, 16.516885325000025], [120.37527631800005, 16.52078065300003], [120.37283378100007, 16.52967450100004], [120.36895738200008, 16.543796235000055], [120.36690241800011, 16.551259707000042], [120.36862686400002, 16.561095788000046]]]}','2025-10-03 19:24:59.000000','2025-10-03 19:24:59.000000',7),(103308000,'Burgos',36.0000,38.0000,'{\"type\": \"Polygon\", \"coordinates\": [[[120.47172054100008, 16.47964626600003], [120.47137154200004, 16.48075853300003], [120.47133361500006, 16.48173785000006], [120.47103481500004, 16.483352984000078], [120.47124489000011, 16.487610331000035], [120.46956378100002, 16.493671111000026], [120.46939161300008, 16.495564955000077], [120.4673463900001, 16.502706239000076], [120.46812209800011, 16.505134229000078], [120.46917073400004, 16.50831595300002], [120.46914610300007, 16.508478518000064], [120.4692594060001, 16.50864108300004], [120.469554979, 16.50870512400007], [120.47012642000003, 16.508966213000065], [120.47023479600011, 16.509222377000068], [120.47904665800003, 16.522822865000023], [120.478868067, 16.52421587200007], [120.47965826300002, 16.525426253000035], [120.4779695630001, 16.528424569000034], [120.47820839000008, 16.52999621600003], [120.48809029900006, 16.540866315000073], [120.49326212200003, 16.54365854400004], [120.5126313620001, 16.550257849000044], [120.51274658400007, 16.551467681000073], [120.51290021400006, 16.551966977000063], [120.51331949400004, 16.552711653000074], [120.51357554300012, 16.55295916700004], [120.51385719700012, 16.55330910100002], [120.51402789600002, 16.553667569000027], [120.5142924810001, 16.554495461000045], [120.51463387900003, 16.555161189000046], [120.515060628, 16.55607443100007], [120.51569221600005, 16.55661213400003], [120.5160165440001, 16.557013278000056], [120.51624698900002, 16.557448561000054], [120.51635794300012, 16.55802040400004], [120.515931195, 16.558882436000026], [120.51527400200006, 16.559616444000024], [120.51460827400001, 16.560222426000056], [120.51394254700006, 16.56073452500004], [120.51349872800006, 16.56131490300004], [120.5133821280001, 16.562263120000065], [120.51358759300001, 16.562618015000055], [120.51396116600007, 16.56284215800002], [120.51446549000002, 16.56302894500004], [120.51447482900004, 16.563411857000062], [120.51465227600012, 16.563673359000067], [120.51534338700004, 16.56400023500004], [120.51552083400009, 16.564252397000075], [120.51567026300006, 16.56457927400004], [120.51591308600007, 16.56538245600007], [120.51602515800005, 16.566017530000067], [120.51631467700008, 16.56665260500006], [120.51680966100004, 16.567586538000054], [120.51708050200011, 16.568623203000076], [120.51706182300006, 16.569230260000037], [120.5168750370001, 16.569940049000028], [120.51651080300009, 16.570603141000053], [120.51592242500011, 16.571051429000022], [120.51460558000008, 16.571396984000042], [120.51391446900006, 16.571471699000032], [120.51311128700002, 16.571481038000062], [120.51203773400003, 16.571698316000035], [120.51186679500006, 16.571380858000055], [120.51076790000002, 16.57037964200003], [120.50976668400007, 16.56950052600007], [120.50925386600011, 16.568133012000033], [120.50905850700009, 16.566863178000062], [120.50904324500006, 16.565410194000037], [120.50777951500005, 16.564256354000058], [120.50519711200003, 16.56365196200005], [120.5034938240001, 16.56310251400004], [120.50140592300012, 16.56354207200007], [120.495969445, 16.566081741000062], [120.48296165300007, 16.567068977000073], [120.47692858900008, 16.56167085000004], [120.47219852, 16.561569951000028], [120.46827644300004, 16.560290116000036], [120.46538649100013, 16.559546985000054], [120.4627855350001, 16.55896899500004], [120.46084513900009, 16.558638715000026], [120.4525547620001, 16.56000768800004], [120.45250014300008, 16.55889759300004], [120.45226395200007, 16.557173402000046], [120.45160261800002, 16.55471702000006], [120.45063423700003, 16.55282749500003], [120.44968947500001, 16.55216616200005], [120.44959499900006, 16.551103304000033], [120.45004376100007, 16.550087685000054], [120.45004139900004, 16.547343688000073], [120.44963495800006, 16.54775980700003], [120.44901561800008, 16.547943674000066], [120.44805757700011, 16.547972705000063], [120.44711889000008, 16.548050123000056], [120.44662535400003, 16.54791464200002], [120.44651890500005, 16.547740453000074], [120.44649955100009, 16.547498523000062], [120.44636407000007, 16.547198531000053], [120.446141495, 16.546375970000046], [120.44618988100002, 16.54571792200005], [120.44628665300002, 16.54524374000005], [120.44649955100009, 16.544876007000024], [120.44719630800013, 16.544227636000073], [120.447307517, 16.544023838000047], [120.44766987000003, 16.54240972000002], [120.44747222300008, 16.541652073000023], [120.44704398800003, 16.540630897000028], [120.44658281100011, 16.54020266200007], [120.44602281200002, 16.53974148500004], [120.4450675170001, 16.53928030900005], [120.44460634100005, 16.538423838000025], [120.44437575300002, 16.537633250000045], [120.44496869400007, 16.537106191000078], [120.4463192820001, 16.53700736800005], [120.4478345760001, 16.53700736800004], [120.44852634100005, 16.537040309000076], [120.44918516400003, 16.536710897000034], [120.44921810500011, 16.535920309000062], [120.44849340000007, 16.535426191000052], [120.44737340000005, 16.53512972100003], [120.44615457600003, 16.53486619100005], [120.44434281200007, 16.534668544000056], [120.44365104700012, 16.53433913300006], [120.44312398800002, 16.53354854500003], [120.44302516500012, 16.53239560300005], [120.4434204590001, 16.531736780000077], [120.44473810600005, 16.531012074000042], [120.44575928200005, 16.530781486000024], [120.44641095700001, 16.530978279000063], [120.4465805210001, 16.53120436400008], [120.44738594800003, 16.531826097000078], [120.44790876900004, 16.53205218200003], [120.44865767400006, 16.53216522400004], [120.44895441100006, 16.531741315000033], [120.44909571400002, 16.531317406000028], [120.44918049600005, 16.53080871500003], [120.4489402800001, 16.530582630000026], [120.44810659300002, 16.530483718000024], [120.4478946380001, 16.53020111200004], [120.44786637800007, 16.52976307300003], [120.44735768700004, 16.52907068900004], [120.44706095100004, 16.528915255000072], [120.44669356300005, 16.528971776000052], [120.4463261750001, 16.52914134000002], [120.44561966000002, 16.52952285800006], [120.44529810600012, 16.529397957000068], [120.44463928200003, 16.529068545000023], [120.44401340000002, 16.52798148600004], [120.44332163500007, 16.526927369000074], [120.44249810600002, 16.52623560400002], [120.44174045900002, 16.52610383900003], [120.44121340000004, 16.526268545000054], [120.44075222400012, 16.526762663000056], [120.44058751800004, 16.527256780000076], [120.44062045900012, 16.527948545000072], [120.4403898710001, 16.52840972100006], [120.43982987100004, 16.528475604000047], [120.43933575300002, 16.528080310000064], [120.43894045900004, 16.527256780000073], [120.43903928300006, 16.526070898000057], [120.43906018600002, 16.525108818000035], [120.43898226200008, 16.524582833000064], [120.43886537700008, 16.524076329000028], [120.43890433900003, 16.52366722900007], [120.43898226200008, 16.52337501500006], [120.4393329190001, 16.52298539600002], [120.43950824800004, 16.522849030000028], [120.43974201900006, 16.522849030000035], [120.43999527100004, 16.52298539600002], [120.44022904200007, 16.523219167000036], [120.44046281300007, 16.523375015000052], [120.44071606600004, 16.523433458000056], [120.44112516500002, 16.523297091000078], [120.44221718000006, 16.521662857000027], [120.44236436900006, 16.521411769000053], [120.44246826800008, 16.52109141600005], [120.44254619100002, 16.520667165000074], [120.4424422930001, 16.52008706600003], [120.44197475100009, 16.519879269000054], [120.44126477900011, 16.51996585100005], [120.44097040000007, 16.52008706600003], [120.44044225000005, 16.520468026000053], [120.44007860600006, 16.520892278000073], [120.43977556900005, 16.521316529000043], [120.43949850700005, 16.52142908600007], [120.43884048400002, 16.521359820000047], [120.438606713, 16.521143365000057], [120.4384595240001, 16.520926911000057], [120.43836428400006, 16.520571925000073], [120.43835562600007, 16.520216939000022], [120.43852878900009, 16.51968013100003], [120.4388491430001, 16.519333803000052], [120.4394032670001, 16.518848944000066], [120.43968898700007, 16.518658464000055], [120.44061216700005, 16.518325123000068], [120.44125936700004, 16.51801559300003], [120.44165331500007, 16.517396532000074], [120.44201912400001, 16.516608636000058], [120.44224423700008, 16.51584888000002], [120.44218795900007, 16.51520168000007], [120.44190656700005, 16.514076115000023], [120.44128750600011, 16.51328821900006], [120.44140418700009, 16.51303970300006], [120.44132486, 16.51245797000007], [120.44182726500004, 16.51154130000003], [120.4419947340001, 16.511012452000042], [120.442109318, 16.510307321000028], [120.44205643300006, 16.51004289700006], [120.441809637, 16.509857800000077], [120.44123671800003, 16.509522863000026], [120.44026716300004, 16.50910859900006], [120.43975594400001, 16.509126227000024], [120.43950914800007, 16.509258439000064], [120.43912132600009, 16.509364209000065], [120.438865716, 16.50932895200003], [120.43863654800009, 16.50918792600004], [120.438566035, 16.508888245000037], [120.43852196500005, 16.50821837100005], [120.43910259600013, 16.506849977000055], [120.43945956800009, 16.50619552700004], [120.43985620400007, 16.505560909000053], [120.44014732900007, 16.505204542000058], [120.44057061, 16.50503413000007], [120.4410048840001, 16.50502313600003], [120.44141717000004, 16.50517155900008], [120.4420218560001, 16.505726770000024], [120.4426265420001, 16.506364439000038], [120.44297835900011, 16.50651286200002], [120.44342362800013, 16.506600816000056], [120.4436764960001, 16.506562336000062], [120.44390187900002, 16.50638642800004], [120.44395685100005, 16.50606759300007], [120.44387989100007, 16.50568829000002], [120.44363251900006, 16.505237525000044], [120.44308074300012, 16.504671319000067], [120.44253652600003, 16.504423947000078], [120.44185625400006, 16.504052890000025], [120.44150993400001, 16.50365709500005], [120.44139861700012, 16.50312524700007], [120.44134914300004, 16.502432606000063], [120.44138624800009, 16.50188838900004], [120.44151884400004, 16.501365925000073], [120.44188539400011, 16.500825747000018], [120.4422133590001, 16.500652119000048], [120.44265707700005, 16.500709995000022], [120.44294645800007, 16.50096079200006], [120.44327442300005, 16.501520262000042], [120.44340946700004, 16.501886811000073], [120.44369884900004, 16.502156900000045], [120.4441425660001, 16.502176193000025], [120.44456699200009, 16.50198327200007], [120.44477920500003, 16.501597430000054], [120.44493354100007, 16.501076544000053], [120.44512646200008, 16.500246985000043], [120.44520363000005, 16.499706807000045], [120.44506858600005, 16.49920521300004], [120.44504929400013, 16.498568575000036], [120.44516504600006, 16.497603971000046], [120.44549301100007, 16.496890164000032], [120.445473719, 16.496157065000034], [120.44543513500003, 16.495790516000053], [120.44549301100007, 16.494960957000046], [120.44599460500002, 16.494054229000028], [120.44612965000012, 16.49366838800006], [120.44618752600003, 16.493301838000033], [120.44616823400007, 16.492838828000057], [120.44611035800006, 16.492530155000054], [120.44607177400007, 16.491700596000044], [120.44618752600003, 16.491237586000064], [120.44641903100013, 16.490851745000043], [120.44684345700011, 16.490639532000046], [120.44823248600005, 16.490485195000076], [120.44873408, 16.490369443000077], [120.4492356740001, 16.490022186000033], [120.44954434700003, 16.489443423000065], [120.44969868400005, 16.488883953000027], [120.44969868400005, 16.48845952800002], [120.44960222300006, 16.487957934000065], [120.44964080800004, 16.48759138400004], [120.449775852, 16.487186251000026], [120.45020027800001, 16.487031914000053], [120.45089479200011, 16.48689687000006], [120.45138677800003, 16.48687010300006], [120.45167343800006, 16.486602554000054], [120.4523040900001, 16.48591456900004], [120.45280096800003, 16.485914569000045], [120.45339339900009, 16.48635411500004], [120.45373739100012, 16.486507], [120.45417693700004, 16.486507], [120.4546164830001, 16.486430558000052], [120.45492225400005, 16.486105676000022], [120.45511336000004, 16.485341249000044], [120.45497958600004, 16.48507369900005], [120.45475025700011, 16.484863482000037], [120.45465470400008, 16.48463415400005], [120.45465470400008, 16.484366604000055], [120.45486492100008, 16.484041723000068], [120.45517069200002, 16.48398439000005], [120.45545735300003, 16.484137276000073], [120.45582045500011, 16.484404825000066], [120.45622178000008, 16.484634154000045], [120.45662310400009, 16.48469148600003], [120.45723464600009, 16.484672375000056], [120.4577888560001, 16.484232829000064], [120.4584768400001, 16.483544845000036], [120.45903105000002, 16.48341107000005], [120.4595470380001, 16.483353738000062], [120.46023502300012, 16.483468402000028], [120.460655458, 16.48377417300003], [120.46130522100009, 16.483946169000035], [120.46180209800002, 16.483888837000052], [120.4632736210001, 16.48314352100004], [120.46487891800008, 16.48224531900007], [120.46512735700004, 16.481920437000046], [120.46560512400005, 16.481652887000052], [120.46621666600005, 16.48161466600004], [120.46684731800009, 16.481671998000024], [120.4672677530001, 16.48127067400003], [120.46763085600004, 16.48104134600004], [120.46791751600006, 16.480812018000044], [120.46862461100012, 16.480506247000054], [120.469312596, 16.48012403300003], [120.4697712520001, 16.479818262000038], [120.47130010600006, 16.47974181900002], [120.47172054100008, 16.47964626600003]]]}','2025-10-03 19:24:59.000000','2025-10-03 19:24:59.000000',8),(103309000,'Caba',46.0000,28.0000,'{\"type\": \"Polygon\", \"coordinates\": [[[120.42619161800009, 16.45628240500002], [120.42555796700002, 16.45634650300008], [120.4250299360001, 16.456443772000053], [120.42395997800008, 16.456582728000054], [120.42279275100009, 16.45676337000003], [120.42218134600012, 16.456832848000033], [120.42147267300004, 16.45694401200006], [120.42083347700007, 16.457069072000028], [120.4201803860001, 16.457152446000062], [120.41855460600004, 16.45740256600004], [120.41798488800009, 16.457458148000057], [120.41608119600005, 16.457749955000054], [120.41521967100003, 16.457847224000034], [120.41470553600004, 16.457930597000022], [120.4132465020001, 16.45811123900006], [120.41225991700004, 16.458250195000062], [120.41085646600006, 16.45848641900005], [120.40831357900004, 16.458819913000067], [120.40643767800009, 16.459097824000025], [120.4050504380001, 16.459338680000034], [120.40370874500002, 16.459520866000048], [120.40190541000005, 16.45979877800005], [120.40115813800003, 16.459891415000072], [120.39994854500004, 16.46006961200004], [120.39960337900004, 16.460357688000048], [120.39887309000004, 16.46091042200004], [120.39841608100006, 16.461280971000065], [120.39712883100005, 16.46246509200006], [120.39638115600009, 16.463111730000037], [120.39613112000008, 16.463280530000073], [120.3955526520001, 16.46254592200006], [120.3953462290001, 16.462317255000073], [120.39461300700009, 16.46250550700006], [120.39426948100005, 16.462556026000065], [120.39354201400012, 16.46272778900004], [120.39291420400002, 16.46283422800007], [120.39171324200004, 16.462970278000057], [120.38995519700006, 16.46311173000004], [120.38842953700008, 16.463293596000028], [120.38760103200002, 16.46337442600003], [120.38714636600002, 16.463394634000057], [120.38589641000011, 16.463507181000065], [120.37006065000004, 16.462985639000063], [120.361268718, 16.462689924000067], [120.3572862090001, 16.462562823000038], [120.34858325100002, 16.462294164000074], [120.3445747180001, 16.462177074000067], [120.33702547700011, 16.459993745000077], [120.33145887500007, 16.45914178600003], [120.33125802900008, 16.459133799000032], [120.33141041300006, 16.458612863000038], [120.33188382300011, 16.45673942400003], [120.33187997400012, 16.456633990000054], [120.33203236000008, 16.455955048000074], [120.33212370600006, 16.454561153000046], [120.33224436400008, 16.453710157000046], [120.3322542620001, 16.453364660000034], [120.33233233500005, 16.452962914000064], [120.33250848700003, 16.452886757000044], [120.33260251100013, 16.452473788000074], [120.33275037700002, 16.45211887000005], [120.3328913370001, 16.451453784000027], [120.33299590600006, 16.45053807900007], [120.33302200800004, 16.449674283000036], [120.3331439420001, 16.449146334000034], [120.33317047500007, 16.448606473000044], [120.33312761800006, 16.448175888000037], [120.33322169800012, 16.447452079000072], [120.333366199, 16.446936696000023], [120.33337579300007, 16.446695650000034], [120.33349196600011, 16.44667776900008], [120.33356245400012, 16.44604945000003], [120.333704247, 16.44511274000007], [120.33371034700008, 16.44478127200006], [120.33387646000007, 16.444044315000045], [120.33394774500006, 16.443279215000075], [120.3340129390001, 16.44289111800004], [120.33402513100009, 16.442450444000023], [120.33413414600011, 16.441773029000046], [120.33411787000011, 16.441663103000053], [120.33422777700004, 16.440884273000055], [120.33427955000003, 16.440201223000035], [120.33432240800003, 16.43915043000004], [120.33433773400009, 16.43818850600007], [120.33449930800008, 16.437314828000066], [120.33451052100008, 16.436549162000055], [120.33447688900003, 16.436211060000055], [120.33453537000003, 16.435593118000043], [120.33453235700007, 16.435031542000043], [120.33460561200003, 16.434734035000076], [120.33459132600002, 16.434185745000036], [120.33466027100008, 16.433905739000068], [120.33462778800002, 16.433607377000044], [120.33464955700003, 16.432951772000028], [120.33469769400006, 16.43259028400007], [120.33468699200012, 16.43193998600003], [120.33471454400002, 16.43134799100005], [120.3346381560001, 16.43090219900006], [120.33458913800007, 16.430372508000058], [120.33461108400002, 16.429959101000073], [120.334588874, 16.42919962600007], [120.334468881, 16.428387495000035], [120.3345181750001, 16.42814627300004], [120.33443368600001, 16.426540937000023], [120.33434253500002, 16.42445590100004], [120.33432206300006, 16.424329071000045], [120.33436641000002, 16.423404363000035], [120.33425101300008, 16.42172595400007], [120.33413731900009, 16.421353914000065], [120.33414168300011, 16.420436239000026], [120.33405463400004, 16.419967357000075], [120.3339882050001, 16.41926291900006], [120.33368619600004, 16.417930089000038], [120.33368615200004, 16.417607407000048], [120.33353920400009, 16.417075683000064], [120.33341718400004, 16.416303824000067], [120.33331289600005, 16.41590389400005], [120.33328916300002, 16.41557667100005], [120.33317921400011, 16.41521740700006], [120.33436915200002, 16.41481041600002], [120.33502172600004, 16.414865744000053], [120.33986082500009, 16.415227952000063], [120.34396355600006, 16.41554547400006], [120.34756318600012, 16.41585446500005], [120.34904486100005, 16.415843786000043], [120.34963300200003, 16.41581017800007], [120.3503555750001, 16.41582698200006], [120.35126299200009, 16.41577657000005], [120.35191120700006, 16.415780155000053], [120.35286397300001, 16.416100561000057], [120.35368277200008, 16.416028630000024], [120.35437173700006, 16.41591100200003], [120.35519130600005, 16.41582322300007], [120.35658754500004, 16.415605060000075], [120.35717798400003, 16.415533938000063], [120.3584551150001, 16.415524509000022], [120.35933639300004, 16.415474163000052], [120.36072365900009, 16.41555811700005], [120.36168148800003, 16.415541313000062], [120.36260571000003, 16.41557492100003], [120.36440374100006, 16.41555811700004], [120.36522713800002, 16.41552450900002], [120.36598331900005, 16.415541313000062], [120.36648744000001, 16.415490901000055], [120.36726042500004, 16.41547409700007], [120.36875598300003, 16.41539007700004], [120.37194874800004, 16.415289253000022], [120.37260568300009, 16.415279334000047], [120.37320905000001, 16.415339665000033], [120.3739316240001, 16.415306057000066], [120.37485584500008, 16.415289253000022], [120.37566243800005, 16.41525564500006], [120.37655305200009, 16.415272449000042], [120.37739325300004, 16.41520523300005], [120.37781335400005, 16.41527244900004], [120.37841829900002, 16.415255645000055], [120.37905685200006, 16.415272449000046], [120.37949460700008, 16.415212368000027], [120.38070364600004, 16.415457293000028], [120.381174159, 16.41560852900005], [120.38230002900002, 16.415860590000023], [120.38372837100007, 16.416196670000037], [120.38401403900002, 16.41629749400005], [120.3850726930001, 16.416482339000023], [120.38613134700006, 16.41673439900006], [120.38708697200002, 16.41691886700005], [120.38888720700004, 16.417339344000023], [120.38949215200013, 16.417456972000025], [120.39117969900006, 16.417839103000055], [120.39174146900007, 16.418281738000076], [120.39275213300004, 16.41849882200006], [120.39391161100004, 16.418700470000033], [120.39569283800006, 16.419120571000065], [120.397521072, 16.41963501600003], [120.40042871700008, 16.42052606800007], [120.40206156400008, 16.42103623000003], [120.4034301580001, 16.421370224000047], [120.40407970600005, 16.42156073600006], [120.40468299200008, 16.42177560700003], [120.40581567200002, 16.42208657200007], [120.41643549900004, 16.42785444400005], [120.43139860400002, 16.435863982000054], [120.42831654400004, 16.446195528000032], [120.42742960300006, 16.447605910000053], [120.4262105270001, 16.44936385500006], [120.4261157950001, 16.450453277000065], [120.42616316100009, 16.45159006500006], [120.42616316100009, 16.453011051000036], [120.4261276850001, 16.45467903600007], [120.42616937200013, 16.455207067000053], [120.42619161800009, 16.45628240500002]]]}','2025-10-03 19:24:59.000000','2025-10-03 19:24:59.000000',9),(103310000,'Luna',40.0000,34.0000,'{\"type\": \"Polygon\", \"coordinates\": [[[120.43578240100008, 16.843001620000052], [120.435790085, 16.843346035000025], [120.43566637900007, 16.843659066000047], [120.4355169470001, 16.844237673000062], [120.43512264200001, 16.84433840600008], [120.43503629000008, 16.844433674000072], [120.43503072400004, 16.84471403100002], [120.43494752900007, 16.84490370300006], [120.43462178900006, 16.844974293000064], [120.43423529300004, 16.844899793000017], [120.43381635300011, 16.844980711000062], [120.43317604000003, 16.845916711000026], [120.43303836000008, 16.846739205000063], [120.43262503300002, 16.84734375000005], [120.43256341900009, 16.847685705000053], [120.4321163950001, 16.848500434000066], [120.43162442500012, 16.84928238200007], [120.43122795400005, 16.849957311000022], [120.43098765, 16.850146993000067], [120.43084797900008, 16.850125266000077], [120.43046416300001, 16.849820397000023], [120.43024004500012, 16.849808015000058], [120.43007767200005, 16.849904414000033], [120.42986662400007, 16.85019978200006], [120.42954183100004, 16.85026825100004], [120.429291755, 16.85038332800008], [120.42868297000007, 16.85091495900002], [120.42868610500012, 16.851225319000037], [120.42855757300003, 16.851416550000067], [120.4283475320001, 16.851457305000057], [120.42808733200002, 16.851322502000073], [120.42757947100006, 16.85148551900005], [120.42758887600007, 16.851610917000073], [120.42776129800008, 16.851780204000022], [120.42758574100004, 16.852159531000037], [120.42703712600007, 16.852234770000052], [120.42696815700003, 16.852410327000026], [120.426620178, 16.852510645000052], [120.42634116800002, 16.852498105000045], [120.42615620700008, 16.852654852000057], [120.4259022770001, 16.85255453500002], [120.42569850600012, 16.85269874200003], [120.42549473400005, 16.852999696000037], [120.42531604300008, 16.853005966000072], [120.42513421600006, 16.852852354000046], [120.42462322000006, 16.852864894000046], [120.42449155300005, 16.85294953700003], [120.42388964400003, 16.85290251300006], [120.42313098800003, 16.85292759300006], [120.42284884300012, 16.85284294900004], [120.42264820700007, 16.853046720000066], [120.42227828400006, 16.85320346800006], [120.42168578000008, 16.853379024000045], [120.4212343480001, 16.85361728000003], [120.42089263900006, 16.853937044000077], [120.420256246, 16.854363396000053], [120.41996469600006, 16.854764669000073], [120.41966687700005, 16.85545749100004], [120.41964493200011, 16.85581487400003], [120.41951007700004, 16.856134500000056], [120.41632604200004, 16.862218547000058], [120.41583154600004, 16.86324841600003], [120.4155433090001, 16.863764661000058], [120.41491521200008, 16.864990741000046], [120.41468720400006, 16.865390831000067], [120.41444037500003, 16.86569304900007], [120.41410212700009, 16.865984512000065], [120.41322451100007, 16.86658249500004], [120.41222505200004, 16.86720461700003], [120.41152947700006, 16.86774562000005], [120.41088542600006, 16.868312385000024], [120.41042170900005, 16.86913677000007], [120.40975189600012, 16.870038442000066], [120.40910784500012, 16.87073401700007], [120.40864128400005, 16.87157732900005], [120.408323772, 16.872011626000077], [120.40738583600013, 16.87297146000003], [120.40633476300003, 16.873810858000066], [120.40574718500011, 16.87443128300003], [120.40556835600012, 16.874562667000074], [120.40486092900005, 16.87482342100003], [120.40416692600003, 16.875449510000067], [120.40379832100007, 16.875690381000023], [120.403466211, 16.87581081600006], [120.40299541800005, 16.87611008000005], [120.40243703600005, 16.87665021400005], [120.40186770500009, 16.87700057200004], [120.40134216800003, 16.87737647600005], [120.40099181100004, 16.877792526000064], [120.40089692200003, 16.878004200000078], [120.40081298300004, 16.87837645500002], [120.39970729600007, 16.879166204000054], [120.39850970600004, 16.88004049700004], [120.3986770030001, 16.880203730000055], [120.39860281900006, 16.880314500000054], [120.39798862300006, 16.879663127000075], [120.3975666560001, 16.879312911000056], [120.39717695600008, 16.87892602900007], [120.39625872700002, 16.878171734000038], [120.39589631200009, 16.877895355000074], [120.395266106, 16.87747294600007], [120.3945242110001, 16.87694745600004], [120.39403708800012, 16.87651308300008], [120.39327005000007, 16.875959540000053], [120.39261871200006, 16.875624628000033], [120.3923165220001, 16.87541974000004], [120.39191237400007, 16.87494700300004], [120.39152696200006, 16.87429451500003], [120.39123146800013, 16.874025600000046], [120.39091743800009, 16.873668191000036], [120.39043895800012, 16.87323928000006], [120.38981452200007, 16.87273879300005], [120.38893104700004, 16.871865902000025], [120.38861564500006, 16.871590736000027], [120.38757664300009, 16.87074556600004], [120.38707067000006, 16.87031255000005], [120.38614572000007, 16.86944237200004], [120.38594957600003, 16.869215198000063], [120.38525845200002, 16.868596557000046], [120.38440490500012, 16.867788089000044], [120.38361965400009, 16.86710325400003], [120.38320996500009, 16.866714536000067], [120.38248521600009, 16.865868249000073], [120.38152356500008, 16.86502047300007], [120.38092013700009, 16.864436338000075], [120.38012519200004, 16.863697123000065], [120.37915495300001, 16.862853571000073], [120.37839785000004, 16.862134694000076], [120.377317, 16.861175288000023], [120.37651087300003, 16.86043314900007], [120.37547533200008, 16.859414112000024], [120.37463929900002, 16.85872406300007], [120.37349629100004, 16.857718180000067], [120.37299283400013, 16.857335412000058], [120.37201379700002, 16.85671943000006], [120.37088070900008, 16.85611979700008], [120.37057310200011, 16.85598480600004], [120.36985514700008, 16.855607855000073], [120.36894567200011, 16.85520736500007], [120.36778040400009, 16.854515627000065], [120.36685832, 16.85402024600006], [120.36520588600001, 16.853250325000033], [120.36449326300009, 16.85287935700006], [120.36290951100013, 16.851982202000045], [120.36251933500012, 16.851704289000057], [120.36182505600003, 16.851285518000054], [120.36096784700011, 16.850859485000065], [120.35949808400005, 16.85025731700005], [120.35838610000008, 16.84986432000005], [120.3577393830001, 16.849671344000058], [120.35698005000006, 16.849412621000052], [120.35569751000004, 16.84902174500007], [120.35487854200005, 16.848798867000028], [120.35451796600012, 16.84872323500002], [120.3537675980001, 16.84861734100002], [120.35301351300006, 16.84857399300006], [120.35172507500009, 16.848416789000055], [120.35097139700008, 16.84829873700005], [120.3503798060001, 16.84817144200002], [120.34999142200003, 16.848141333000058], [120.34943620000003, 16.84803530800002], [120.34897985100008, 16.84780740700006], [120.34873096200009, 16.84763332500006], [120.34823570200001, 16.847394700000052], [120.34781696700009, 16.847364586000023], [120.347168656, 16.847166285000068], [120.34667766500003, 16.846879652000034], [120.34612972800004, 16.846601088000057], [120.34565016900001, 16.846268755000036], [120.34524377700006, 16.845879638000042], [120.34454633900009, 16.84560510600005], [120.34419495100009, 16.845217482000063], [120.3437466800001, 16.844775547000044], [120.34351505300003, 16.84459005100007], [120.34316491900007, 16.844398483000074], [120.34267178000005, 16.844209441000032], [120.34238906600002, 16.84400433700006], [120.34182908900004, 16.84351299700006], [120.34158711800002, 16.84336559000008], [120.34092663600006, 16.842879616000058], [120.34045747500011, 16.842368718000046], [120.33996866000008, 16.841877440000076], [120.33984358400005, 16.841812343000065], [120.3397430780001, 16.841568017000046], [120.33897637200006, 16.840956196000036], [120.33880143200007, 16.840877751000047], [120.33811901000001, 16.84035183600002], [120.33803309900009, 16.840146468000054], [120.3374776300001, 16.83958719900005], [120.33685511400006, 16.83878800800005], [120.33652214100006, 16.838423337000055], [120.335887714, 16.83754745900006], [120.33550452000009, 16.837084124000057], [120.33528829000012, 16.83673898400002], [120.3349758290001, 16.836074048000054], [120.33475123100006, 16.835533059000053], [120.3346000160001, 16.834961940000024], [120.334327088, 16.834389175000062], [120.33410798500005, 16.83337269200007], [120.3339623070001, 16.832996149000056], [120.33372442700012, 16.831880662000057], [120.3334870130001, 16.83132739900003], [120.33338059100004, 16.83116487400002], [120.33275882500004, 16.830511928000025], [120.33229258200004, 16.82987202700002], [120.33215198500011, 16.829601623000027], [120.33210808400008, 16.829324256000064], [120.3321347750001, 16.828730648000032], [120.33208400800002, 16.828343980000056], [120.33208347200002, 16.827945720000056], [120.33199809000006, 16.827552703000038], [120.33208469600004, 16.82713589000002], [120.33222082600003, 16.82684266600006], [120.33224888200006, 16.826389301000063], [120.33237696000003, 16.82562600400007], [120.33258503900005, 16.825317713000057], [120.33276868600002, 16.82449429500002], [120.33291160500005, 16.824257101000057], [120.33297721500004, 16.82391118400005], [120.33317273000011, 16.82315724800003], [120.33353557100007, 16.82278859900003], [120.33385201300008, 16.822675643000025], [120.3343712410001, 16.822426740000026], [120.334650882, 16.822404326000026], [120.33489032400007, 16.82218126400005], [120.33501085600004, 16.82196002500007], [120.33506497600001, 16.821657253000062], [120.33506515300007, 16.821251853000035], [120.33501968900009, 16.820752973000026], [120.33485238300013, 16.820306473000073], [120.33467531000008, 16.82004094000007], [120.33422587100004, 16.819509397000047], [120.33388554300006, 16.819232526000064], [120.334223027, 16.818967937000025], [120.33499028600012, 16.818657380000047], [120.33542872000011, 16.818346822000024], [120.33571148400006, 16.81802745300007], [120.33544209900005, 16.817798229000058], [120.33537279900008, 16.817507474000028], [120.34080851400006, 16.813333321000073], [120.33962736700005, 16.80996443800007], [120.3419940780001, 16.80871627500005], [120.34871457200006, 16.805193443000064], [120.34900102200004, 16.804984452000042], [120.35421886300003, 16.801054259000068], [120.35690322800008, 16.801106652000044], [120.3586302330001, 16.801116921000073], [120.36413804600011, 16.801588028000026], [120.37385111700007, 16.812339821000023], [120.37686147000011, 16.81580963400006], [120.37679669600004, 16.81593918300007], [120.37708724600007, 16.81619002800005], [120.384356194, 16.824398552000048], [120.38470030200006, 16.82637717700004], [120.3850634470001, 16.82799643800007], [120.38575720800009, 16.827741322000065], [120.38590468300002, 16.828908834000057], [120.38548225400008, 16.829108009000038], [120.38568693500008, 16.829725198000066], [120.38745317200005, 16.829289812000066], [120.38791007600004, 16.83075804600003], [120.3875327830001, 16.831663382000045], [120.3882839050001, 16.83178931000003], [120.38950614300005, 16.831272266000042], [120.39077282700008, 16.830872260000035], [120.39137283600007, 16.830525589000047], [120.39177284100003, 16.830538922000073], [120.39201284400009, 16.83061892300003], [120.39221284700012, 16.830898927000074], [120.3920592090001, 16.831326567000072], [120.39238766400001, 16.831358193000025], [120.39283211500002, 16.83214635200005], [120.39315211900008, 16.832075239000062], [120.393359529, 16.83211672200002], [120.39342173600005, 16.832234011000022], [120.3943373200001, 16.834896019000034], [120.39636511100004, 16.84128294400005], [120.39696329400012, 16.84221669900006], [120.39763024400008, 16.841482169000074], [120.39794437500008, 16.84126739100003], [120.39834837, 16.840890132000023], [120.39858018400002, 16.840197582000027], [120.39899635100005, 16.84022619400002], [120.3992878260001, 16.840062108000044], [120.39935764100005, 16.839842569000044], [120.39936512500002, 16.83916550600003], [120.399564541, 16.838783734000067], [120.399905869, 16.838558016000036], [120.40036068100005, 16.838320327000076], [120.40100254900005, 16.83805828700002], [120.40150111400011, 16.837824424000075], [120.40173426400008, 16.837653947000035], [120.402244901, 16.837049291000028], [120.40244653900005, 16.836551632000063], [120.4026910780001, 16.836204128000077], [120.40288413600001, 16.836023941000064], [120.4032745410001, 16.835822303000043], [120.40351479000003, 16.835770821000043], [120.403948097, 16.835783692000067], [120.40447578700001, 16.835993910000074], [120.40472890700006, 16.836264191000055], [120.40493054500007, 16.836277061000033], [120.40582718900009, 16.836109745000044], [120.40608888900012, 16.83582659400002], [120.40643639300005, 16.835552023000048], [120.40663374000007, 16.835453349000037], [120.4072601050001, 16.835230261000053], [120.40756041600002, 16.83530319300007], [120.40775776400005, 16.835539153000074], [120.407882179, 16.83593384800003], [120.40780066600009, 16.836671756000044], [120.40783498700011, 16.83681333200008], [120.408152459, 16.837169415000062], [120.4096948360001, 16.840603992000066], [120.40897798500009, 16.841323690000024], [120.40977444700003, 16.84332917100005], [120.41019041900007, 16.84440529400007], [120.41286176500012, 16.848580746000042], [120.41349168600006, 16.84932968800007], [120.41453750100005, 16.848672583000052], [120.41482496100002, 16.84752346700003], [120.41662913100005, 16.847265823000043], [120.41768303600007, 16.84534672100006], [120.42364397300004, 16.84204638200003], [120.423828823, 16.84387128900005], [120.42459254700009, 16.843565800000018], [120.42507533700008, 16.84434219600007], [120.427075756, 16.844055113000024], [120.43433238800003, 16.84308878600007], [120.43578240100008, 16.843001620000052]]]}','2025-10-03 19:24:59.000000','2025-10-03 19:24:59.000000',11),(103311000,'Naguilian',102.0000,50.0000,'{\"type\": \"Polygon\", \"coordinates\": [[[120.4525547620001, 16.56000768800004], [120.45000390300004, 16.563754261000035], [120.44896768600007, 16.57259960000005], [120.44832990300006, 16.57810283800006], [120.44367991900003, 16.58260566200005], [120.44222724300005, 16.58984984200004], [120.44028421100008, 16.59388296900005], [120.43624676400007, 16.596346328000042], [120.4280914310001, 16.59965538300002], [120.42576250600007, 16.601609903000053], [120.42312240600006, 16.602319409000078], [120.4075744260001, 16.60260535100002], [120.40606226300008, 16.589507323000078], [120.40520816900005, 16.58847290600005], [120.40412079400005, 16.587469175000027], [120.4028661310001, 16.583621542000056], [120.40294977500004, 16.58052670600006], [120.40085867000005, 16.57726458100007], [120.39843298800008, 16.574253390000028], [120.39475422700002, 16.567022481000034], [120.390179191, 16.562903809000034], [120.38676487000009, 16.563021623000058], [120.3806197880001, 16.56124091600003], [120.36862686400002, 16.561095788000046], [120.36690241800011, 16.551259707000042], [120.36895738200008, 16.543796235000055], [120.37283378100007, 16.52967450100004], [120.37527631800005, 16.52078065300003], [120.3786044950001, 16.516885325000025], [120.38057634200004, 16.50945908800002], [120.3838810000001, 16.490640753000033], [120.384686008, 16.479910612000026], [120.38589641000011, 16.463507181000065], [120.38714636600002, 16.463394634000057], [120.38760103200002, 16.46337442600003], [120.38842953700008, 16.463293596000028], [120.38995519700006, 16.46311173000004], [120.39171324200004, 16.462970278000057], [120.39291420400002, 16.46283422800007], [120.39354201400012, 16.46272778900004], [120.39426948100005, 16.462556026000065], [120.39461300700009, 16.46250550700006], [120.3953462290001, 16.462317255000073], [120.3955526520001, 16.46254592200006], [120.39613112000008, 16.463280530000073], [120.39638115600009, 16.463111730000037], [120.39712883100005, 16.46246509200006], [120.39841608100006, 16.461280971000065], [120.39887309000004, 16.46091042200004], [120.39960337900004, 16.460357688000048], [120.39994854500004, 16.46006961200004], [120.40115813800003, 16.459891415000072], [120.40190541000005, 16.45979877800005], [120.40370874500002, 16.459520866000048], [120.4050504380001, 16.459338680000034], [120.40643767800009, 16.459097824000025], [120.40831357900004, 16.458819913000067], [120.41085646600006, 16.45848641900005], [120.41225991700004, 16.458250195000062], [120.4132465020001, 16.45811123900006], [120.41470553600004, 16.457930597000022], [120.41521967100003, 16.457847224000034], [120.41608119600005, 16.457749955000054], [120.41798488800009, 16.457458148000057], [120.41855460600004, 16.45740256600004], [120.4201803860001, 16.457152446000062], [120.42083347700007, 16.457069072000028], [120.42147267300004, 16.45694401200006], [120.42218134600012, 16.456832848000033], [120.42279275100009, 16.45676337000003], [120.42395997800008, 16.456582728000054], [120.4250299360001, 16.456443772000053], [120.42555796700002, 16.45634650300008], [120.42619161800009, 16.45628240500002], [120.42932820600002, 16.457014604000047], [120.43380126200009, 16.459153891000028], [120.43632951000006, 16.461293178000062], [120.43961867300003, 16.46322711600004], [120.44196944900011, 16.464210388000023], [120.44642091800007, 16.468208631000046], [120.4520824430001, 16.474712344000068], [120.45244973100012, 16.480712594000067], [120.45089479200011, 16.48689687000006], [120.45020027800001, 16.487031914000053], [120.449775852, 16.487186251000026], [120.44964080800004, 16.48759138400004], [120.44960222300006, 16.487957934000065], [120.44969868400005, 16.48845952800002], [120.44969868400005, 16.488883953000027], [120.44954434700003, 16.489443423000065], [120.4492356740001, 16.490022186000033], [120.44873408, 16.490369443000077], [120.44823248600005, 16.490485195000076], [120.44684345700011, 16.490639532000046], [120.44641903100013, 16.490851745000043], [120.44618752600003, 16.491237586000064], [120.44607177400007, 16.491700596000044], [120.44611035800006, 16.492530155000054], [120.44616823400007, 16.492838828000057], [120.44618752600003, 16.493301838000033], [120.44612965000012, 16.49366838800006], [120.44599460500002, 16.494054229000028], [120.44549301100007, 16.494960957000046], [120.44543513500003, 16.495790516000053], [120.445473719, 16.496157065000034], [120.44549301100007, 16.496890164000032], [120.44516504600006, 16.497603971000046], [120.44504929400013, 16.498568575000036], [120.44506858600005, 16.49920521300004], [120.44520363000005, 16.499706807000045], [120.44512646200008, 16.500246985000043], [120.44493354100007, 16.501076544000053], [120.44477920500003, 16.501597430000054], [120.44456699200009, 16.50198327200007], [120.4441425660001, 16.502176193000025], [120.44369884900004, 16.502156900000045], [120.44340946700004, 16.501886811000073], [120.44327442300005, 16.501520262000042], [120.44294645800007, 16.50096079200006], [120.44265707700005, 16.500709995000022], [120.4422133590001, 16.500652119000048], [120.44188539400011, 16.500825747000018], [120.44151884400004, 16.501365925000073], [120.44138624800009, 16.50188838900004], [120.44134914300004, 16.502432606000063], [120.44139861700012, 16.50312524700007], [120.44150993400001, 16.50365709500005], [120.44185625400006, 16.504052890000025], [120.44253652600003, 16.504423947000078], [120.44308074300012, 16.504671319000067], [120.44363251900006, 16.505237525000044], [120.44387989100007, 16.50568829000002], [120.44395685100005, 16.50606759300007], [120.44390187900002, 16.50638642800004], [120.4436764960001, 16.506562336000062], [120.44342362800013, 16.506600816000056], [120.44297835900011, 16.50651286200002], [120.4426265420001, 16.506364439000038], [120.4420218560001, 16.505726770000024], [120.44141717000004, 16.50517155900008], [120.4410048840001, 16.50502313600003], [120.44057061, 16.50503413000007], [120.44014732900007, 16.505204542000058], [120.43985620400007, 16.505560909000053], [120.43945956800009, 16.50619552700004], [120.43910259600013, 16.506849977000055], [120.43852196500005, 16.50821837100005], [120.438566035, 16.508888245000037], [120.43863654800009, 16.50918792600004], [120.438865716, 16.50932895200003], [120.43912132600009, 16.509364209000065], [120.43950914800007, 16.509258439000064], [120.43975594400001, 16.509126227000024], [120.44026716300004, 16.50910859900006], [120.44123671800003, 16.509522863000026], [120.441809637, 16.509857800000077], [120.44205643300006, 16.51004289700006], [120.442109318, 16.510307321000028], [120.4419947340001, 16.511012452000042], [120.44182726500004, 16.51154130000003], [120.44132486, 16.51245797000007], [120.44140418700009, 16.51303970300006], [120.44128750600011, 16.51328821900006], [120.44190656700005, 16.514076115000023], [120.44218795900007, 16.51520168000007], [120.44224423700008, 16.51584888000002], [120.44201912400001, 16.516608636000058], [120.44165331500007, 16.517396532000074], [120.44125936700004, 16.51801559300003], [120.44061216700005, 16.518325123000068], [120.43968898700007, 16.518658464000055], [120.4394032670001, 16.518848944000066], [120.4388491430001, 16.519333803000052], [120.43852878900009, 16.51968013100003], [120.43835562600007, 16.520216939000022], [120.43836428400006, 16.520571925000073], [120.4384595240001, 16.520926911000057], [120.438606713, 16.521143365000057], [120.43884048400002, 16.521359820000047], [120.43949850700005, 16.52142908600007], [120.43977556900005, 16.521316529000043], [120.44007860600006, 16.520892278000073], [120.44044225000005, 16.520468026000053], [120.44097040000007, 16.52008706600003], [120.44126477900011, 16.51996585100005], [120.44197475100009, 16.519879269000054], [120.4424422930001, 16.52008706600003], [120.44254619100002, 16.520667165000074], [120.44246826800008, 16.52109141600005], [120.44236436900006, 16.521411769000053], [120.44221718000006, 16.521662857000027], [120.44112516500002, 16.523297091000078], [120.44071606600004, 16.523433458000056], [120.44046281300007, 16.523375015000052], [120.44022904200007, 16.523219167000036], [120.43999527100004, 16.52298539600002], [120.43974201900006, 16.522849030000035], [120.43950824800004, 16.522849030000028], [120.4393329190001, 16.52298539600002], [120.43898226200008, 16.52337501500006], [120.43890433900003, 16.52366722900007], [120.43886537700008, 16.524076329000028], [120.43898226200008, 16.524582833000064], [120.43906018600002, 16.525108818000035], [120.43903928300006, 16.526070898000057], [120.43894045900004, 16.527256780000073], [120.43933575300002, 16.528080310000064], [120.43982987100004, 16.528475604000047], [120.4403898710001, 16.52840972100006], [120.44062045900012, 16.527948545000072], [120.44058751800004, 16.527256780000076], [120.44075222400012, 16.526762663000056], [120.44121340000004, 16.526268545000054], [120.44174045900002, 16.52610383900003], [120.44249810600002, 16.52623560400002], [120.44332163500007, 16.526927369000074], [120.44401340000002, 16.52798148600004], [120.44463928200003, 16.529068545000023], [120.44529810600012, 16.529397957000068], [120.44561966000002, 16.52952285800006], [120.4463261750001, 16.52914134000002], [120.44669356300005, 16.528971776000052], [120.44706095100004, 16.528915255000072], [120.44735768700004, 16.52907068900004], [120.44786637800007, 16.52976307300003], [120.4478946380001, 16.53020111200004], [120.44810659300002, 16.530483718000024], [120.4489402800001, 16.530582630000026], [120.44918049600005, 16.53080871500003], [120.44909571400002, 16.531317406000028], [120.44895441100006, 16.531741315000033], [120.44865767400006, 16.53216522400004], [120.44790876900004, 16.53205218200003], [120.44738594800003, 16.531826097000078], [120.4465805210001, 16.53120436400008], [120.44641095700001, 16.530978279000063], [120.44575928200005, 16.530781486000024], [120.44473810600005, 16.531012074000042], [120.4434204590001, 16.531736780000077], [120.44302516500012, 16.53239560300005], [120.44312398800002, 16.53354854500003], [120.44365104700012, 16.53433913300006], [120.44434281200007, 16.534668544000056], [120.44615457600003, 16.53486619100005], [120.44737340000005, 16.53512972100003], [120.44849340000007, 16.535426191000052], [120.44921810500011, 16.535920309000062], [120.44918516400003, 16.536710897000034], [120.44852634100005, 16.537040309000076], [120.4478345760001, 16.53700736800004], [120.4463192820001, 16.53700736800005], [120.44496869400007, 16.537106191000078], [120.44437575300002, 16.537633250000045], [120.44460634100005, 16.538423838000025], [120.4450675170001, 16.53928030900005], [120.44602281200002, 16.53974148500004], [120.44658281100011, 16.54020266200007], [120.44704398800003, 16.540630897000028], [120.44747222300008, 16.541652073000023], [120.44766987000003, 16.54240972000002], [120.447307517, 16.544023838000047], [120.44719630800013, 16.544227636000073], [120.44649955100009, 16.544876007000024], [120.44628665300002, 16.54524374000005], [120.44618988100002, 16.54571792200005], [120.446141495, 16.546375970000046], [120.44636407000007, 16.547198531000053], [120.44649955100009, 16.547498523000062], [120.44651890500005, 16.547740453000074], [120.44662535400003, 16.54791464200002], [120.44711889000008, 16.548050123000056], [120.44805757700011, 16.547972705000063], [120.44901561800008, 16.547943674000066], [120.44963495800006, 16.54775980700003], [120.45004139900004, 16.547343688000073], [120.45004376100007, 16.550087685000054], [120.44959499900006, 16.551103304000033], [120.44968947500001, 16.55216616200005], [120.45063423700003, 16.55282749500003], [120.45160261800002, 16.55471702000006], [120.45226395200007, 16.557173402000046], [120.45250014300008, 16.55889759300004], [120.4525547620001, 16.56000768800004]]]}','2025-10-03 19:24:59.000000','2025-10-03 19:24:59.000000',12),(103312000,'Pugo',52.0000,46.0000,'{\"type\": \"Polygon\", \"coordinates\": [[[120.51182322200009, 16.23220132700004], [120.51180617600004, 16.232371795000063], [120.51196101700009, 16.23270988900003], [120.51262015800012, 16.233420171000038], [120.51281903700009, 16.23376110600003], [120.51312019700002, 16.23415886300006], [120.51339400800008, 16.23480812000002], [120.51317824500006, 16.236187199000028], [120.51669938400006, 16.249475371000077], [120.51256863600008, 16.25984597900003], [120.51261465000005, 16.261807859000044], [120.51263666200009, 16.263518755000067], [120.51251467500003, 16.265275649000046], [120.51199669200004, 16.267644508000043], [120.51159171000008, 16.270079362000043], [120.51059975200008, 16.275798020000025], [120.50654804300008, 16.28719368400004], [120.5050652770001, 16.289387030000057], [120.50485854400007, 16.289302458000066], [120.50406919800002, 16.289866276000055], [120.50342343900002, 16.290656648000034], [120.50325166100004, 16.29078718000005], [120.503074479, 16.291121928000052], [120.502737152, 16.291447623000064], [120.50257430400008, 16.291726791000034], [120.50250451200009, 16.292052486000046], [120.50250451200009, 16.292354918000054], [120.50270225600003, 16.292785301000034], [120.50267899200003, 16.293052837000065], [120.5020741290001, 16.293564644000067], [120.50163211300001, 16.293785652000057], [120.50131805, 16.29376238800006], [120.50082950600007, 16.293355268000028], [120.4973696500001, 16.31297650700003], [120.49803975300006, 16.314211998000076], [120.4984338160001, 16.31972386100006], [120.49912476800013, 16.323063542000057], [120.49063149700011, 16.332446348000076], [120.49094257500009, 16.332712457000074], [120.49128645600003, 16.332787176000068], [120.49204085600002, 16.33280889200006], [120.49227370100004, 16.333032598000045], [120.49243986500005, 16.33344790400002], [120.49242788200002, 16.33491711700003], [120.49249414500004, 16.335417543000062], [120.49271586600004, 16.335694476000064], [120.493148484, 16.335801180000033], [120.49342587000001, 16.335758746000067], [120.4937873330001, 16.335512237000042], [120.49413392300004, 16.335085116000073], [120.49452988400004, 16.334832112000072], [120.4949587420001, 16.334721561000045], [120.49546536500009, 16.334837111000066], [120.49592402100006, 16.335076639000018], [120.49615315100006, 16.335536181000066], [120.49616282800004, 16.33604346100003], [120.4960627590001, 16.336608112000018], [120.49590280200006, 16.33724968300004], [120.49591248500009, 16.33774739200004], [120.496031893, 16.338226017000068], [120.49636549300011, 16.33875818900003], [120.49663449200011, 16.339275180000072], [120.49679380900011, 16.339734686000046], [120.49670380700003, 16.34013663300004], [120.49646424700006, 16.34044278800007], [120.4960523200001, 16.340650878000076], [120.49534407500005, 16.340794064000022], [120.49469571700003, 16.340860710000072], [120.49402736900005, 16.340994343000034], [120.4936881320001, 16.341185583000026], [120.49338865800007, 16.34159698300004], [120.49325875500007, 16.34198933500005], [120.49334822900006, 16.342490754000043], [120.49369695200006, 16.34312264700003], [120.49417555900004, 16.34339090300006], [120.49502317400002, 16.343726357000037], [120.49586958500005, 16.344093147000024], [120.49635142500006, 16.344529582000064], [120.49643376200004, 16.34505832500002], [120.49628202200006, 16.34544155100002], [120.49582724200003, 16.345837830000047], [120.49515183900007, 16.34663051500007], [120.49473825900009, 16.347225081000033], [120.494724172, 16.347753779000076], [120.48084990500003, 16.34760837700003], [120.4808415770001, 16.347870716000042], [120.48060422300013, 16.348153875000037], [120.48046680700007, 16.34842454200003], [120.48025443800009, 16.34856612200002], [120.47980471400003, 16.34871186600003], [120.47966313500002, 16.348920071000062], [120.47962565800003, 16.34913660500007], [120.47981304200005, 16.34935313800003], [120.48054592500011, 16.349407271000075], [120.48091653100006, 16.34955717900004], [120.48139540300008, 16.349936113000066], [120.48161193700003, 16.35052741600003], [120.48143704400002, 16.351064586000064], [120.4812413310001, 16.351239479000068], [120.48122883900011, 16.351451848000067], [120.48100397700013, 16.351801633000033], [120.4806999970001, 16.352080628000067], [120.48064170000009, 16.352259685000032], [120.48048762800012, 16.352405429000044], [120.48029191500008, 16.352463726000053], [120.48001708400011, 16.352655275000075], [120.47995045800008, 16.35294259800003], [120.48001292000004, 16.353338188000063], [120.47987966800008, 16.353842045000018], [120.47957985200004, 16.35421681500003], [120.47947158600006, 16.354495810000063], [120.47919675500009, 16.35474982100004], [120.47918009800004, 16.355028816000072], [120.47909265200008, 16.355366109000048], [120.47934249800007, 16.355541001000063], [120.479617329, 16.355499360000067], [120.4800545610001, 16.35524534900003], [120.4805126120001, 16.35504130800007], [120.4809456800001, 16.354745657000027], [120.48156196700008, 16.35455410800006], [120.4818159780001, 16.354529123000077], [120.48205333200008, 16.35438754300003], [120.48235314800002, 16.354508303000046], [120.48262381500001, 16.355153739000063], [120.48321122900008, 16.355832431000067], [120.48328264200006, 16.356364857000074], [120.48351281500004, 16.35757391700002], [120.48366342800011, 16.357832432000066], [120.48401994400001, 16.35796947900008], [120.48423390300002, 16.35815966700005], [120.48436072400013, 16.358441029000065], [120.48440041100004, 16.358889514000055], [120.4690371590001, 16.37975687500005], [120.44461437400001, 16.38612987700003], [120.45090785700006, 16.37399045400002], [120.45131723100008, 16.37319530100006], [120.45352722900007, 16.36702795800005], [120.4562737330001, 16.359353187000067], [120.45291751700005, 16.350426056000057], [120.45355562300006, 16.344146024000054], [120.45361725300006, 16.34394352500004], [120.45361725400005, 16.34363537400003], [120.45354681900005, 16.34296624700005], [120.45336230500006, 16.34275557100006], [120.45334060100005, 16.342495134000043], [120.45353414200008, 16.342153238000037], [120.45395965900003, 16.34176456200004], [120.4541631200001, 16.34153114400004], [120.45437214000003, 16.341434904000042], [120.454893878, 16.340650714000052], [120.45488507400013, 16.340439410000045], [120.45477061800011, 16.340043217000073], [120.45470018300011, 16.339611806000047], [120.45444485900009, 16.33882822200008], [120.45439203300009, 16.338502463000058], [120.45415032800008, 16.337634568000055], [120.45387954100009, 16.336944358000043], [120.45385379300002, 16.33578186000005], [120.45374713900003, 16.335552984000064], [120.45475811100006, 16.334661883000024], [120.45511055400004, 16.334311126000042], [120.45540227400011, 16.333842925000063], [120.45552573900011, 16.33344752000005], [120.45558843500008, 16.332949330000073], [120.45559031500011, 16.332363007000023], [120.45571495100012, 16.331601166000045], [120.45614591000003, 16.33057639000003], [120.45679162700004, 16.32925910600005], [120.4574774560001, 16.327947668000036], [120.45642633500007, 16.327238137000055], [120.45319305900013, 16.324142104000035], [120.45097068500002, 16.32204729600005], [120.45040315000006, 16.321486090000064], [120.45040315000006, 16.32095140700005], [120.4504898560001, 16.320652755000022], [120.45135582200008, 16.31970222800004], [120.45504727100003, 16.310038663000057], [120.45669338200003, 16.305540270000048], [120.45716649600003, 16.298296536000063], [120.46674514200002, 16.296081302000058], [120.47855837700001, 16.293366270000035], [120.4801067730001, 16.294012005000067], [120.48099109000009, 16.29382323200002], [120.4816527920001, 16.29365780700004], [120.48275350800009, 16.293511469000066], [120.48363789800008, 16.293479656000045], [120.48852822000003, 16.29165716300002], [120.48546554600011, 16.288958939000054], [120.48477964400001, 16.285572316000067], [120.48481134000008, 16.27922040100003], [120.48530857200002, 16.277734120000048], [120.48548808700004, 16.276564697000026], [120.48565569300003, 16.274043793000033], [120.48558798700003, 16.272286549000057], [120.48577780300002, 16.268798044000047], [120.48649869700012, 16.26765768000007], [120.49052434900013, 16.25983423000002], [120.49050203600008, 16.259075589000073], [120.49064483900008, 16.25875428300003], [120.49062698800005, 16.25846867700005], [120.49137670400012, 16.255719719000066], [120.49198718700006, 16.253578887000057], [120.49310963100002, 16.249706828000058], [120.49577091900005, 16.242978534000034], [120.49965716200005, 16.23650146300002], [120.50246321400004, 16.236052932000067], [120.50506933500004, 16.235647019000055], [120.50614609900005, 16.235364285000056], [120.5069581370001, 16.234562076000028], [120.50741616800008, 16.23384614300005], [120.50783983200007, 16.23342591700003], [120.508285095, 16.233097829000027], [120.51001214700011, 16.23258785900003], [120.51182322200009, 16.23220132700004]]]}','2025-10-03 19:24:59.000000','2025-10-03 19:24:59.000000',13),(103313000,'Rosario',78.0000,41.0000,'{\"type\": \"Polygon\", \"coordinates\": [[[120.51182322200009, 16.23220132700004], [120.51001214700011, 16.23258785900003], [120.508285095, 16.233097829000027], [120.50783983200007, 16.23342591700003], [120.50741616800008, 16.23384614300005], [120.5069581370001, 16.234562076000028], [120.50614609900005, 16.235364285000056], [120.50506933500004, 16.235647019000055], [120.50246321400004, 16.236052932000067], [120.49965716200005, 16.23650146300002], [120.49577091900005, 16.242978534000034], [120.49310963100002, 16.249706828000058], [120.49198718700006, 16.253578887000057], [120.49137670400012, 16.255719719000066], [120.49062698800005, 16.25846867700005], [120.49064483900008, 16.25875428300003], [120.49050203600008, 16.259075589000073], [120.49052434900013, 16.25983423000002], [120.48649869700012, 16.26765768000007], [120.48577780300002, 16.268798044000047], [120.48558798700003, 16.272286549000057], [120.48565569300003, 16.274043793000033], [120.48548808700004, 16.276564697000026], [120.48530857200002, 16.277734120000048], [120.48481134000008, 16.27922040100003], [120.48477964400001, 16.285572316000067], [120.48546554600011, 16.288958939000054], [120.48852822000003, 16.29165716300002], [120.48363789800008, 16.293479656000045], [120.48275350800009, 16.293511469000066], [120.4816527920001, 16.29365780700004], [120.48099109000009, 16.29382323200002], [120.4801067730001, 16.294012005000067], [120.47855837700001, 16.293366270000035], [120.46674514200002, 16.296081302000058], [120.45716649600003, 16.298296536000063], [120.45628918400007, 16.29825672200008], [120.44609980200005, 16.297732512000035], [120.44256828400012, 16.296932923000046], [120.43921221100004, 16.295850233000067], [120.43903676600007, 16.295800173000035], [120.43558508900003, 16.29522348200004], [120.42354923900007, 16.293269069000075], [120.42534566000006, 16.287323523000055], [120.43107594000003, 16.269719882000064], [120.43412054900011, 16.259134987000042], [120.43483756500008, 16.256617951000067], [120.4390768740001, 16.245284582000068], [120.43639171600013, 16.244157553000036], [120.43463327600013, 16.242754030000068], [120.432966512, 16.242066934000032], [120.43018068600009, 16.240770774000058], [120.42499433600005, 16.24066293400005], [120.41091820800011, 16.240320940000064], [120.40965715000006, 16.240153829000064], [120.40689189900003, 16.239764483000044], [120.40580318600007, 16.23945289100004], [120.40561171000002, 16.239359607000036], [120.40533150000009, 16.239065303000075], [120.40385725100009, 16.23904137100004], [120.4042029970001, 16.23851929600005], [120.4043007140001, 16.238156361000044], [120.40445708900008, 16.23781185800004], [120.40482909000004, 16.23715130200003], [120.40491308900005, 16.236905695000075], [120.40487523900003, 16.236592796000025], [120.40495424800008, 16.236444250000037], [120.40515507100008, 16.235552], [120.40520775100005, 16.235066850000063], [120.40530458900002, 16.23491127500006], [120.40539183300008, 16.234440347000035], [120.4056535520001, 16.233519551000022], [120.40583460900007, 16.23317663000006], [120.40598604200011, 16.232614046000037], [120.4061564540001, 16.232281159000024], [120.40618279300007, 16.231993545000023], [120.40671661500005, 16.231493327000063], [120.40684335300013, 16.231212036000045], [120.40712401200005, 16.230842033000044], [120.40719972700003, 16.23051702600003], [120.40742192800008, 16.229902292000077], [120.40742851300001, 16.229739522000045], [120.40760924200004, 16.229072881000036], [120.40773606200003, 16.228901315000027], [120.40783482000008, 16.228523623000058], [120.4080504320001, 16.22831502500003], [120.40823806300011, 16.228264456000034], [120.40896251000004, 16.22769739600005], [120.40915813600009, 16.227401777000065], [120.409480506, 16.22716216300006], [120.40967783200007, 16.226853477000077], [120.40980291200003, 16.22618210400003], [120.40990157600004, 16.225879949000046], [120.4099746070001, 16.225413153000034], [120.41010389100008, 16.22510609900007], [120.4100919890001, 16.22473371300003], [120.41037004700003, 16.22453520500005], [120.41057598000009, 16.224238992000036], [120.4107357780001, 16.223697666000074], [120.41080722600009, 16.223263216000078], [120.41124685600005, 16.221742721000055], [120.41134381500002, 16.221507531000036], [120.41150541500008, 16.22076674600003], [120.41161938300002, 16.220517584000046], [120.4117452590001, 16.220066807000023], [120.41182010600006, 16.21950332800003], [120.41201702100011, 16.21901077700005], [120.41231600200003, 16.218402195000067], [120.41240949000007, 16.21788218900002], [120.4123793010001, 16.217689554000057], [120.41250446300013, 16.217212693000025], [120.4126143530001, 16.21632947000006], [120.41274615900011, 16.21576591400003], [120.4128642600001, 16.215588737000076], [120.41300442600004, 16.21502838900005], [120.41329444200004, 16.214604138000023], [120.4135599000001, 16.213841944000027], [120.41364322900006, 16.21330249000005], [120.41371671900004, 16.213154760000066], [120.41414911500011, 16.212678130000032], [120.41419978400006, 16.21219135200005], [120.41427889800003, 16.21203499300003], [120.41424134600004, 16.211747721000044], [120.41430349200003, 16.211228864000073], [120.41442950800003, 16.210667189000045], [120.41478878800002, 16.20999721200008], [120.41508018500006, 16.20964637000003], [120.41538014400008, 16.208789274000026], [120.41550377300007, 16.20865345800007], [120.41565968400003, 16.208302682000067], [120.41582133000009, 16.207666255000046], [120.41597321100005, 16.207366811000043], [120.4163324020001, 16.20714039900002], [120.41659316500011, 16.20705643100007], [120.41686614200013, 16.206804006000027], [120.41715892800006, 16.206335883000065], [120.41746441600003, 16.205624321000077], [120.41731567800002, 16.205608228000074], [120.41710512800012, 16.20545473500005], [120.41705452800011, 16.205293078000064], [120.4171966240001, 16.205020785000045], [120.41728388300011, 16.204611896000074], [120.41873050500011, 16.204792170000076], [120.42701355800011, 16.20130000300002], [120.43093844900011, 16.202283858000044], [120.43120115300007, 16.20276770500004], [120.44070866400011, 16.203553636000038], [120.4533030250001, 16.204903778000073], [120.45407935100002, 16.204930955000066], [120.46110630200009, 16.20533979000004], [120.46143303200004, 16.205355445000066], [120.46260046600003, 16.205320964000066], [120.4643727360001, 16.20438685400006], [120.46582803700007, 16.20458758500007], [120.47177413400006, 16.20510754100007], [120.47588132100009, 16.20529014400006], [120.47773069800007, 16.205339671000047], [120.48861927000009, 16.205939155000067], [120.48978221400013, 16.206093202000034], [120.49403744000007, 16.206511051000053], [120.49865014600005, 16.20692389100003], [120.50295182400009, 16.206890209000054], [120.50592796100011, 16.206804787000067], [120.5066795030001, 16.206713226000034], [120.50665554500007, 16.207000727000036], [120.5067513780001, 16.20739604000005], [120.50710103200004, 16.20845671500007], [120.50727085700011, 16.208721366000074], [120.507629606, 16.209563884000033], [120.50769328900003, 16.20998316800006], [120.50752985200005, 16.210358806000045], [120.50748663700006, 16.210877386000043], [120.50757306700007, 16.211879974000055], [120.50762857600013, 16.212744223000072], [120.50765014700005, 16.214189462000036], [120.50767171800011, 16.214491452000054], [120.50737427800006, 16.215060597000047], [120.50719716200003, 16.21520328700007], [120.5069814540001, 16.215699414000028], [120.50680888800004, 16.216217111000045], [120.50679519700007, 16.216607694000057], [120.50644218600007, 16.217468214000068], [120.5061617660001, 16.217985912000074], [120.50570878100007, 16.21841732600006], [120.50570878100007, 16.219064449000026], [120.50585977600008, 16.219388010000042], [120.50624804900009, 16.219862566000074], [120.50637747400003, 16.220574400000032], [120.50633433200005, 16.220941103000023], [120.50691674200006, 16.221911786000078], [120.50704616700013, 16.222537337000055], [120.50683045900007, 16.223270742000068], [120.50685203000012, 16.22355116200004], [120.50743444000011, 16.224133572000024], [120.5079089960001, 16.224737552000015], [120.5082541280001, 16.224953260000063], [120.50903067400009, 16.22523367900004], [120.50939737700001, 16.22534153300006], [120.50995821600009, 16.22575137700005], [120.51086418700004, 16.226031797000072], [120.51127403100008, 16.22633378700004], [120.51144659700005, 16.22657106500003], [120.51142502600008, 16.226937767000038], [120.51127403100008, 16.227261329000044], [120.51120931900005, 16.227692743000034], [120.51120931900005, 16.22810258700002], [120.51107989400008, 16.22846929000008], [120.51110146500004, 16.228835992000025], [120.51131717200008, 16.229267407000066], [120.51161916300009, 16.229461544000056], [120.51192115300012, 16.229806675000074], [120.512266285, 16.230345944000074], [120.512266285, 16.23066950500004], [120.51207214800003, 16.231057778000036], [120.51198586500003, 16.231597047000033], [120.51182322200009, 16.23220132700004]]]}','2025-10-03 19:24:59.000000','2025-10-03 19:24:59.000000',14),(103314000,'City Of San Fernando',99.0000,54.0000,'{\"type\": \"Polygon\", \"coordinates\": [[[120.42381469100006, 16.643496254000066], [120.41182247200004, 16.64388319600005], [120.407974952, 16.644000590000076], [120.40381424800012, 16.644174381000024], [120.39885467000012, 16.643088074000048], [120.396686079, 16.643276648000036], [120.39399891200003, 16.643465221000042], [120.38947315700011, 16.64417237000003], [120.3866917030001, 16.64478523300005], [120.3842536310001, 16.64513039600007], [120.37187533200007, 16.643996610000045], [120.37093702800009, 16.643908737000057], [120.36115199300002, 16.645365880000046], [120.35415253400004, 16.64425816000005], [120.3513866400001, 16.644608309000034], [120.3508144660001, 16.644626189000064], [120.34163815200009, 16.64429497200007], [120.34044631600013, 16.644621404000077], [120.33910295500004, 16.645686411000042], [120.33625023600005, 16.64749031600007], [120.33560423000004, 16.647835271000076], [120.33540196100012, 16.649491053000077], [120.33473283800004, 16.65044398900005], [120.3346251050001, 16.65147219800002], [120.3345695930001, 16.652289025000073], [120.32618911800012, 16.651756512000073], [120.32069218200003, 16.652939254000046], [120.32033337400004, 16.653008498000077], [120.31782245200009, 16.654012666000032], [120.31723592600008, 16.65278396800005], [120.31683201600003, 16.652556958000044], [120.3167666280001, 16.652462237000062], [120.31569854800011, 16.65171651300005], [120.31541198000004, 16.651587854000073], [120.31486321300008, 16.651233900000022], [120.31450596000002, 16.65111039200008], [120.31421039800011, 16.65080657900006], [120.31335778200001, 16.650446815000066], [120.3130410460001, 16.650280963000053], [120.31265719900013, 16.650001598000074], [120.31231468400006, 16.649798105000055], [120.31208151300007, 16.649716288000032], [120.3116763910001, 16.649448101000075], [120.3115229330001, 16.649435158000074], [120.31127126700004, 16.649236371000026], [120.31106906500008, 16.648954838000066], [120.31089964700006, 16.648956008000027], [120.31053996600006, 16.64868405400005], [120.31015895000007, 16.64810134000004], [120.30989263200001, 16.647455885000056], [120.30953442200008, 16.64696179500004], [120.30935983200004, 16.646622976000057], [120.30906832200004, 16.64625180300004], [120.30883417300004, 16.646064676000034], [120.30873209300013, 16.64586706500007], [120.30849039400005, 16.645571386000032], [120.30808935300001, 16.644977106000052], [120.30772177400002, 16.64448157100002], [120.30755536700008, 16.644058844000025], [120.30763618900005, 16.64360381400007], [120.30782862800005, 16.64317520800006], [120.30788946200003, 16.64291985400007], [120.30789090000009, 16.64226486800004], [120.30782430100011, 16.64161822700004], [120.30772080100006, 16.641133224000043], [120.30753350600003, 16.640657033000018], [120.30715756300003, 16.639962788000048], [120.30705523900009, 16.639340407000073], [120.30712523900002, 16.638959364000073], [120.307269689, 16.638558239000073], [120.30750005500009, 16.63833378300006], [120.30785667900012, 16.63789393500002], [120.30795828200007, 16.637687508000056], [120.30825097000002, 16.63727040000003], [120.30857699200011, 16.636674811000038], [120.308996879, 16.63616930200004], [120.30922385400002, 16.63574208300002], [120.30945521000002, 16.63539138900006], [120.30977828000005, 16.63464999500007], [120.3099828830001, 16.63428693400004], [120.31011012500005, 16.63417803300007], [120.310400317, 16.63343214000002], [120.3104554130001, 16.633179372000026], [120.31066881000005, 16.633001286000013], [120.31097521100001, 16.632617899000024], [120.31185442800007, 16.632106617000026], [120.31222023600003, 16.631711495000044], [120.3126787540001, 16.631487914000044], [120.313031871, 16.631417554000045], [120.31362625000008, 16.631427280000022], [120.31389522000006, 16.63154289000005], [120.31481765900003, 16.631517512000073], [120.31516918400008, 16.63130047600003], [120.31553118600004, 16.630922558000066], [120.31576546400005, 16.630509565000068], [120.31584930200007, 16.63054338700005], [120.31616225900007, 16.62966980000004], [120.3163118980001, 16.629370568000073], [120.316417795, 16.629300101000073], [120.31644362700003, 16.628813752000042], [120.3164072740001, 16.62762609200007], [120.3162569100001, 16.62679789100002], [120.31626625000001, 16.626599519000024], [120.31611572300005, 16.62648015700006], [120.31616969900006, 16.62610334800007], [120.3160229670001, 16.625849004000028], [120.3161067540001, 16.625540692000065], [120.31588531100009, 16.624855564000026], [120.31569763300003, 16.624447303000064], [120.31568031000005, 16.62410815300006], [120.31554458600012, 16.623823590000022], [120.31549186200004, 16.62322067500002], [120.3153244130001, 16.622783225000028], [120.31538252900009, 16.622505721000035], [120.315237485, 16.622092934000026], [120.31472614000006, 16.62134762400007], [120.31459135300008, 16.621036258000057], [120.31406931800005, 16.620280184000023], [120.31312625400005, 16.618805089000034], [120.31264838800007, 16.617925822000075], [120.31246121900006, 16.617673397000033], [120.31202862500004, 16.616993130000026], [120.31187183800012, 16.616835971000054], [120.31127634100004, 16.616070645000033], [120.31116820000011, 16.615976317000047], [120.31058209100003, 16.615220962000027], [120.31048716900011, 16.61499707700005], [120.3100721510001, 16.61469741200006], [120.309679962, 16.61426865500005], [120.30906898800002, 16.61352063900005], [120.3089664670001, 16.613459450000047], [120.30862021800012, 16.613058095000042], [120.30805617800002, 16.612584505000026], [120.30790411300008, 16.61241433700008], [120.30751027100007, 16.61212699900005], [120.30733272900011, 16.612058536000063], [120.30718161900006, 16.611897765000037], [120.30622747600012, 16.611391611000045], [120.30599902700008, 16.611210313000075], [120.30579675100012, 16.611151018000044], [120.30549731100005, 16.610962034000067], [120.30514154600007, 16.610869668000078], [120.30503684200006, 16.61076590700003], [120.30409749300009, 16.61035731900006], [120.30321313800005, 16.610103695000074], [120.30258698500008, 16.609955093000053], [120.3021451400001, 16.60977740200007], [120.30143899700012, 16.609607263000044], [120.30122464300007, 16.609743354000045], [120.29906164000012, 16.60972580700007], [120.29906557800008, 16.609887107000077], [120.29931674900001, 16.609882076000073], [120.29931542700001, 16.610048416000044], [120.29906425600007, 16.610050928000074], [120.29906867000011, 16.611536050000044], [120.29887930400002, 16.61153352200006], [120.29886298400004, 16.609517878000073], [120.29861303500003, 16.609432178000073], [120.29808702900003, 16.609370408000075], [120.29750719100004, 16.60934896000003], [120.29727311500005, 16.60939683500004], [120.29722969500006, 16.609876952000036], [120.29722366700004, 16.611229188000035], [120.29702115000009, 16.611229179000077], [120.29702486500003, 16.609762406000073], [120.29700909500002, 16.60932489400005], [120.2966974420001, 16.60918626200003], [120.29621622300012, 16.60916415900004], [120.29596242200013, 16.609206991000054], [120.29564549300005, 16.609344331000045], [120.2956511230001, 16.60978471500005], [120.29560509500004, 16.609827558000063], [120.29559450800004, 16.611614469000077], [120.295393105, 16.61161446700004], [120.29540201500004, 16.60985110300004], [120.2953382300001, 16.609455435000026], [120.29470418100004, 16.60951255600003], [120.29460213700008, 16.609603906000075], [120.294606326, 16.609921052000054], [120.29481443500003, 16.610204117000023], [120.29461729600006, 16.610354364000045], [120.29428969100002, 16.609961932000033], [120.29412773900003, 16.61002695900004], [120.29413873100009, 16.61017878600006], [120.29276044200003, 16.610707491000028], [120.29272067600004, 16.61090330800005], [120.2930398950001, 16.611159598000032], [120.29280111000003, 16.611440697000035], [120.29235707500006, 16.61112421100006], [120.29223004900007, 16.61116866600003], [120.292023233, 16.611445244000038], [120.29172286700009, 16.612227921000056], [120.29169299500006, 16.612421116000068], [120.2914101870001, 16.61312401800006], [120.29126207000002, 16.613640075000035], [120.29125691200011, 16.613933098000075], [120.2911612920001, 16.614888493000027], [120.29099533800003, 16.616140774000026], [120.29082711100013, 16.61677571900003], [120.29080182400003, 16.617043524000056], [120.29092321200007, 16.617070815000037], [120.2910336220001, 16.616798179000053], [120.29125727300004, 16.61701520200006], [120.29134362100001, 16.617355659000054], [120.29158182100004, 16.617603057000057], [120.29146727300008, 16.617804876000037], [120.29125661300009, 16.617913208000065], [120.29083021600002, 16.618346078000062], [120.29041738100011, 16.618545131000076], [120.28988223300007, 16.61887211200007], [120.28972243500006, 16.619121334000056], [120.28962093500002, 16.619464440000055], [120.28946976400006, 16.61967340400003], [120.2889381560001, 16.619953709000068], [120.28839515200002, 16.620185097000043], [120.28798235700005, 16.620427375000077], [120.28768221400003, 16.620755061000065], [120.28691855600005, 16.620911045000067], [120.28672896600007, 16.62113899600007], [120.28642514, 16.62125486000002], [120.28618517500003, 16.62151252400002], [120.28556149300005, 16.62171480200004], [120.28542142200003, 16.62209284000005], [120.28472232500009, 16.622458505000054], [120.28458783600001, 16.622639021000055], [120.28435658900003, 16.62279096400005], [120.28422941200004, 16.623121060000074], [120.28409300700002, 16.62383515600004], [120.28395467300004, 16.62406784900003], [120.28393868000002, 16.624225826000046], [120.28363274500009, 16.624712530000064], [120.28347830300004, 16.624804235000052], [120.28337457200007, 16.625003347000074], [120.28296995900007, 16.625124590000045], [120.28260396900009, 16.625177775000047], [120.28246964100002, 16.625102282000057], [120.28221754000003, 16.625253150000045], [120.28193185000008, 16.625300434000046], [120.281528954, 16.62518526200006], [120.28132859500012, 16.62520279000006], [120.2808023980001, 16.62486873400007], [120.28051176600002, 16.624791604000052], [120.28000806100012, 16.624795541000022], [120.27993191800009, 16.624610304000043], [120.2794494310001, 16.624407395000052], [120.27943678800011, 16.624194313000036], [120.27929997700006, 16.62400771000006], [120.27934939900003, 16.623857654000062], [120.2790278670001, 16.62325325200004], [120.27869268000006, 16.622427767000033], [120.27822054, 16.62176284900005], [120.27803814800006, 16.621149045000035], [120.2780252560001, 16.62077462000008], [120.27793709500007, 16.62033652200006], [120.2780025410001, 16.620141991000025], [120.27801241800013, 16.619089973000026], [120.27792890500007, 16.61887106100005], [120.27787548400012, 16.618506314000058], [120.2778910720001, 16.618276896000054], [120.27815868200003, 16.61788920000004], [120.27855148800006, 16.61754094300005], [120.27885779700011, 16.617358598000067], [120.27894251200009, 16.617124730000054], [120.279195146, 16.61679356200005], [120.27939455400008, 16.61633807800007], [120.27953949300003, 16.61615268600007], [120.2796157350001, 16.61589222300006], [120.27950761900001, 16.615500291000043], [120.27962074700008, 16.615298072000027], [120.27980256300009, 16.615162634000058], [120.27988554100011, 16.61492734400002], [120.28030331900004, 16.61462430200004], [120.28059253400012, 16.61435748300005], [120.2807371670001, 16.61412628100004], [120.28100401700009, 16.614026514000045], [120.28117756500002, 16.613656648000074], [120.28148057900013, 16.61346622900004], [120.2817024190001, 16.613452436000042], [120.28205869400006, 16.61319369000006], [120.28248399500002, 16.61283318200003], [120.28292973300005, 16.61273691900004], [120.28323701100008, 16.61247824800006], [120.28361842100003, 16.612264490000033], [120.28426287100002, 16.611539304000075], [120.28430956900003, 16.611365469000077], [120.28456524300009, 16.611262471000035], [120.28489668700001, 16.61071933600005], [120.2850586080001, 16.610313598000058], [120.28510555000003, 16.60997580000003], [120.28502667400005, 16.609856215000036], [120.28479457600008, 16.609819095000034], [120.28492071900007, 16.60956374900007], [120.28485914800001, 16.60940309800003], [120.28496576100008, 16.609113868000065], [120.28511194000009, 16.608949142000025], [120.28531962000012, 16.608526832000052], [120.28533111700004, 16.608375807000073], [120.28547158600009, 16.608114972000063], [120.28623912400006, 16.607181324000063], [120.28649700300002, 16.607114898000074], [120.2866742440001, 16.60661925600004], [120.286771885, 16.606552928000042], [120.28700890000006, 16.606735327000028], [120.28751564800007, 16.606672549000052], [120.28801245300009, 16.605974275000047], [120.28798030300004, 16.60573831000005], [120.2884395650001, 16.605598907000058], [120.28868581100006, 16.605484566000033], [120.28887705300009, 16.60557316200004], [120.2891272510001, 16.605527158000033], [120.28930090000006, 16.60537564800006], [120.28951342800008, 16.60531851800005], [120.28973543100007, 16.60565392800004], [120.29023125800005, 16.60574405400007], [120.29041785100004, 16.605819569000065], [120.29083410700004, 16.605721042000027], [120.29139516100008, 16.60605953300006], [120.291400402, 16.60638328600003], [120.29152318500009, 16.606629570000056], [120.2917231900001, 16.60681931600004], [120.2921492490001, 16.606989546000023], [120.29285298500008, 16.606958590000033], [120.29347881700006, 16.606844887000015], [120.2941284540001, 16.60668615300005], [120.29494463500009, 16.60637724300005], [120.29538542600005, 16.60615237800005], [120.2967846680001, 16.605267464000065], [120.29732813300008, 16.604885739000053], [120.29791463900007, 16.60437267100002], [120.29826679100007, 16.603970769000057], [120.29926793900007, 16.602565480000067], [120.29943251600002, 16.602264951000052], [120.29985516700005, 16.601198613000065], [120.30010955800002, 16.600681098000056], [120.30027372100005, 16.600276930000064], [120.30037831600008, 16.599899770000036], [120.30052876900002, 16.59956894800007], [120.300721769, 16.598903248000052], [120.30086948800012, 16.598114972000076], [120.30106134400012, 16.597370263000073], [120.30114180800003, 16.596821175000066], [120.30120972400003, 16.596003549000045], [120.3012656320001, 16.59474664400005], [120.3013516420001, 16.59421430500004], [120.30157114000008, 16.593323079000072], [120.30146349900008, 16.592426798000076], [120.30147164900006, 16.591198113000072], [120.30116008200002, 16.589258667000028], [120.30084630600003, 16.588432659000038], [120.30056412200008, 16.588061364000055], [120.30029635000007, 16.58799146000007], [120.30018734200009, 16.587635739000056], [120.30000961000006, 16.587323452000074], [120.29981145700002, 16.58712729600006], [120.29984345000003, 16.58702282200005], [120.29965650700002, 16.58635226300004], [120.29962987300009, 16.585915012000036], [120.29953283500004, 16.585546142000055], [120.29933515300002, 16.58544296900003], [120.29930126000009, 16.58524003800005], [120.2993469480001, 16.584820738000072], [120.29955302200005, 16.584656704000054], [120.29968068200003, 16.58410135800006], [120.29987050400008, 16.58390050500003], [120.29991878200008, 16.583720106000044], [120.29988994300005, 16.58320857000007], [120.29981862400007, 16.58303505800006], [120.29986696000003, 16.58278625600008], [120.30004054000005, 16.582525373000067], [120.30045424700006, 16.582526610000055], [120.3008671540001, 16.582238], [120.30120534600007, 16.581581564000036], [120.30180793000011, 16.581327689000037], [120.30262068700007, 16.581375381000047], [120.303080496, 16.58104584500006], [120.30362598300007, 16.580871419000058], [120.30390433500008, 16.580955854000024], [120.30406668700006, 16.58092128100003], [120.30439543600005, 16.581092676000026], [120.30469525500007, 16.581159466000035], [120.30483948200003, 16.58110626200005], [120.30520780800009, 16.580847967000064], [120.30551213800003, 16.58071301100006], [120.30572562400006, 16.580739130000044], [120.30610389400012, 16.580590435000033], [120.30691044900004, 16.580071691000054], [120.30725565600005, 16.57988884400004], [120.30762205900008, 16.579752433000067], [120.30783750600006, 16.579901072000048], [120.30788340100003, 16.58022453700005], [120.30798762800009, 16.580380527000045], [120.30793640200011, 16.580549194000067], [120.30799085100011, 16.581027452000058], [120.30797372300002, 16.581257335000032], [120.30816075100005, 16.581480132000024], [120.30857626500007, 16.58162158700003], [120.30977366400009, 16.581630461000035], [120.31030317200009, 16.58171205900004], [120.31104802500009, 16.58176924600002], [120.3112454830001, 16.581753871000046], [120.31139831500003, 16.58220121400006], [120.31153749600004, 16.58204322800003], [120.31230730300001, 16.58173263600003], [120.31271515800006, 16.581518643000035], [120.31335805500011, 16.58111062100005], [120.31430150400001, 16.58030913100004], [120.31443239500005, 16.580240525000026], [120.31486560000009, 16.57977764000003], [120.31516999100006, 16.57936257400007], [120.31540491500006, 16.579100592000028], [120.3163739370001, 16.578581835000023], [120.31683761900001, 16.578258538000057], [120.31701334500008, 16.578085910000024], [120.31788288000006, 16.577559376000067], [120.31871131900006, 16.57692374300007], [120.31887331300004, 16.576760332000045], [120.31932872500009, 16.57617472800007], [120.31913103000011, 16.576481954000023], [120.31969647300002, 16.576467211000022], [120.32009648200005, 16.57608116700004], [120.32057463600005, 16.575505762000034], [120.32077319100007, 16.575363937000073], [120.32117030200004, 16.57526263300002], [120.32188303200009, 16.575263046000032], [120.32212494500004, 16.575196311000067], [120.32244733800007, 16.574950974000046], [120.32262097200011, 16.57469128000002], [120.32301808300008, 16.57427390800007], [120.32324846000004, 16.573696854000048], [120.32409481700005, 16.573683489000075], [120.32589685800008, 16.574308843000043], [120.3269246100001, 16.574584690000048], [120.32788396100011, 16.57454117000003], [120.328106692, 16.574675107000072], [120.32902282000009, 16.57243504400003], [120.33069924000006, 16.569797445000066], [120.33419576900008, 16.57007247400003], [120.34312562900004, 16.57030819600004], [120.34418316900006, 16.570347474000073], [120.3541351660001, 16.565666645000025], [120.36862686400002, 16.561095788000046], [120.3806197880001, 16.56124091600003], [120.38676487000009, 16.563021623000058], [120.390179191, 16.562903809000034], [120.39475422700002, 16.567022481000034], [120.39843298800008, 16.574253390000028], [120.40085867000005, 16.57726458100007], [120.40294977500004, 16.58052670600006], [120.4028661310001, 16.583621542000056], [120.40412079400005, 16.587469175000027], [120.40520816900005, 16.58847290600005], [120.40606226300008, 16.589507323000078], [120.4075744260001, 16.60260535100002], [120.40991628600013, 16.614634255000055], [120.4105406450001, 16.61730516600005], [120.41886364800008, 16.614440937000037], [120.42126157600002, 16.613236710000024], [120.4210332870001, 16.62013545100007], [120.42030452600011, 16.621965127000063], [120.42072490300006, 16.62231239400006], [120.42045074400005, 16.625255031000048], [120.41986587200007, 16.62708275600005], [120.41968310000003, 16.62840785600002], [120.4199298430001, 16.629065837000045], [120.42079049800009, 16.63007857000002], [120.42306439000004, 16.630811314000027], [120.42427068800009, 16.63117685900005], [120.42463623300011, 16.631560681000053], [120.42467278800007, 16.63220038400004], [120.42467278800007, 16.633863614000063], [120.42434379700002, 16.63470436700004], [120.42443518400012, 16.635508566000055], [120.42491039200002, 16.636276210000066], [120.42502005600012, 16.636861082000056], [120.42481900600002, 16.637464231000024], [120.42498350100006, 16.638085658000023], [120.42525766000007, 16.638542589000057], [120.42540387800011, 16.639218847000045], [120.4257145910001, 16.640333759000047], [120.4257145910001, 16.641083126000066], [120.4252211050001, 16.64174110700003], [120.42381469100006, 16.643496254000066]]]}','2025-10-03 19:24:59.000000','2025-10-03 19:24:59.000000',10),(103315000,'San Gabriel',121.0000,58.0000,'{\"type\": \"Polygon\", \"coordinates\": [[[120.5629930140001, 16.67841648000007], [120.53762835500005, 16.67531680500002], [120.52928300600003, 16.685554913000033], [120.51801248400011, 16.701299231000068], [120.5181845530001, 16.704310439000043], [120.51500127500003, 16.70448250800007], [120.51233420500012, 16.705084750000022], [120.50880679000011, 16.70654733700007], [120.50433299400004, 16.706375268000045], [120.50037540600012, 16.708009924000066], [120.49409488600008, 16.713085960000058], [120.47551528200005, 16.70911520100003], [120.47458554500008, 16.708921292000063], [120.46691884400002, 16.713103010000058], [120.46003513000005, 16.71681417400004], [120.45571414400001, 16.719157953000035], [120.45505035400005, 16.72001842200006], [120.4547326060001, 16.720704257000023], [120.4550911250001, 16.720890352000026], [120.4554558860001, 16.72123356400004], [120.45545581600004, 16.721738909000067], [120.4551176530001, 16.722440944000027], [120.45496120200004, 16.723064868000055], [120.45498071200008, 16.723295732000054], [120.45478526000012, 16.72334561500003], [120.45445886900006, 16.723172919000035], [120.45411356900003, 16.723141689000048], [120.45378125500008, 16.723347652000026], [120.45373560700011, 16.723653351000053], [120.453917959, 16.72405886900003], [120.45421113000008, 16.724252320000062], [120.454678316, 16.724362450000058], [120.45481509700004, 16.724618294000038], [120.45469124100008, 16.72498642700003], [120.45439801200008, 16.725273411000046], [120.45409830100004, 16.725441833000048], [120.4533035390001, 16.72554779000006], [120.45321881600012, 16.72574741900007], [120.45333450700002, 16.726432867000025], [120.45323024400011, 16.726751070000038], [120.45327579900005, 16.727000625000073], [120.45364710200012, 16.727131687000057], [120.45393378700011, 16.72715668300004], [120.45505334400004, 16.727092352000057], [120.45525531400006, 16.727192183000057], [120.45527480900012, 16.727472924000036], [120.45518354800002, 16.727635150000026], [120.45441453400008, 16.72815304800002], [120.45444706800005, 16.72840892100004], [120.45475978400009, 16.728714774000025], [120.455046496, 16.72884588800002], [120.45535278700004, 16.728914596000035], [120.45585304200007, 16.728962153000055], [120.45597681600009, 16.729280490000065], [120.45586597200008, 16.729661187000033], [120.45573560500009, 16.72985464400006], [120.45547488200008, 16.730079296000046], [120.45481662700001, 16.73007296700007], [120.454653709, 16.730185284000076], [120.45461058600004, 16.73076005100006], [120.45401078100008, 16.732158001000077], [120.45384128900002, 16.73234519200002], [120.45356758400008, 16.732357642000068], [120.45288999700007, 16.731390211000075], [120.45258387500009, 16.731140651000036], [120.45236235800007, 16.731140624000037], [120.45194513100012, 16.731358879000027], [120.45151596200003, 16.731741743000043], [120.45124867700008, 16.73234081600003], [120.4511834530001, 16.73265284500008], [120.45120298000008, 16.73289622700003], [120.45145064000009, 16.733289449000033], [120.45166575300004, 16.733420565000067], [120.45213513900002, 16.733551744000067], [120.45257823300007, 16.733745286000037], [120.45279889100004, 16.73411776700004], [120.45290286600004, 16.735022796000067], [120.45290272800003, 16.73530987500004], [120.45283751900003, 16.73558445900005], [120.452707153, 16.735790387000065], [120.4525050950001, 16.73596509500004], [120.45199039400006, 16.73624598900005], [120.45162546400003, 16.736327152000054], [120.45114315800004, 16.736302158000054], [120.4507715970001, 16.736351967000076], [120.4506151510001, 16.73643928600006], [120.45027747100006, 16.736799547000032], [120.44956695700013, 16.737323647000043], [120.449338871, 16.737529583000025], [120.44926715600002, 16.73772930400003], [120.44934965200002, 16.73913144400006], [120.44919975700009, 16.73949342300006], [120.44900425800004, 16.73963698700004], [120.44846321300008, 16.73993672400007], [120.44818868300003, 16.740021766000044], [120.44764093100002, 16.740271464000042], [120.44743227500011, 16.740546216000045], [120.44745180600012, 16.74074601700005], [120.44757563400003, 16.740939573000052], [120.44786898200006, 16.741108182000062], [120.4490072970001, 16.74146723800004], [120.44915074300003, 16.741592171000036], [120.44924851200007, 16.74187945800003], [120.44918318600003, 16.742291656000077], [120.44853090700008, 16.74342473800004], [120.44812648900006, 16.744061600000062], [120.44788280100012, 16.744584400000065], [120.44759572600002, 16.744902849000027], [120.44719798700011, 16.745171268000032], [120.4470088720001, 16.74520870300006], [120.44649372800008, 16.745077475000073], [120.44644809400006, 16.745002533000044], [120.44584084900009, 16.744742169000062], [120.4452148470001, 16.744723308000058], [120.44456924000009, 16.744779396000073], [120.4440736030001, 16.74497290900007], [120.44366270900002, 16.74528504300002], [120.44343447000006, 16.745566011000047], [120.44320352900002, 16.745989337000026], [120.44305345600004, 16.746395214000074], [120.44300118900003, 16.746857331000054], [120.44289118900008, 16.747406684000058], [120.44266284600008, 16.74781256700004], [120.44233674400004, 16.748099731000018], [120.44204967500004, 16.748262131000043], [120.44171049400008, 16.74871789900004], [120.44142119700008, 16.749332888000026], [120.44118626900001, 16.74957647900004], [120.44090579400006, 16.749695075000027], [120.44022743200003, 16.749819814000034], [120.43993389300009, 16.74984473000006], [120.43952288100002, 16.750013270000064], [120.439216244, 16.750363019000076], [120.43884954500005, 16.75106845400006], [120.43841902100009, 16.75136188200002], [120.43789063100009, 16.75150542600005], [120.43688234500009, 16.75173630200004], [120.43660182800012, 16.751861162000065], [120.43604733600012, 16.75201093900006], [120.43566900600001, 16.751923397000038], [120.43526860500003, 16.751448453000023], [120.43492941400007, 16.751223457000037], [120.43462278800007, 16.751154666000044], [120.43413345400006, 16.75119204700007], [120.43252805500005, 16.751732926000045], [120.4319602500001, 16.752045079000027], [120.43157516500004, 16.752301230000057], [120.43108367700007, 16.752758712000055], [120.43086468700007, 16.753073074000042], [120.43043343300008, 16.754101346000024], [120.43005001500002, 16.755149390000046], [120.42985151900008, 16.755444148000038], [120.42925610400005, 16.75613841400007], [120.42745744200012, 16.764202273000016], [120.42335976300002, 16.751377833000046], [120.41598349600008, 16.73347746800005], [120.40906482900006, 16.724113099000018], [120.40518465600007, 16.707803933000037], [120.40560523800004, 16.704251229000022], [120.40352158400003, 16.69439330000006], [120.40351498300004, 16.69416103900005], [120.40311342100006, 16.693431535000055], [120.40314484900013, 16.692501516000043], [120.40310682300003, 16.688968729000063], [120.40290006200006, 16.688346630000073], [120.40101442800005, 16.682552783000062], [120.39868975300011, 16.67569564200005], [120.39878116300008, 16.674915438000028], [120.39899563500002, 16.672892828000045], [120.3989945930001, 16.672681107000066], [120.399443517, 16.670982975000072], [120.40023489200007, 16.66926907000004], [120.400445578, 16.668858233000037], [120.40182737400004, 16.666006573000054], [120.40159871900006, 16.663170786000023], [120.40180425400001, 16.663129650000034], [120.40226000100006, 16.662837499000037], [120.40250864400002, 16.662498923000047], [120.40266206100011, 16.66219208700005], [120.40289921200008, 16.661452995000047], [120.40308170600008, 16.661059495000075], [120.40325279300009, 16.66081427000006], [120.40375464900002, 16.660363740000037], [120.40413104100004, 16.660209762000026], [120.40471273700007, 16.660055783000075], [120.40610424700003, 16.659890399000062], [120.40650915300013, 16.65987329000006], [120.407472944, 16.65971360900005], [120.40843673600011, 16.659474086000046], [120.40921233100005, 16.659211753000026], [120.41003355000008, 16.65896082500006], [120.41051829700007, 16.658875281000068], [120.41116842900009, 16.658823955000056], [120.41167028400002, 16.658823955000056], [120.41192121200002, 16.658903796000057], [120.41209230000004, 16.659103397000024], [120.41214932900006, 16.659371434000033], [120.41234322700008, 16.660614668000054], [120.41259415500008, 16.66115074100003], [120.4129021120001, 16.66153853900005], [120.41330701900006, 16.66184649600007], [120.41360357000006, 16.66201758300002], [120.41408261400011, 16.662188670000035], [120.41457306400002, 16.66228562000003], [120.41506921700012, 16.66230272900003], [120.41562810200004, 16.66228562000003], [120.41616987900011, 16.662200076000026], [120.41663181400007, 16.662068909000023], [120.41705953200005, 16.661869308000064], [120.4175727940001, 16.661584162000054], [120.41819441100006, 16.661179256000022], [120.41864494000004, 16.660808567000053], [120.41931788400008, 16.66042076900004], [120.41996801500012, 16.660141327000073], [120.42062955200004, 16.659964537000064], [120.4214735830001, 16.659690797000053], [120.42192981500013, 16.65966798500006], [120.42273392500012, 16.659553927000044], [120.42350381800009, 16.65952541300004], [120.42470142800005, 16.659405652000032], [120.42537437100009, 16.659365731000037], [120.42629824200004, 16.659382840000035], [120.42673166300004, 16.659177535000023], [120.42731906300001, 16.658704194000048], [120.42779810700006, 16.65844756300004], [120.42810606400008, 16.658441860000035], [120.42857370300011, 16.658618650000047], [120.42896331100006, 16.65884650000004], [120.42919810500008, 16.659175211000044], [120.42954246900003, 16.659284782000043], [120.43045033800003, 16.65947261700006], [120.43081035500006, 16.659363046000063], [120.43107645400005, 16.659049988000053], [120.43153038900005, 16.65865866500007], [120.43185910000011, 16.658314301000072], [120.4321095460001, 16.657672532000046], [120.43221911700005, 16.657265556000024], [120.43246956300004, 16.656780316000035], [120.43251652200003, 16.656404646000055], [120.43275131600002, 16.65598201700004], [120.43301741500011, 16.65574722400004], [120.43384702000003, 16.65565330600003], [120.43428530100005, 16.655528083000032], [120.43467662400008, 16.65546547100007], [120.43517751700006, 16.65548112400006], [120.4360071220001, 16.65574722400004], [120.43644540300009, 16.655590694000068], [120.43696194900008, 16.655449818000026], [120.43746284300005, 16.65535590100006], [120.43818287700005, 16.655058495000045], [120.43863681100004, 16.654933272000054], [120.43912205100003, 16.654635867000025], [120.43959163900003, 16.654213238000068], [120.43984208500002, 16.653884527000063], [120.44002992000003, 16.653461898000046], [120.44038993700009, 16.652961005000062], [120.44078126000011, 16.652554029000044], [120.4412195420001, 16.652319236000036], [120.44164217000004, 16.651927913000065], [120.44178304700007, 16.651380061000047], [120.44178304700007, 16.65097308500003], [120.44200218700007, 16.650268704000045], [120.44219002200009, 16.64976781100006], [120.44261265100012, 16.64956432300005], [120.44309789100011, 16.649611282000027], [120.44358313200007, 16.64957997600004], [120.44453795900004, 16.649016471000042], [120.44472579400008, 16.648609495000073], [120.44480405900003, 16.64820252000004], [120.44511711700011, 16.647967726000047], [120.44544582800005, 16.647842503000046], [120.44561801000009, 16.647545097000034], [120.44566496900008, 16.647247692000064], [120.446009333, 16.646981592000035], [120.4463223910001, 16.64659026900006], [120.44668240800003, 16.64607372300003], [120.44757462400004, 16.644586697000022], [120.44791898900007, 16.64411710900003], [120.44857641100009, 16.643428381000042], [120.44893642800002, 16.643350117000068], [120.4492807920001, 16.643412728000044], [120.44970342100008, 16.643365769000066], [120.45011039600001, 16.643037058000058], [120.45048606600005, 16.642802265000054], [120.45081477700012, 16.642677041000066], [120.45122175300001, 16.642426595000074], [120.45156611700008, 16.64266138800002], [120.45178525800009, 16.643052711000056], [120.45212962200002, 16.64339707500005], [120.45255225100004, 16.64344403400003], [120.45305314400002, 16.64339707500005], [120.45364795500008, 16.64328750500005], [120.45410188900007, 16.643099670000023], [120.45471235300012, 16.643115323000078], [120.45526020500006, 16.643334464000077], [120.45583936300011, 16.643428381000035], [120.45637156200009, 16.643788398000027], [120.45693506600003, 16.64386666300004], [120.45749857100009, 16.64388231600003], [120.458109035, 16.64386666300004], [120.45859427500012, 16.64407015100005], [120.45958040900008, 16.643819704000066], [120.46155267600012, 16.643130976000066], [120.46186573400007, 16.643130976000066], [120.46238228000004, 16.64297444700003], [120.46285186800003, 16.64275530600003], [120.46375973600004, 16.64269269400006], [120.46419801800005, 16.642770959000075], [120.46479282900007, 16.642520512000036], [120.465199804, 16.642270066000037], [120.4654659040001, 16.641878743000063], [120.46582592100003, 16.641518726000072], [120.46623289700005, 16.641252626000036], [120.46670248400004, 16.641111750000043], [120.46712511300007, 16.64117436200007], [120.46773557600012, 16.641769172000064], [120.46837734600001, 16.64205092500003], [120.46883128000003, 16.642207454000072], [120.46941043800005, 16.642301371000027], [120.46994263700003, 16.642301371000027], [120.47038091900005, 16.64223876000005], [120.47141401100009, 16.642238760000055], [120.47178968100003, 16.64228571800004], [120.472478409, 16.641910049000042], [120.47290103800003, 16.642019619000052], [120.4734332370001, 16.64284922300004], [120.47376194800007, 16.64316228200005], [120.47423153500006, 16.643068364000047], [120.47457589900013, 16.643287505000046], [120.47468547000004, 16.64369448100007], [120.47476373400004, 16.644211027000036], [120.47471677600004, 16.644664961000046], [120.47485765200008, 16.645071937000065], [120.47537419800005, 16.645306731000066], [120.47573421500012, 16.645666748000053], [120.47612553800002, 16.646151988000046], [120.47632902600004, 16.647310303000033], [120.4764072900001, 16.648233825000034], [120.47653251300005, 16.64849992500007], [120.47678296000004, 16.648609495000073], [120.47718993600006, 16.648468619000028], [120.47764387000008, 16.647952073000056], [120.47808215200007, 16.64760770900006], [120.4785047800001, 16.64723203900007], [120.47905263200006, 16.647106816000075], [120.4796161370001, 16.647263345000052], [120.480257907, 16.647341609000023], [120.48069618800004, 16.647310303000033], [120.48111881700002, 16.647044204000046], [120.4812283870001, 16.646746799000024], [120.48115012300002, 16.646261558000052], [120.48116577600001, 16.64580762400004], [120.48157275100004, 16.64533803600005], [120.48201103300006, 16.645056284000077], [120.48251192600004, 16.64488410200005], [120.48290324900007, 16.644602350000074], [120.48329457200009, 16.644367556000077], [120.4835293650001, 16.643976233000043], [120.48381111800008, 16.643725786000058], [120.484374623, 16.643647522000034], [120.48532945000011, 16.642990100000073], [120.48597122000002, 16.642880529000024], [120.48651907200009, 16.642817917000055], [120.4871921470001, 16.642410942000026], [120.48767738700009, 16.642176148000036], [120.48817828100006, 16.642003966000058], [120.48930529000006, 16.641941354000036], [120.48975922500007, 16.641753519000076], [120.49026011800005, 16.64164394900007], [120.49143408700002, 16.64159699000004], [120.49191932700012, 16.641596990000043], [120.49251413800005, 16.64165960200006], [120.49301503100003, 16.64191004900005], [120.49357853600009, 16.642144842000047], [120.49396985800003, 16.642066578000026], [120.49428291700006, 16.641925701000044], [120.49442379300001, 16.641503073000024], [120.49479946300004, 16.64115870900002], [120.49506556200004, 16.641236973000048], [120.49569167900005, 16.641565684000057], [120.49664650700004, 16.641205667000065], [120.49708478800007, 16.64120566700006], [120.49764829300013, 16.64167525500005], [120.49786743400011, 16.641894396000055], [120.49829006200002, 16.64200396600006], [120.49882226100009, 16.641894396000055], [120.49911966700006, 16.64167525500005], [120.49969882500012, 16.641643949000073], [120.50010580000003, 16.641471767000045], [120.5004032060001, 16.641064791000076], [120.50095105800007, 16.64010996400003], [120.5013580330001, 16.639734294000053], [120.50193719100002, 16.639609070000063], [120.50248504300009, 16.639577764000023], [120.50328334200002, 16.639593417000068], [120.50373727600004, 16.639530806000042], [120.50403468100002, 16.63956211200001], [120.5043164340001, 16.63978125200003], [120.5047703680001, 16.63981255800007], [120.5063669650001, 16.639640376000045], [120.50689916500004, 16.639859517000048], [120.50721222300001, 16.640313451000047], [120.50738440500005, 16.640673468000045], [120.50771311600009, 16.641033485000033], [120.50786964500003, 16.641456114000047], [120.50807313300004, 16.641706561000035], [120.50835488500002, 16.641722214000026], [120.5086366380001, 16.64155003200005], [120.50893404300008, 16.641769172000068], [120.50918449000007, 16.64211353600007], [120.5093566720001, 16.642426595000074], [120.5097949530001, 16.642583124000055], [120.51020192900012, 16.642677041000074], [120.51065586400013, 16.642927488000055], [120.51098457500007, 16.64281791700006], [120.5113915510001, 16.64259877700005], [120.51189244400007, 16.642598777000046], [120.512690742, 16.642911835000064], [120.51303510600007, 16.642833570000047], [120.513849058, 16.642896182000072], [120.51417776900007, 16.64273965300004], [120.51442821600006, 16.642927488000055], [120.51463170400008, 16.64335011700007], [120.51460039800008, 16.64380405100007], [120.51485084400008, 16.64414841500007], [120.51517955500003, 16.644414515000047], [120.51552392000009, 16.644508432000066], [120.51569610200009, 16.644727573000065], [120.51637354700006, 16.64610007600004], [120.51871587900007, 16.647287738000045], [120.51908977300002, 16.646737894000072], [120.52210857800004, 16.64363447800002], [120.52210857800004, 16.643258808000038], [120.52224423700011, 16.643133585000044], [120.52228597800001, 16.642935314000056], [120.52226510700008, 16.642590950000056], [120.52244250700005, 16.642017010000075], [120.52298514100005, 16.642142233000065], [120.52331907000007, 16.642110928000022], [120.52363212800005, 16.642027445000053], [120.52540645200008, 16.641698564000023], [120.52681392600005, 16.64111901600006], [120.52867675900008, 16.64024969400003], [120.53012562900005, 16.639711542000047], [120.53132612100002, 16.639463164000066], [120.53265080200005, 16.638925012000065], [120.53438944600008, 16.638800824000043], [120.53616948600005, 16.63880082400004], [120.5382393010001, 16.638966409000034], [120.53972956700011, 16.63896640900003], [120.54035051100004, 16.638593842000034], [120.54121983300001, 16.638014294000072], [120.54155099700006, 16.63821171300003], [120.5556526920001, 16.657592543000078], [120.5650648840001, 16.669766382000034], [120.56451876900007, 16.67006977900008], [120.5640737870001, 16.670696800000034], [120.56370971100012, 16.671505859000035], [120.56324450200009, 16.672395823000038], [120.56298155800003, 16.672982391000062], [120.56286019900004, 16.67447914900003], [120.56298155800003, 16.67490390500007], [120.56283997200002, 16.675328661000034], [120.56277929300005, 16.676137720000042], [120.56277929300005, 16.676704061000063], [120.56271861400012, 16.677654705000062], [120.5629930140001, 16.67841648000007]]]}','2025-10-03 19:24:59.000000','2025-10-03 19:24:59.000000',15),(103316000,'San Juan',50.0000,36.0000,'{\"type\": \"Polygon\", \"coordinates\": [[[120.42857370300011, 16.658618650000047], [120.42810606400008, 16.658441860000035], [120.42779810700006, 16.65844756300004], [120.42731906300001, 16.658704194000048], [120.42673166300004, 16.659177535000023], [120.42629824200004, 16.659382840000035], [120.42537437100009, 16.659365731000037], [120.42470142800005, 16.659405652000032], [120.42350381800009, 16.65952541300004], [120.42273392500012, 16.659553927000044], [120.42192981500013, 16.65966798500006], [120.4214735830001, 16.659690797000053], [120.42062955200004, 16.659964537000064], [120.41996801500012, 16.660141327000073], [120.41931788400008, 16.66042076900004], [120.41864494000004, 16.660808567000053], [120.41819441100006, 16.661179256000022], [120.4175727940001, 16.661584162000054], [120.41705953200005, 16.661869308000064], [120.41663181400007, 16.662068909000023], [120.41616987900011, 16.662200076000026], [120.41562810200004, 16.66228562000003], [120.41506921700012, 16.66230272900003], [120.41457306400002, 16.66228562000003], [120.41408261400011, 16.662188670000035], [120.41360357000006, 16.66201758300002], [120.41330701900006, 16.66184649600007], [120.4129021120001, 16.66153853900005], [120.41259415500008, 16.66115074100003], [120.41234322700008, 16.660614668000054], [120.41214932900006, 16.659371434000033], [120.41209230000004, 16.659103397000024], [120.41192121200002, 16.658903796000057], [120.41167028400002, 16.658823955000056], [120.41116842900009, 16.658823955000056], [120.41051829700007, 16.658875281000068], [120.41003355000008, 16.65896082500006], [120.40921233100005, 16.659211753000026], [120.40843673600011, 16.659474086000046], [120.407472944, 16.65971360900005], [120.40650915300013, 16.65987329000006], [120.40610424700003, 16.659890399000062], [120.40471273700007, 16.660055783000075], [120.40413104100004, 16.660209762000026], [120.40375464900002, 16.660363740000037], [120.40325279300009, 16.66081427000006], [120.40308170600008, 16.661059495000075], [120.40289921200008, 16.661452995000047], [120.40266206100011, 16.66219208700005], [120.40250864400002, 16.662498923000047], [120.40226000100006, 16.662837499000037], [120.40180425400001, 16.663129650000034], [120.40159871900006, 16.663170786000023], [120.40182737400004, 16.666006573000054], [120.400445578, 16.668858233000037], [120.40023489200007, 16.66926907000004], [120.399443517, 16.670982975000072], [120.3989945930001, 16.672681107000066], [120.39899563500002, 16.672892828000045], [120.39878116300008, 16.674915438000028], [120.39868975300011, 16.67569564200005], [120.40101442800005, 16.682552783000062], [120.40290006200006, 16.688346630000073], [120.40310682300003, 16.688968729000063], [120.40314484900013, 16.692501516000043], [120.40311342100006, 16.693431535000055], [120.40351498300004, 16.69416103900005], [120.40352158400003, 16.69439330000006], [120.40560523800004, 16.704251229000022], [120.40031899900009, 16.702651541000023], [120.39888845000006, 16.70248519800003], [120.3975244380001, 16.70271807800003], [120.39568850600006, 16.702912731000026], [120.39376334800009, 16.702648022000066], [120.39296922000007, 16.70214266800002], [120.39227135000012, 16.701324475000035], [120.39154941500011, 16.70098757200003], [120.39056277100006, 16.70062660500002], [120.38950393400012, 16.70079505700005], [120.388276646, 16.701204153000052], [120.38726593700005, 16.70115602400006], [120.3865199390001, 16.700843185000053], [120.3856536170001, 16.700145316000032], [120.38433007100002, 16.699519639000073], [120.382116138, 16.69918273600006], [120.3810813660001, 16.69937525200004], [120.38040756000008, 16.699543703000078], [120.37968562600007, 16.70000092900006], [120.3792284010001, 16.700097187000043], [120.37697218200005, 16.700462808000054], [120.37578351800006, 16.70023720000006], [120.37459231000003, 16.700062465000027], [120.37410691500008, 16.700028728000063], [120.3736859490001, 16.699196819000065], [120.37344947800011, 16.69897961500004], [120.37331152300008, 16.69876948000006], [120.37267867700007, 16.698409148000053], [120.37195613300003, 16.698318829000065], [120.370358312, 16.69842504700006], [120.368504056, 16.698715714000055], [120.36717099700003, 16.698996358000045], [120.36616869700003, 16.699427348000032], [120.36558131400011, 16.699648315000047], [120.36456212800009, 16.69996563100005], [120.36392067400004, 16.70044672100005], [120.36270298800002, 16.700862293000057], [120.36171004700009, 16.700394010000025], [120.36112592600011, 16.700079019000043], [120.35961194700009, 16.69973206600002], [120.357963906, 16.69930642100007], [120.3539012330001, 16.699469222000058], [120.35054093500001, 16.69976917500003], [120.34959886600006, 16.699328262000048], [120.34950897800002, 16.699097124000048], [120.34932920400003, 16.698840303000058], [120.34836882400009, 16.698633439000048], [120.34661645100006, 16.69881225200004], [120.34454221500005, 16.698716885000067], [120.34342165100009, 16.698542045000064], [120.33967054100002, 16.69866920200008], [120.33940033400006, 16.699161932000035], [120.33885720500007, 16.699672751000033], [120.33657368100012, 16.70034518500006], [120.33590881900011, 16.70058480800003], [120.33565977400008, 16.700155225000053], [120.33534273400006, 16.69951476300002], [120.33529016400009, 16.699244247000024], [120.33509332500013, 16.69886950500006], [120.33474581500002, 16.698037731000053], [120.33446438400006, 16.697568534000027], [120.33440331200008, 16.697354265000058], [120.33422153000005, 16.697120462000044], [120.33407792900006, 16.696449148000056], [120.33413244300004, 16.69602296700004], [120.33430797900007, 16.69564497900006], [120.33438584800001, 16.695593148000054], [120.33482425500007, 16.695804878000043], [120.33500139100012, 16.695505407000045], [120.33504874100004, 16.695318520000054], [120.33555424300005, 16.694324005000055], [120.33608060800009, 16.693710211000052], [120.33635297400009, 16.69323820100004], [120.33673683000006, 16.69279546000007], [120.3368754060001, 16.69258687000007], [120.33723437300011, 16.69226507300004], [120.33747453, 16.69194490300004], [120.3376460410001, 16.691620944000018], [120.33773903800011, 16.691172131000027], [120.33776186900003, 16.690694506000057], [120.3379745960001, 16.690233218000063], [120.33833144100005, 16.68908885600007], [120.33830442800003, 16.688497857000073], [120.33819916100003, 16.687937671000043], [120.33819654900003, 16.687596393000035], [120.33813129500004, 16.68733482400006], [120.33815057100003, 16.686630670000053], [120.3380633180001, 16.68631028200002], [120.33784015600008, 16.685761065000065], [120.33770795400007, 16.685559714000018], [120.33766300600007, 16.685117600000066], [120.33745445200007, 16.684680164000035], [120.3371834410001, 16.684328116000074], [120.33711685500009, 16.683882777000065], [120.3370071280001, 16.683673827000064], [120.3369185570001, 16.68317867700005], [120.33701288800012, 16.68246874500005], [120.33685687900004, 16.681960377000053], [120.33660530200007, 16.681528709000077], [120.33669292400009, 16.681211398000073], [120.33654885200008, 16.680443798000056], [120.3363752800001, 16.68005790900002], [120.33627394700012, 16.679317012000073], [120.3360453770001, 16.67889999600004], [120.3358692490001, 16.678235929000035], [120.33551418700007, 16.677494285000027], [120.33525578700005, 16.67663832700003], [120.33518993800011, 16.67627170800006], [120.33498286500004, 16.67585449900002], [120.33496881000008, 16.675630973000064], [120.334631864, 16.67476136600004], [120.33429423600012, 16.67424655300004], [120.33419660800007, 16.67399399300007], [120.33394908500009, 16.673660091000045], [120.333753451, 16.673314604000044], [120.33363979400009, 16.673018207000045], [120.33347075400003, 16.672790439000043], [120.33340508800006, 16.67245290900007], [120.333293957, 16.67226418100006], [120.33303404200002, 16.67198814800003], [120.33288788100005, 16.671683126000058], [120.33250059400007, 16.671132731000053], [120.33197900400013, 16.67055295700004], [120.33183883100003, 16.67033882400005], [120.33154332700006, 16.67009807200003], [120.33114824100005, 16.669555581000054], [120.33107247400007, 16.669377741000066], [120.33031877900008, 16.668399468000075], [120.32986349800002, 16.66798726300004], [120.3297990960001, 16.667877172000033], [120.3289310450001, 16.666977332000044], [120.32856591600013, 16.666695579000077], [120.32842448500003, 16.666523786000024], [120.32799477000003, 16.66584159400002], [120.32734900800006, 16.665251352000034], [120.32707390100008, 16.665099844000054], [120.32635396800003, 16.664492926000037], [120.32601845800002, 16.664318394000073], [120.32544708600004, 16.663836494000066], [120.32503639600009, 16.66343171300002], [120.32470693200003, 16.663201292000046], [120.32404808800004, 16.662960595000072], [120.32386194300011, 16.662834337000042], [120.3232855650001, 16.66264020400007], [120.32254246600009, 16.662255687000027], [120.32205721200012, 16.661780317000026], [120.32179530100005, 16.661450471000027], [120.32162446400004, 16.66085900400003], [120.32160141100007, 16.660626772000057], [120.32161021900005, 16.65989995800004], [120.32158551900012, 16.659679014000062], [120.32170908100011, 16.659371276000055], [120.321629228, 16.659032514000046], [120.32100078500004, 16.658367462000058], [120.32058238700006, 16.658026559000064], [120.3199651750001, 16.65759189100004], [120.31972952600005, 16.657557249000035], [120.3193572340001, 16.657690790000057], [120.3194396340001, 16.65727038800003], [120.31905952100011, 16.65674496900004], [120.3189524480001, 16.656727603000036], [120.31870755500007, 16.65624315400004], [120.31862686300009, 16.65583124800003], [120.31812450300005, 16.654967003000024], [120.31798831300013, 16.654611266000074], [120.3179705440001, 16.65436008300003], [120.31782245200009, 16.654012666000032], [120.32033337400004, 16.653008498000077], [120.32069218200003, 16.652939254000046], [120.32618911800012, 16.651756512000073], [120.3345695930001, 16.652289025000073], [120.3346251050001, 16.65147219800002], [120.33473283800004, 16.65044398900005], [120.33540196100012, 16.649491053000077], [120.33560423000004, 16.647835271000076], [120.33625023600005, 16.64749031600007], [120.33910295500004, 16.645686411000042], [120.34044631600013, 16.644621404000077], [120.34163815200009, 16.64429497200007], [120.3508144660001, 16.644626189000064], [120.3513866400001, 16.644608309000034], [120.35415253400004, 16.64425816000005], [120.36115199300002, 16.645365880000046], [120.37093702800009, 16.643908737000057], [120.37187533200007, 16.643996610000045], [120.3842536310001, 16.64513039600007], [120.3866917030001, 16.64478523300005], [120.38947315700011, 16.64417237000003], [120.39399891200003, 16.643465221000042], [120.396686079, 16.643276648000036], [120.39885467000012, 16.643088074000048], [120.40381424800012, 16.644174381000024], [120.407974952, 16.644000590000076], [120.41182247200004, 16.64388319600005], [120.42381469100006, 16.643496254000066], [120.42400849400008, 16.64344202500007], [120.4241066510001, 16.643594713000017], [120.42442293400005, 16.64373649500004], [120.42473921700004, 16.643671058000052], [120.42500096800008, 16.643496557000052], [120.4252190950001, 16.643540182000038], [120.42551356500007, 16.644107310000038], [120.42578120700011, 16.645316180000066], [120.42579534000002, 16.64576840900003], [120.4256893480001, 16.646188842000072], [120.42548796500012, 16.646573944000068], [120.4253537090001, 16.646729398000048], [120.42485908200001, 16.64706857100004], [120.42454817400007, 16.64721695900005], [120.4244315840001, 16.647330016000065], [120.42335047100005, 16.648771499000077], [120.42301483200002, 16.649449844000056], [120.42366310600005, 16.650012427000036], [120.42389997500004, 16.65024838100004], [120.42410487400002, 16.65053524000006], [120.42476055100009, 16.651641694000038], [120.42562112600002, 16.652707169000056], [120.42639974200004, 16.652912068000035], [120.42730129800009, 16.65364970400003], [120.42783403500005, 16.654428320000022], [120.42767011600006, 16.65549379500004], [120.427928, 16.656495288000027], [120.42815243600012, 16.656635561000034], [120.42825904400003, 16.657247150000046], [120.42846103700003, 16.657898016000047], [120.42857370300011, 16.658618650000047]]]}','2025-10-03 19:24:59.000000','2025-10-03 19:24:59.000000',16),(103317000,'Santo Tomas',41.0000,44.0000,'{\"type\": \"Polygon\", \"coordinates\": [[[120.42354923900007, 16.293269069000075], [120.42057980200003, 16.303803391000027], [120.41805878300012, 16.30337918100002], [120.41312597100011, 16.302494638000038], [120.40073703000006, 16.29937052000003], [120.3944948510001, 16.29838321200003], [120.39193864600009, 16.298453091000056], [120.38933733800003, 16.29885910700006], [120.38711582300006, 16.29918991100004], [120.38175881900008, 16.300043712000043], [120.37974432000011, 16.298597469000065], [120.37568781100003, 16.298302189000026], [120.37206055700005, 16.297965043000033], [120.37054471000012, 16.29738059800007], [120.3655186520001, 16.295553613000035], [120.36472028900003, 16.295254227000044], [120.3624735300001, 16.294495280000028], [120.35804341500011, 16.29113268400004], [120.35659601100008, 16.290044215000023], [120.34920794200004, 16.28510543400006], [120.34743923300005, 16.284406557000068], [120.34741308000002, 16.28409228900005], [120.34746387200005, 16.28376804500004], [120.34764295500007, 16.283411423000075], [120.34770261200003, 16.282931927000046], [120.34758982700009, 16.28288099400004], [120.34787008400008, 16.282555712000033], [120.34790061800003, 16.28190458400007], [120.34807732300011, 16.281859991000033], [120.34829289300002, 16.281512915000068], [120.34833838400006, 16.281173483000032], [120.34850096500008, 16.28115292900003], [120.34869332800008, 16.280941175000066], [120.34885506300009, 16.280544109000058], [120.34919004500011, 16.28022886100007], [120.34937742000011, 16.279931140000027], [120.3496328110001, 16.279783058000078], [120.34994616900008, 16.27924063500007], [120.35014352400002, 16.279196038000066], [120.35047944800012, 16.27857091700002], [120.3506552450001, 16.27854065000003], [120.35098028400013, 16.278346391000067], [120.3510648350001, 16.27809166300006], [120.35115770600011, 16.27806458900005], [120.35158029600007, 16.27758419500003], [120.35149404000003, 16.277461622000033], [120.3519069780001, 16.277297600000054], [120.35228067700007, 16.27692333200002], [120.35249793900005, 16.276937635000017], [120.35261567700002, 16.27684051000005], [120.35296478500004, 16.27673709000004], [120.35329624000008, 16.27646521600008], [120.35355037500005, 16.27612319700006], [120.35401174800005, 16.27577455300008], [120.35456936100003, 16.27483217700006], [120.35484251300012, 16.274565104000033], [120.35546046700006, 16.27423242800006], [120.35563534000006, 16.274013339000078], [120.35592225900008, 16.273247419000025], [120.35610544600002, 16.27293740600004], [120.35634522500004, 16.272337741000054], [120.35648844200011, 16.272083477000024], [120.35674981300006, 16.27144725000005], [120.35686773000009, 16.271071208000016], [120.35699429000012, 16.270832937000026], [120.35715078400005, 16.27027166000005], [120.35725569300007, 16.270063772000068], [120.35768299400002, 16.268910023000046], [120.35796457000004, 16.26809427600005], [120.35843629500005, 16.266989799000044], [120.35865715900003, 16.266327064000052], [120.35886133500003, 16.265865482000038], [120.35909585800005, 16.26495443700003], [120.35920928200007, 16.264366703000064], [120.35932229600009, 16.264120022000046], [120.35940715700008, 16.263638832000026], [120.3595913910001, 16.26309997100003], [120.35976696600007, 16.262720647000037], [120.3599644310001, 16.261896427000067], [120.36019345800003, 16.261433827000072], [120.36052886000004, 16.261208993000025], [120.36068658600003, 16.261038390000067], [120.36093810800003, 16.26049824000006], [120.36118535900005, 16.259543287000042], [120.36135322900009, 16.259065832000033], [120.36184300800004, 16.258560395000075], [120.36212855700002, 16.25818890200003], [120.36272842300002, 16.257560393000066], [120.36301565800011, 16.25732759300007], [120.36325472200006, 16.257032627000058], [120.36340747400006, 16.25692578900003], [120.36389817400004, 16.256909966000023], [120.3643249060001, 16.25674249900004], [120.36468524800011, 16.256734461000065], [120.365005687, 16.256480927000037], [120.36569503800001, 16.255797491000067], [120.36610178500007, 16.255368581000024], [120.36644680200006, 16.255197160000026], [120.36673741500012, 16.255264057000034], [120.36698315100011, 16.255139663000023], [120.367272006, 16.254766570000072], [120.36759742100003, 16.254525784000066], [120.36796103500002, 16.25431049700006], [120.368034652, 16.25404616700007], [120.36830360200007, 16.253770320000058], [120.36852770900009, 16.253472164000073], [120.36905400700003, 16.25306235200003], [120.36928979300002, 16.25269123700002], [120.36952553700007, 16.252463222000074], [120.369844337, 16.25236591000004], [120.37041826300003, 16.251824], [120.37097795000012, 16.251335698000048], [120.37116884300008, 16.25105348800002], [120.37131654000008, 16.250677232000044], [120.37162364700009, 16.25030412600006], [120.37176346500006, 16.24994995700007], [120.37227808600005, 16.249383912000038], [120.3723876360001, 16.24920374500005], [120.372365854, 16.24789234000002], [120.37240898700009, 16.247726536000073], [120.37286278400008, 16.247117614000047], [120.37296898400005, 16.246829045000027], [120.37304193600005, 16.246385849000035], [120.37317797100002, 16.246026], [120.37324098700005, 16.245694397000026], [120.37326909700005, 16.245214545000067], [120.37325902200008, 16.244761802000028], [120.373322045, 16.244460488000076], [120.37331492800003, 16.244210776000045], [120.3734492210001, 16.24338336900007], [120.37366988400004, 16.242787852000042], [120.37374861100011, 16.242279991000032], [120.37382563500012, 16.242018865000034], [120.37407897600008, 16.241578384000032], [120.37410807000005, 16.24138115700004], [120.37434257400004, 16.240846994000037], [120.37472736800011, 16.240101511000034], [120.37513305500009, 16.23957884600003], [120.375446312, 16.23931586400005], [120.37597141400009, 16.238736399000057], [120.37629322400005, 16.238415892000038], [120.37667886800013, 16.238175200000057], [120.37712221400012, 16.237787300000036], [120.37802776500007, 16.237389807000053], [120.37869708500013, 16.237296088000043], [120.37908567500006, 16.237333866000025], [120.37999060000004, 16.23759386600005], [120.38036892500008, 16.23774011700004], [120.38087393700005, 16.237994835000052], [120.38264898400007, 16.239066047000055], [120.38291263500004, 16.239383232000016], [120.383070157, 16.23974808800006], [120.38313182000003, 16.24017212100006], [120.38307193800006, 16.240571013000018], [120.38297438100007, 16.240792900000034], [120.38281176400007, 16.24091289200004], [120.3823820870001, 16.24091949900003], [120.38189248700006, 16.24085708000007], [120.38134806200003, 16.24093855000006], [120.38101767000002, 16.240922138000027], [120.38084135700002, 16.241048704000036], [120.38060173000008, 16.241526993000036], [120.38056751200008, 16.241798181000032], [120.38034336500004, 16.24252352200006], [120.380081451, 16.242620509000066], [120.38000098000009, 16.242434792000033], [120.37978014100008, 16.24234276800007], [120.37959698000009, 16.242492343000038], [120.37907315500003, 16.242633720000075], [120.37865375900002, 16.242880277000044], [120.37883181300003, 16.243159670000065], [120.37878219000004, 16.243519612000057], [120.378616135, 16.24350154300004], [120.37828915200011, 16.243325701000057], [120.37813679500005, 16.24336680000005], [120.37803236200013, 16.24324353900005], [120.37782858900006, 16.243218562000035], [120.37761974600006, 16.243351701000048], [120.37735098000006, 16.243355002000047], [120.37726881900007, 16.24351278700004], [120.37702059200002, 16.24345527500003], [120.37702572, 16.243313930000056], [120.37645396000003, 16.24354898500007], [120.37608591800007, 16.243922089000023], [120.37589281600003, 16.244063816000047], [120.37540664600012, 16.244236410000042], [120.3754015180001, 16.244407340000063], [120.37518924900009, 16.24452404000004], [120.37489308900001, 16.244471459000067], [120.37445827700004, 16.244721296000023], [120.37423242700004, 16.245070901000076], [120.37409739600004, 16.245405549000054], [120.37388616300007, 16.24563281500002], [120.37384185300004, 16.24581268200006], [120.37362551400008, 16.246015418000066], [120.37371405600005, 16.24618549300004], [120.37362168300001, 16.246662573000037], [120.37343089600006, 16.246837514000045], [120.37306461600008, 16.24739343500005], [120.37292148100006, 16.247798949000074], [120.372995, 16.248079457000063], [120.37318912100011, 16.248395080000023], [120.37319932100002, 16.248525898000022], [120.37275805, 16.249369607000066], [120.37254850400008, 16.249663680000026], [120.37246841300009, 16.249910586000055], [120.37245983300012, 16.250322658000073], [120.3723661140001, 16.250571198000042], [120.37221790000001, 16.25074614500005], [120.37205430800007, 16.251132535000064], [120.37178517600012, 16.25122897400007], [120.37174257200002, 16.25136959500003], [120.3713814250001, 16.251704760000052], [120.37137968500008, 16.251932055000054], [120.37151076400006, 16.252386664000028], [120.37141254300002, 16.252616404000037], [120.37125412400007, 16.252701412000025], [120.37077718800003, 16.252812535000036], [120.37060173300004, 16.25291879700006], [120.37042965800003, 16.253172229000025], [120.37041428700003, 16.25342078000005], [120.37025755600008, 16.253581009000072], [120.3697744010001, 16.25385336400006], [120.36947115000008, 16.254231051000033], [120.36928713600004, 16.25455643000003], [120.36927856600005, 16.25486548500004], [120.36967675000004, 16.254795435000055], [120.36985696500004, 16.25467466000003], [120.37012683300007, 16.254744609000053], [120.37052678500004, 16.25499195300006], [120.37051139800009, 16.25533534500005], [120.37021914700007, 16.25552682400007], [120.37019524800006, 16.255676815000072], [120.369764787, 16.25589754300006], [120.36980546500001, 16.256053766000036], [120.36959526800003, 16.256244158000072], [120.3694650440001, 16.25650140300007], [120.36945825800002, 16.25670969900005], [120.369573521, 16.256825241000058], [120.36976506600003, 16.25682687300002], [120.36974980500008, 16.25703842300004], [120.369126015, 16.256875677000036], [120.36943131300008, 16.25718660700005], [120.36913635900011, 16.257450224000024], [120.36919059700006, 16.25762434800004], [120.36899057300002, 16.257713845000072], [120.36885327300003, 16.25762433900007], [120.368585444, 16.25774963500004], [120.36855661700008, 16.258034415000054], [120.36832777000006, 16.25823457000007], [120.36836891500002, 16.258389527000077], [120.36806887300008, 16.25861408800006], [120.36802649000005, 16.25876054500003], [120.36778917400011, 16.258809357000075], [120.36752981600013, 16.258978589000037], [120.36743320100004, 16.258823990000053], [120.36718910500008, 16.258825609000045], [120.36725011900013, 16.259099], [120.36739080400002, 16.25932032000003], [120.36718716200004, 16.259342199000063], [120.36674641900004, 16.259685546000068], [120.3664938510001, 16.259584643000036], [120.36659212400004, 16.25995155200007], [120.36632284000007, 16.260228704000042], [120.36653980400003, 16.260511865000066], [120.36590344700004, 16.26096299200003], [120.36566920000007, 16.261256237000058], [120.36533519300008, 16.261516943000057], [120.36484530500002, 16.26138348100005], [120.36470237300013, 16.26171825600005], [120.36448707600005, 16.261999771000042], [120.3644116360001, 16.26237594300006], [120.364194655, 16.262418243000074], [120.3639573260001, 16.262595608000026], [120.36407427600011, 16.262869003000045], [120.36426582100013, 16.262974788000065], [120.36420832800002, 16.26357849800007], [120.36405575600008, 16.26372820300003], [120.36379639300004, 16.263827456000058], [120.36336575400001, 16.26425892400004], [120.36321656400004, 16.264533932000063], [120.36321993500007, 16.26485939500003], [120.36329281500002, 16.26505630400004], [120.36292326500008, 16.265145786000062], [120.36301759900003, 16.265436282000053], [120.36326507500007, 16.265742230000058], [120.36366876400007, 16.26616638000007], [120.36393151500012, 16.26617290300004], [120.36400542500007, 16.266347030000073], [120.36428342900001, 16.26642840900007], [120.36495938900009, 16.267083884000044], [120.36432896600002, 16.26792942300005], [120.3637468590001, 16.26867932600004], [120.3636351890001, 16.26900586500005], [120.36325638700009, 16.269649967000074], [120.36309295900004, 16.269859527000055], [120.36345218500003, 16.27057982300004], [120.36362701300003, 16.270522459000063], [120.3639194420001, 16.270562776000077], [120.36401473600006, 16.27073134500006], [120.36430621300009, 16.271005441000057], [120.3642981810001, 16.271224887000074], [120.36415318500008, 16.271380494000024], [120.3640053590001, 16.27180185500004], [120.36389501500003, 16.271629003000047], [120.36386348900011, 16.271380035000046], [120.36369502600007, 16.271383916000044], [120.36366525400003, 16.27207605800003], [120.36394118000008, 16.27219959000007], [120.36399435700002, 16.27263779900005], [120.3641043880001, 16.27264471600006], [120.36427427800004, 16.27288123800002], [120.36441865300002, 16.272568486000065], [120.36479386700012, 16.272390865000034], [120.36489130600012, 16.272221499000068], [120.364717906, 16.27198058100004], [120.36482230400009, 16.27181446900005], [120.364825547, 16.271597137000068], [120.3653372660001, 16.270961855000053], [120.36558115600008, 16.270996003000054], [120.36590624400003, 16.27117559100003], [120.36596275500006, 16.271279176000064], [120.3661920730001, 16.271245885000045], [120.36628094500009, 16.271353581000024], [120.3664615130001, 16.271293299000035], [120.36643561800008, 16.270879565000033], [120.36655775100007, 16.270268208000058], [120.36677322000001, 16.270253070000024], [120.36693114200011, 16.270556038000052], [120.36732456000006, 16.27073873100005], [120.3672930140001, 16.27102993600005], [120.36745122800006, 16.27125487200004], [120.36777434600005, 16.271381720000022], [120.3679081800001, 16.27154404000004], [120.36811730900003, 16.271569062000022], [120.36828960200012, 16.271423217000063], [120.368535156, 16.27137093200002], [120.36893213200007, 16.271018557000044], [120.36953478600003, 16.271103617000048], [120.3697532010001, 16.27124349500002], [120.36982838300003, 16.271410729000028], [120.36973266900009, 16.27164360000006], [120.36947127900011, 16.27194378900003], [120.36927725500004, 16.272259639000026], [120.36890083900005, 16.27272399900005], [120.36842196600004, 16.273184275000062], [120.36856731400009, 16.27329448000006], [120.36911964, 16.27302229100007], [120.36928681900008, 16.273278736000062], [120.36974202100009, 16.273222089000058], [120.369946894, 16.27333536300006], [120.36994853900002, 16.27359810400003], [120.37004196200006, 16.273668901000065], [120.37044064500003, 16.273719237000016], [120.37050620100003, 16.273602812000032], [120.37027346300012, 16.273429754000063], [120.370245597, 16.273281864000072], [120.37046193500008, 16.273052157000052], [120.37047996, 16.272918426000047], [120.37072580300001, 16.27280671500006], [120.3709412290001, 16.27295808000002], [120.37113370800012, 16.272963035000032], [120.37137603300005, 16.272788173000034], [120.37158070400007, 16.272893077000045], [120.37195707600006, 16.272700072000074], [120.37213064300012, 16.27295413400003], [120.372362629, 16.27357278300008], [120.3730677320001, 16.27342102800003], [120.37363113200001, 16.27332726700007], [120.37387110400005, 16.273325684000046], [120.37415576600007, 16.273003192000033], [120.37448344800009, 16.272983395000036], [120.37433470500002, 16.272513620000044], [120.37415946000012, 16.27233072700005], [120.37419036600011, 16.271620890000065], [120.37461443900007, 16.271592443000028], [120.3747002, 16.27177997200004], [120.37499084500008, 16.271842486000025], [120.37493617200003, 16.27142907600006], [120.37505370600002, 16.271139401000028], [120.37546823300012, 16.27113330900005], [120.37548094200008, 16.270924437000073], [120.37530624300005, 16.270578348000072], [120.37491984300004, 16.27013902400006], [120.37497219000011, 16.26991245700003], [120.37518183600001, 16.269973445000062], [120.37545819100002, 16.269811838000063], [120.37571707600011, 16.269476426000043], [120.3760156620001, 16.26936513300007], [120.37582861300007, 16.269019578000044], [120.3760636740001, 16.268603361000032], [120.37637734600001, 16.26840446400007], [120.37719209600004, 16.268363305000033], [120.37733979900007, 16.26828250100004], [120.37748432700005, 16.268024843000035], [120.37772465500008, 16.26799022600005], [120.37797508300004, 16.26773211800003], [120.37812368200004, 16.26769991100003], [120.37830401000008, 16.26738122100005], [120.37853825600006, 16.26733269600004], [120.37873906900006, 16.267082413000026], [120.379066007, 16.26683329100007], [120.37953449600003, 16.266734622000055], [120.37964908900007, 16.266749185000034], [120.37990530000002, 16.26660310100004], [120.37995629900003, 16.266445916000066], [120.38012003800009, 16.26632480500007], [120.38011735200007, 16.266123815000068], [120.37970491400006, 16.265774667000077], [120.38056943600009, 16.26509038400007], [120.38072966400013, 16.264717103000066], [120.38111633900009, 16.26452002000008], [120.38130254600003, 16.264270937000042], [120.38168934600003, 16.264427011000066], [120.3819692610001, 16.264198657000065], [120.38208912100004, 16.263864070000064], [120.38206783500006, 16.263694289000053], [120.3821408110001, 16.26335016400003], [120.38206295700003, 16.263257373000037], [120.38211058900004, 16.262858378000033], [120.38226383000006, 16.26274513300007], [120.382511442, 16.26274957600003], [120.38269765300004, 16.262520864000066], [120.38289666500009, 16.262177926000053], [120.38316951800005, 16.26230107500004], [120.383233657, 16.262164605000063], [120.38296996100007, 16.262006240000062], [120.38305819200004, 16.261821220000062], [120.38320255700012, 16.26179115200005], [120.38347423800008, 16.26142036900006], [120.38374595300003, 16.261147137000023], [120.38417521900011, 16.261012858000072], [120.3844456160001, 16.26040482500002], [120.3846158130001, 16.260392571000068], [120.38497901900008, 16.260233927000055], [120.3849458310001, 16.259905633000074], [120.38543859300012, 16.259744502000046], [120.38571041700003, 16.259771231000055], [120.3859359830001, 16.25969955900007], [120.38609349700005, 16.25973120600003], [120.38622819500004, 16.259887235000065], [120.38655077200008, 16.25977006000005], [120.38681494900005, 16.259728506000044], [120.38714509400008, 16.25948451500005], [120.387282206, 16.259321071000045], [120.38734816800002, 16.259101563000062], [120.38697226700003, 16.259267532000028], [120.38688475300012, 16.259069560000057], [120.38681092900005, 16.258674516000042], [120.38683542800004, 16.258268909000034], [120.38698524600011, 16.258117655000035], [120.38669044500011, 16.257795851000022], [120.38676652100003, 16.257456776000026], [120.38705603600012, 16.257259136000076], [120.38700765600002, 16.256968947000072], [120.38730483200004, 16.256873729000056], [120.38744222300012, 16.25695258400003], [120.38774956600004, 16.256871994000047], [120.38833140700002, 16.257161988000064], [120.38857652600007, 16.25717825800007], [120.38910122100003, 16.257345946000044], [120.38950445500006, 16.25732870300004], [120.3896938910001, 16.257068842000024], [120.3899068180001, 16.256976559000062], [120.39017405700008, 16.25694839600004], [120.39121272400007, 16.25704519100003], [120.39156811400005, 16.256969542000036], [120.39312582600009, 16.256911436000046], [120.39341016000003, 16.25676211800004], [120.39365936800006, 16.25669468700005], [120.39366438900004, 16.256580685000078], [120.39393032100008, 16.256540550000064], [120.39405241800011, 16.25644260800004], [120.39439996400004, 16.255957620000057], [120.39536015700003, 16.255228579000057], [120.39576643800001, 16.255527875000038], [120.39586951200012, 16.25542700400007], [120.39549031100013, 16.255139801000038], [120.39633327, 16.25422458900005], [120.39653907600007, 16.254027204000067], [120.39662604600004, 16.25411712200002], [120.39758837900001, 16.25348068600004], [120.39802912200003, 16.25315076800007], [120.3981668560001, 16.253309878000035], [120.39839203200006, 16.253152225000065], [120.39853594600004, 16.252856414000068], [120.39869084400003, 16.252811536000024], [120.39894480400007, 16.252520603000047], [120.39912257700009, 16.252231294000072], [120.39926455700004, 16.25168774400003], [120.39878546200009, 16.251358419000038], [120.39687907500002, 16.250091707000024], [120.39609107900002, 16.249607199000025], [120.39608431000012, 16.249537308000072], [120.39574938600003, 16.248886527000025], [120.39543959200013, 16.24837290300007], [120.3952855240001, 16.248556562000037], [120.39504004200012, 16.248563054000044], [120.39454907100001, 16.248681684000076], [120.39454739000008, 16.24842650300007], [120.39525167700003, 16.248255870000033], [120.3953278690001, 16.248068958000033], [120.395485312, 16.248143730000027], [120.39616986300007, 16.249425020000043], [120.39633746200003, 16.249615192000025], [120.39887777500006, 16.251270912000052], [120.39898865400004, 16.25116934400006], [120.39943899700006, 16.250964559000067], [120.3998185820001, 16.25069977500004], [120.40020290500001, 16.250270687000064], [120.40042638300008, 16.250098403000035], [120.40081519700006, 16.24970567900004], [120.40133064300005, 16.24905847800005], [120.40145423700007, 16.248640762000033], [120.40119182800002, 16.248340068000054], [120.40145086500002, 16.247447422000047], [120.40163202100007, 16.24660548900005], [120.40173529600008, 16.24633579300007], [120.40168620400006, 16.246005846000063], [120.4019045970001, 16.245830309000034], [120.40227150900012, 16.245275225000057], [120.4025271490001, 16.24481956300002], [120.402865743, 16.24408232900003], [120.40321506700002, 16.243239787000054], [120.40325569800007, 16.24305449700006], [120.40318629000002, 16.24239460200005], [120.40339048400006, 16.241841992000047], [120.40331260900008, 16.24173309300005], [120.40345481600002, 16.240959772000053], [120.40356485600013, 16.240774482000063], [120.40334477600004, 16.240690637000057], [120.40339387100006, 16.24036881600006], [120.40257280700006, 16.240216030000056], [120.40273871500007, 16.240090878000046], [120.40336495600002, 16.240214059000042], [120.40385725100009, 16.23904137100004], [120.40533150000009, 16.239065303000075], [120.40561171000002, 16.239359607000036], [120.40580318600007, 16.23945289100004], [120.40689189900003, 16.239764483000044], [120.40965715000006, 16.240153829000064], [120.41091820800011, 16.240320940000064], [120.42499433600005, 16.24066293400005], [120.43018068600009, 16.240770774000058], [120.432966512, 16.242066934000032], [120.43463327600013, 16.242754030000068], [120.43639171600013, 16.244157553000036], [120.4390768740001, 16.245284582000068], [120.43483756500008, 16.256617951000067], [120.43412054900011, 16.259134987000042], [120.43107594000003, 16.269719882000064], [120.42534566000006, 16.287323523000055], [120.42354923900007, 16.293269069000075]]]}','2025-10-03 19:24:59.000000','2025-10-03 19:24:59.000000',18),(103318000,'Santol',114.0000,55.0000,'{\"type\": \"Polygon\", \"coordinates\": [[[120.5429340300001, 16.76328141200003], [120.53891887300006, 16.76427650100004], [120.49057354700005, 16.801864505000026], [120.46738423900001, 16.812485928000058], [120.45621658900006, 16.812376827000033], [120.44524934200001, 16.822092211000047], [120.44217503400012, 16.815582645000063], [120.44176913500009, 16.81534051100004], [120.44194718400003, 16.814947321000037], [120.44202137100001, 16.814643154000066], [120.44200653300004, 16.814168358000074], [120.4418952530001, 16.81385677300005], [120.44172462300004, 16.813567444000057], [120.44146496900011, 16.812988786000062], [120.44115338400002, 16.812862668000037], [120.44090856700006, 16.81287008700002], [120.44076761200006, 16.812721713000023], [120.44070826200004, 16.812491734000048], [120.44078244900005, 16.812165311000054], [120.44136110700005, 16.811408605000054], [120.4416875300001, 16.810792853000066], [120.44178397300004, 16.81041450000004], [120.44176171700008, 16.809917447000036], [120.4415317370001, 16.80951683800003], [120.44124982700008, 16.80911622900004], [120.44122757100003, 16.808552408000025], [120.4413907820001, 16.808411453000076], [120.442095558, 16.808159217000025], [120.44252584200002, 16.807691840000075], [120.44279291500004, 16.80756572200005], [120.44338641000003, 16.807944075000023], [120.44396506800003, 16.80874529400006], [120.44392055600008, 16.809524257000078], [120.4440615110001, 16.80993228500006], [120.4444101900001, 16.81025870700006], [120.44522624600008, 16.81032547600006], [120.44556750600009, 16.81002130900003], [120.44576781, 16.809687468000046], [120.4458568350001, 16.809145903000054], [120.44588650900005, 16.808678526000055], [120.44562685500011, 16.807721515000022], [120.44567136700006, 16.80729864900007], [120.445834579, 16.806883202000055], [120.44584199700012, 16.80658645500006], [120.44556008700009, 16.806378731000052], [120.44510012800002, 16.806185845000073], [120.444758868, 16.805926191000022], [120.44432858400012, 16.805495907000022], [120.44336415400005, 16.804946924000035], [120.44290419500011, 16.80442761500006], [120.44257777300005, 16.80435342800007], [120.44227360600009, 16.804412778000028], [120.44208072000005, 16.80430891600002], [120.44165043600003, 16.803700583000023], [120.44147980600007, 16.803322230000052], [120.44126466400007, 16.802995808000045], [120.441234989, 16.802847434000054], [120.44136110700005, 16.802676804000047], [120.44154657500009, 16.80222426400007], [120.44147980600007, 16.801994284000045], [120.44090114800008, 16.801497232000024], [120.44068600600008, 16.801141135000023], [120.44055988800007, 16.80079987500005], [120.44058956300012, 16.800139611000077], [120.44068600600008, 16.799872538000045], [120.44101242900001, 16.79942741700006], [120.44170236700006, 16.799093576000075], [120.44251100500003, 16.79867071000007], [120.442815171, 16.79840363700004], [120.44210616800002, 16.795803996000075], [120.44037805500012, 16.790640410000034], [120.43919687900006, 16.787067040000068], [120.43902423700003, 16.78553484100007], [120.43712517400003, 16.78417528500006], [120.42847860400003, 16.768890468000052], [120.42745744200012, 16.764202273000016], [120.42925610400005, 16.75613841400007], [120.42985151900008, 16.755444148000038], [120.43005001500002, 16.755149390000046], [120.43043343300008, 16.754101346000024], [120.43086468700007, 16.753073074000042], [120.43108367700007, 16.752758712000055], [120.43157516500004, 16.752301230000057], [120.4319602500001, 16.752045079000027], [120.43252805500005, 16.751732926000045], [120.43413345400006, 16.75119204700007], [120.43462278800007, 16.751154666000044], [120.43492941400007, 16.751223457000037], [120.43526860500003, 16.751448453000023], [120.43566900600001, 16.751923397000038], [120.43604733600012, 16.75201093900006], [120.43660182800012, 16.751861162000065], [120.43688234500009, 16.75173630200004], [120.43789063100009, 16.75150542600005], [120.43841902100009, 16.75136188200002], [120.43884954500005, 16.75106845400006], [120.439216244, 16.750363019000076], [120.43952288100002, 16.750013270000064], [120.43993389300009, 16.74984473000006], [120.44022743200003, 16.749819814000034], [120.44090579400006, 16.749695075000027], [120.44118626900001, 16.74957647900004], [120.44142119700008, 16.749332888000026], [120.44171049400008, 16.74871789900004], [120.44204967500004, 16.748262131000043], [120.44233674400004, 16.748099731000018], [120.44266284600008, 16.74781256700004], [120.44289118900008, 16.747406684000058], [120.44300118900003, 16.746857331000054], [120.44305345600004, 16.746395214000074], [120.44320352900002, 16.745989337000026], [120.44343447000006, 16.745566011000047], [120.44366270900002, 16.74528504300002], [120.4440736030001, 16.74497290900007], [120.44456924000009, 16.744779396000073], [120.4452148470001, 16.744723308000058], [120.44584084900009, 16.744742169000062], [120.44644809400006, 16.745002533000044], [120.44649372800008, 16.745077475000073], [120.4470088720001, 16.74520870300006], [120.44719798700011, 16.745171268000032], [120.44759572600002, 16.744902849000027], [120.44788280100012, 16.744584400000065], [120.44812648900006, 16.744061600000062], [120.44853090700008, 16.74342473800004], [120.44918318600003, 16.742291656000077], [120.44924851200007, 16.74187945800003], [120.44915074300003, 16.741592171000036], [120.4490072970001, 16.74146723800004], [120.44786898200006, 16.741108182000062], [120.44757563400003, 16.740939573000052], [120.44745180600012, 16.74074601700005], [120.44743227500011, 16.740546216000045], [120.44764093100002, 16.740271464000042], [120.44818868300003, 16.740021766000044], [120.44846321300008, 16.73993672400007], [120.44900425800004, 16.73963698700004], [120.44919975700009, 16.73949342300006], [120.44934965200002, 16.73913144400006], [120.44926715600002, 16.73772930400003], [120.449338871, 16.737529583000025], [120.44956695700013, 16.737323647000043], [120.45027747100006, 16.736799547000032], [120.4506151510001, 16.73643928600006], [120.4507715970001, 16.736351967000076], [120.45114315800004, 16.736302158000054], [120.45162546400003, 16.736327152000054], [120.45199039400006, 16.73624598900005], [120.4525050950001, 16.73596509500004], [120.452707153, 16.735790387000065], [120.45283751900003, 16.73558445900005], [120.45290272800003, 16.73530987500004], [120.45290286600004, 16.735022796000067], [120.45279889100004, 16.73411776700004], [120.45257823300007, 16.733745286000037], [120.45213513900002, 16.733551744000067], [120.45166575300004, 16.733420565000067], [120.45145064000009, 16.733289449000033], [120.45120298000008, 16.73289622700003], [120.4511834530001, 16.73265284500008], [120.45124867700008, 16.73234081600003], [120.45151596200003, 16.731741743000043], [120.45194513100012, 16.731358879000027], [120.45236235800007, 16.731140624000037], [120.45258387500009, 16.731140651000036], [120.45288999700007, 16.731390211000075], [120.45356758400008, 16.732357642000068], [120.45384128900002, 16.73234519200002], [120.45401078100008, 16.732158001000077], [120.45461058600004, 16.73076005100006], [120.454653709, 16.730185284000076], [120.45481662700001, 16.73007296700007], [120.45547488200008, 16.730079296000046], [120.45573560500009, 16.72985464400006], [120.45586597200008, 16.729661187000033], [120.45597681600009, 16.729280490000065], [120.45585304200007, 16.728962153000055], [120.45535278700004, 16.728914596000035], [120.455046496, 16.72884588800002], [120.45475978400009, 16.728714774000025], [120.45444706800005, 16.72840892100004], [120.45441453400008, 16.72815304800002], [120.45518354800002, 16.727635150000026], [120.45527480900012, 16.727472924000036], [120.45525531400006, 16.727192183000057], [120.45505334400004, 16.727092352000057], [120.45393378700011, 16.72715668300004], [120.45364710200012, 16.727131687000057], [120.45327579900005, 16.727000625000073], [120.45323024400011, 16.726751070000038], [120.45333450700002, 16.726432867000025], [120.45321881600012, 16.72574741900007], [120.4533035390001, 16.72554779000006], [120.45409830100004, 16.725441833000048], [120.45439801200008, 16.725273411000046], [120.45469124100008, 16.72498642700003], [120.45481509700004, 16.724618294000038], [120.454678316, 16.724362450000058], [120.45421113000008, 16.724252320000062], [120.453917959, 16.72405886900003], [120.45373560700011, 16.723653351000053], [120.45378125500008, 16.723347652000026], [120.45411356900003, 16.723141689000048], [120.45445886900006, 16.723172919000035], [120.45478526000012, 16.72334561500003], [120.45498071200008, 16.723295732000054], [120.45496120200004, 16.723064868000055], [120.4551176530001, 16.722440944000027], [120.45545581600004, 16.721738909000067], [120.4554558860001, 16.72123356400004], [120.4550911250001, 16.720890352000026], [120.4547326060001, 16.720704257000023], [120.45505035400005, 16.72001842200006], [120.45571414400001, 16.719157953000035], [120.46003513000005, 16.71681417400004], [120.46691884400002, 16.713103010000058], [120.47458554500008, 16.708921292000063], [120.47551528200005, 16.70911520100003], [120.49409488600008, 16.713085960000058], [120.50037540600012, 16.708009924000066], [120.50433299400004, 16.706375268000045], [120.50880679000011, 16.70654733700007], [120.51233420500012, 16.705084750000022], [120.51500127500003, 16.70448250800007], [120.5181845530001, 16.704310439000043], [120.51801248400011, 16.701299231000068], [120.52928300600003, 16.685554913000033], [120.53762835500005, 16.67531680500002], [120.5629930140001, 16.67841648000007], [120.56308981200004, 16.678726462000046], [120.56349630300008, 16.679414371000057], [120.56396533200008, 16.67993030200006], [120.56452034900006, 16.680250805000068], [120.56487212000002, 16.680508771000063], [120.56495810900005, 16.680719834000058], [120.56526297700009, 16.681079422000042], [120.56536460000005, 16.681298302000073], [120.56506754900012, 16.68176733100006], [120.56474704600011, 16.682361434000033], [120.5647001430001, 16.682986805000045], [120.56489557200007, 16.683221319000044], [120.56493465700011, 16.683408931000024], [120.56481655800006, 16.683887112000036], [120.56473922900011, 16.68440952500004], [120.56458288600005, 16.684761296000033], [120.56438745700007, 16.685027079000065], [120.56387152600007, 16.68552737600004], [120.56357447400002, 16.685886965000066], [120.56330869200008, 16.686293456000044], [120.56298818900008, 16.686473251000052], [120.56240972000012, 16.68709080500003], [120.5621830230001, 16.687403491000055], [120.56183906900003, 16.688138302000024], [120.56164364000006, 16.688435354000035], [120.5611667940001, 16.688732405000053], [120.56076030300005, 16.689170165000068], [120.56057269200005, 16.689248336000045], [120.56053360600005, 16.689459399000043], [120.56060838000008, 16.68963828900007], [120.55950174300006, 16.690499079000062], [120.55925941100008, 16.690655422000077], [120.55909525100003, 16.690952474000028], [120.5587434800001, 16.691132268000043], [120.5585480510001, 16.691437136000047], [120.558219731, 16.691702919000022], [120.55786796000007, 16.69169510200004], [120.55664848600009, 16.692281388000026], [120.55619509100008, 16.69246118200005], [120.55570261100002, 16.69255498800004], [120.55526485100006, 16.692758234000056], [120.55495998300012, 16.69294584500005], [120.55461602900006, 16.693235079000026], [120.5539437540001, 16.69321944500006], [120.55350599400003, 16.69326634800006], [120.55260702300008, 16.693547765000062], [120.55230997100011, 16.693696291000034], [120.55188002900003, 16.69384481700007], [120.551559526, 16.69403242800007], [120.55116085100009, 16.69414968500007], [120.55066837100003, 16.694431102000063], [120.55024624600004, 16.69458744500002], [120.55005081700006, 16.69477505700007], [120.54958178900006, 16.69492358200006], [120.54907367400006, 16.695017388000053], [120.54826850900007, 16.695603674000044], [120.54804962900006, 16.695900725000058], [120.54769785700012, 16.696103971000067], [120.54733826900008, 16.696440108000044], [120.54701776600008, 16.69662771900005], [120.54661127400004, 16.696729342000026], [120.5462126000001, 16.697151468000072], [120.54587646300003, 16.697620497000056], [120.54554814300002, 16.698198965000078], [120.54536834800003, 16.69867581100004], [120.54482896600007, 16.699613868000025], [120.54455536600004, 16.699950005000062], [120.5438909080001, 16.70051283900006], [120.54349223400004, 16.700778622000026], [120.54306229100007, 16.700958417000038], [120.54278087400007, 16.701185114000054], [120.54264798300005, 16.701583788000054], [120.54260108000005, 16.701966828000025], [120.54248382300011, 16.702349868000052], [120.54269488600005, 16.702920519000028], [120.54307792600004, 16.704335422000042], [120.5433280740001, 16.704859171000066], [120.54343751400006, 16.705398554000055], [120.54359385700002, 16.70568778800003], [120.54363294300003, 16.706023925000068], [120.54377566600012, 16.706471003000047], [120.54376583400004, 16.706922897000027], [120.54357040600007, 16.707345022000016], [120.54310137700008, 16.708032931000044], [120.54303884, 16.708376885000064], [120.54274178800006, 16.709041342000035], [120.5424447370001, 16.709244588000047], [120.54163957100002, 16.709995034000027], [120.5412799830001, 16.710417160000077], [120.54067806300009, 16.711019080000025], [120.54026885000009, 16.71152081700006], [120.53958366300002, 16.712410531000046], [120.53924752600007, 16.712801388000056], [120.53901301100007, 16.71319224500007], [120.53869250800005, 16.713512748000028], [120.53843454300012, 16.713919240000052], [120.53807495400008, 16.714224108000053], [120.53784825700006, 16.714607148000027], [120.5370899940001, 16.71504490800004], [120.53650370800004, 16.715224702000054], [120.53577671400002, 16.715748451000024], [120.53483865700004, 16.715928245000043], [120.53427582300004, 16.71617057700007], [120.53365826800007, 16.71647544500007], [120.53343938800003, 16.716842851000024], [120.53341007400002, 16.71793725100002], [120.5335566450001, 16.71898474800002], [120.53382036200001, 16.719888223000055], [120.53420505800011, 16.720465268000055], [120.53478210300011, 16.720904921000056], [120.53574384400008, 16.721042312000066], [120.53676054100004, 16.720987355000034], [120.5377772390001, 16.721097269000037], [120.53972819900002, 16.721454487000074], [120.5407174180001, 16.722059010000063], [120.54181655100003, 16.723103185000074], [120.54277829200008, 16.724147361000067], [120.54354768400003, 16.725328929000053], [120.54409725100004, 16.726208235000055], [120.54450942500011, 16.727224932000066], [120.54500403500005, 16.728296586000052], [120.54544368800009, 16.728928588000027], [120.54552612300007, 16.72975293700006], [120.54552612300007, 16.73052233000004], [120.54530629600005, 16.73164894000007], [120.54527881800006, 16.732857986000052], [120.545058991, 16.733929640000042], [120.54483916500011, 16.73527607800003], [120.54483916500011, 16.73659503600004], [120.54486664300008, 16.738078865000034], [120.54522386100007, 16.739672607000045], [120.54555360100007, 16.740744262000078], [120.54585586300003, 16.741623567000033], [120.54651534200002, 16.741623567000033], [120.54736717000004, 16.742118177000066], [120.54780682300009, 16.74258530800006], [120.5483838670001, 16.743052440000042], [120.54885099800003, 16.743931746000044], [120.54931813000006, 16.745305661000028], [120.5503684790001, 16.746588971000055], [120.55093935000002, 16.74813592700008], [120.55132404700011, 16.749482365000055], [120.55126909000002, 16.751103585000067], [120.55091187200003, 16.752477501000044], [120.55027987100006, 16.753301850000067], [120.54945552100004, 16.753768981000064], [120.5487136070001, 16.754318547000025], [120.5483563890001, 16.755637506000024], [120.54777934400009, 16.75725872700002], [120.54711986500003, 16.75811055400004], [120.54654282000003, 16.758687599000037], [120.54519638300008, 16.759402035000054], [120.54409725100004, 16.760006558000043], [120.5433278580001, 16.760720994000053], [120.54283324800008, 16.76160030000005], [120.54264090000005, 16.762452128000067], [120.5429340300001, 16.76328141200003]]]}','2025-10-03 19:24:59.000000','2025-10-03 19:24:59.000000',17),(103319000,'Sudipen',89.0000,57.0000,'{\"type\": \"Polygon\", \"coordinates\": [[[120.5429340300001, 16.76328141200003], [120.54423786100007, 16.764970922000032], [120.54552833900004, 16.765769790000036], [120.547003172, 16.766199950000043], [120.54829365100011, 16.766875915000075], [120.54890816500007, 16.767490429000077], [120.54922831500006, 16.768428437000065], [120.54974314800008, 16.769367250000073], [120.54986428500001, 16.77063919000005], [120.54977343300006, 16.77224425800006], [120.54947059000007, 16.773485914000045], [120.54895575700006, 16.77460643300003], [120.54838035500006, 16.775908658000052], [120.5477141, 16.777634863000063], [120.5474718260001, 16.778664529000025], [120.54674500300007, 16.77939135200006], [120.54553363100001, 16.77966391100006], [120.54471595500002, 16.779300499000044], [120.54383771000005, 16.778603961000044], [120.54341373000011, 16.777786284000058], [120.54229321100003, 16.777180599000076], [120.54093041800002, 16.776998893000037], [120.5396887610001, 16.77727145100005], [120.53859852700009, 16.777877137000072], [120.5372660180001, 16.77845253900005], [120.53647862600008, 16.779118794000055], [120.53578208700003, 16.779966754000036], [120.53535810700009, 16.781117557000073], [120.53493412700003, 16.78299518400007], [120.53475785400009, 16.784111664000022], [120.53471281000009, 16.785542150000023], [120.5348584310001, 16.786424940000074], [120.53514004700003, 16.787169211000048], [120.53576362600005, 16.787973829000066], [120.53634697300004, 16.788516946000072], [120.53699066800006, 16.78881867700005], [120.53795620900007, 16.789341679000074], [120.53839874800009, 16.789804334000053], [120.53908267300004, 16.790246874000047], [120.5400280990001, 16.790448028000068], [120.54095341000004, 16.79068941300005], [120.5420195280001, 16.790850337000048], [120.54320633900012, 16.791011260000058], [120.54389026400008, 16.79137333800002], [120.54433280400009, 16.79193657100007], [120.54441326500013, 16.79298257400006], [120.54433280400009, 16.793586037000065], [120.54401095700007, 16.794330308000042], [120.5432264540001, 16.79489354000003], [120.542421837, 16.795195272000058], [120.54179825800007, 16.795034349000048], [120.54119479500002, 16.79457169300002], [120.54095341000004, 16.794290077000028], [120.54065167800002, 16.794048692000043], [120.53996775300004, 16.793827422000053], [120.53926371200008, 16.794330308000042], [120.5385999030001, 16.794953887000073], [120.53799644000001, 16.795617696000026], [120.53757401500002, 16.79634185200006], [120.53723205300003, 16.79736774000003], [120.53670905100012, 16.799057437000045], [120.53632685800005, 16.80050574900002], [120.53602512600003, 16.80131036600005], [120.53566304800005, 16.801853483000063], [120.53511993200004, 16.80237648500003], [120.53423485200005, 16.80314087100004], [120.53367162000008, 16.803000063000074], [120.53226353900006, 16.80201440700006], [120.53192157600006, 16.801591982000044], [120.53137845900005, 16.800787365000076], [120.53085545800003, 16.799359168000024], [120.53047326500007, 16.798594782000066], [120.5299904940001, 16.79791085700003], [120.52914564500009, 16.79762924000005], [120.52815998900007, 16.797568894000047], [120.52699329300003, 16.797347624000054], [120.5260478670001, 16.796985546000037], [120.52514267300012, 16.796703930000035], [120.523935746, 16.796945315000073], [120.52303055100003, 16.797830395000055], [120.52228628000012, 16.79877582100005], [120.52168281700007, 16.799701131000063], [120.52138108500004, 16.800445402000037], [120.52126039200003, 16.80100863500007], [120.52126039200003, 16.80169256000005], [120.52136097000003, 16.80231613800004], [120.5217431630001, 16.803120756000055], [120.52246731900003, 16.803764450000077], [120.52361389900011, 16.80446849100002], [120.52478059500004, 16.80505183800005], [120.52566567400004, 16.805474263000065], [120.52671167700011, 16.806097841000057], [120.52721456300002, 16.806640958000063], [120.52826056600009, 16.80704326700004], [120.52948760800007, 16.80736511400005], [120.53067441900009, 16.807546153000033], [120.53180088400006, 16.808612271000072], [120.53280665600005, 16.80931631200002], [120.53389289000006, 16.80967839000004], [120.5353009700001, 16.81054335400006], [120.53526074000001, 16.811569241000033], [120.53552224000009, 16.813520439000058], [120.53548200900003, 16.814928520000024], [120.53520039300008, 16.816054985000047], [120.53453658400008, 16.817040641000062], [120.5339733510001, 16.81748318100006], [120.53274630900013, 16.817945836000035], [120.5322031930001, 16.818509069000065], [120.53135834400008, 16.81977634100002], [120.5307749960001, 16.820540728000022], [120.52982957000008, 16.821184422000044], [120.52898472200002, 16.82150626900005], [120.52826056600009, 16.821808001000022], [120.52743583300004, 16.822451695000037], [120.52695306200008, 16.82353792900005], [120.52667144600002, 16.824624163000067], [120.52643006100006, 16.825368434000044], [120.525907059, 16.827098362000072], [120.52548463500013, 16.828305289000067], [120.52498174900005, 16.82906967500003], [120.52468001700004, 16.829572561000077], [120.52407418100006, 16.829864180000072], [120.52346839100005, 16.830490860000054], [120.52277904400013, 16.831013093000028], [120.52193302600006, 16.831514436000067], [120.5213690150001, 16.831535325000058], [120.52087811600006, 16.831232430000053], [120.52036632800002, 16.830845978000067], [120.51963104200001, 16.830880065000027], [120.51916838700005, 16.83136283600004], [120.51820284500002, 16.831664567000075], [120.51731776600002, 16.831765144000034], [120.5165734950001, 16.83178526000006], [120.51480333600013, 16.831885837000062], [120.513918256, 16.83184560600006], [120.51279179200003, 16.83182549100007], [120.51186648100008, 16.832650224000076], [120.511705558, 16.833837035000045], [120.51035782300005, 16.836492273000037], [120.50931182000011, 16.837095736000038], [120.50882905000003, 16.838986588000072], [120.5086681260001, 16.839429128000063], [120.50728016100005, 16.842325751000033], [120.5069985450001, 16.84321083100002], [120.5068979670001, 16.844095910000025], [120.5068979670001, 16.844880412000066], [120.50695831400003, 16.846549994000043], [120.50717958400004, 16.846851725000025], [120.5077830470001, 16.847254034000056], [120.5087485880001, 16.84745518900007], [120.50961355200003, 16.848139114000052], [120.50979459100007, 16.84856153800007], [120.51001586100006, 16.850613313000053], [120.51021701500008, 16.854736978000055], [120.51029747700011, 16.85536055700004], [120.51029747700011, 16.856044482000073], [120.5099957450001, 16.856849100000034], [120.5095330900001, 16.85755314000005], [120.50911066600008, 16.857874987000056], [120.50830604800002, 16.85839798900003], [120.50774281600002, 16.858820413000043], [120.50740085300005, 16.859162376000025], [120.5075617770001, 16.859665262000018], [120.50890951100007, 16.862300384000037], [120.50907043500001, 16.86342684900006], [120.50963366700012, 16.865116546000024], [120.50981470600006, 16.865599317000033], [120.5100963230001, 16.867027513000036], [120.51019690000011, 16.86765109200007], [120.51021701500008, 16.86835513200003], [120.51035782300005, 16.86889824900004], [120.51076013200009, 16.869622405000026], [120.51114232500004, 16.87084944700007], [120.51144405700006, 16.87175464200004], [120.5116250960001, 16.872498913000072], [120.51202740500004, 16.873243184000042], [120.51244982900005, 16.873665609000057], [120.5133952550001, 16.874490342000055], [120.51413952600002, 16.875113920000047], [120.5151452980001, 16.876079462000064], [120.51592980000011, 16.876501886000028], [120.51665395600004, 16.877185811000064], [120.51725722800008, 16.877846577000074], [120.51772007500006, 16.878432968000027], [120.51812238400008, 16.879257701000025], [120.518102268, 16.87980081800004], [120.5179011140001, 16.88070601300006], [120.5176798440001, 16.881329592000043], [120.51751892000004, 16.882013517000075], [120.51697580300004, 16.882657211000033], [120.51653326400002, 16.883260674000038], [120.51613095500012, 16.88374344500005], [120.51562806900007, 16.884286562000053], [120.51506483700007, 16.884849794000043], [120.51450160400007, 16.885171641000056], [120.51309352300005, 16.885895797000043], [120.51198717400005, 16.88666018400005], [120.51158486500003, 16.887022262000073], [120.51142394200008, 16.887283762000038], [120.51156475000005, 16.889597038000034], [120.5121682130001, 16.890421771000028], [120.51224867500002, 16.891266620000064], [120.51265098400006, 16.894887399000023], [120.51265098400006, 16.89625524900003], [120.51269121400003, 16.89705986700005], [120.51277167600006, 16.897502407000047], [120.51325444700002, 16.898488063000062], [120.51355617800004, 16.898870257000056], [120.51383779500009, 16.899855913000064], [120.51430045000005, 16.90043926100003], [120.51494414400008, 16.901042724000035], [120.51574876200006, 16.901666303000066], [120.51597003100005, 16.902008266000056], [120.51607060900005, 16.902591613000023], [120.5166941870001, 16.903476693000073], [120.51731776600002, 16.90420084900006], [120.51772007500006, 16.904764081000057], [120.51848446200006, 16.90552846800006], [120.51884653900002, 16.906172162000072], [120.51914827100008, 16.906534240000042], [120.51936954100007, 16.907358973000047], [120.51942988700013, 16.90782162800002], [120.51922873300008, 16.908425091000023], [120.51902757800006, 16.908706708000068], [120.51834365300012, 16.909430863000072], [120.51717695800005, 16.910577444000065], [120.51705626500008, 16.911442408000028], [120.51701603400012, 16.912267141000026], [120.5170361500001, 16.913433836000024], [120.51691545700008, 16.914419493000025], [120.51675453400004, 16.91530457200002], [120.51634078900008, 16.91659104200005], [120.51607053600004, 16.91707279700006], [120.51557703100003, 16.91754280200007], [120.51429626700009, 16.918106808000058], [120.51341500800004, 16.918306560000076], [120.51246324700003, 16.918353561000053], [120.5115937380001, 16.918271310000026], [120.51072422900006, 16.918236059000037], [120.51027772400005, 16.918106808000065], [120.50981946900005, 16.917918806000042], [120.509372964, 16.91761330300005], [120.50910271200006, 16.91729604900007], [120.50825670300001, 16.916074036000055], [120.5079629490001, 16.91555703100004], [120.50759869500008, 16.915380779000028], [120.50668218600003, 16.915134026000032], [120.50563642500005, 16.91482852300004], [120.50502541800006, 16.91455827000004], [120.50450841200006, 16.914135266000073], [120.5038269050001, 16.913536009000037], [120.5033334000001, 16.912878002000074], [120.50291039500007, 16.912208245000045], [120.50227588900009, 16.91145623700004], [120.50090112400004, 16.91032822500006], [120.50039586900004, 16.910022722000065], [120.49947935900003, 16.909587967000054], [120.49875085100008, 16.909117962000035], [120.49737608600003, 16.908330703000047], [120.49573106900004, 16.907813698000037], [120.49519056300007, 16.90768444700006], [120.49466180700004, 16.907390693000025], [120.49386279900011, 16.90679143700004], [120.49288753800012, 16.905921928000055], [120.49208853000005, 16.90563992500006], [120.49117789600007, 16.90554522300004], [120.48999382900001, 16.90546628500005], [120.48817825900005, 16.906058319000067], [120.48474446500006, 16.90775548200003], [120.48257367600002, 16.90913689300003], [120.48091598200007, 16.910281491000035], [120.48004766600003, 16.911149807000072], [120.47969244600006, 16.912097060000068], [120.47886359900009, 16.912491749000026], [120.47740325000007, 16.912807501000035], [120.47487724000005, 16.913517941000066], [120.47002256600001, 16.914780946000064], [120.4683254030001, 16.91485988300008], [120.46666770900002, 16.91482041400007], [120.46426010700009, 16.914504663000056], [120.46291816400003, 16.913754754000024], [120.46102365700007, 16.912570687000024], [120.45985081700007, 16.911716889000044], [120.45905021200008, 16.911149807000072], [120.45751092500007, 16.90996574000007], [120.45620845100007, 16.90925530000004], [120.45411660000002, 16.908505391000062], [120.45397952500004, 16.902720085000052], [120.45387486900007, 16.901215516000036], [120.45383607400005, 16.900359858000055], [120.45377895600008, 16.900058878000042], [120.45355325900005, 16.899732545000067], [120.45371714400005, 16.899210826000058], [120.45367305600008, 16.89878053600006], [120.45336928800009, 16.89719319600005], [120.45313333400009, 16.89610063200007], [120.4528743620001, 16.89471002100004], [120.45289005100005, 16.894334364000027], [120.45337924800003, 16.891924707000047], [120.45343006600001, 16.891636465000033], [120.45449832100006, 16.88865337000004], [120.45460928300008, 16.885578278000025], [120.45676506200004, 16.88129952500003], [120.4617336770001, 16.876312580000043], [120.46350073900011, 16.874456851000048], [120.46470488600006, 16.86659320100006], [120.4647637060001, 16.86563644800003], [120.45939196200003, 16.85775511300005], [120.45508622600006, 16.851560898000063], [120.45114068900011, 16.846128416000056], [120.44532690000007, 16.837064359000067], [120.44452732500007, 16.833344881000077], [120.44428969000012, 16.83161853400003], [120.44678744000011, 16.825322155000034], [120.44524934200001, 16.822092211000047], [120.45621658900006, 16.812376827000033], [120.46738423900001, 16.812485928000058], [120.49057354700005, 16.801864505000026], [120.53891887300006, 16.76427650100004], [120.5429340300001, 16.76328141200003]]]}','2025-10-03 19:24:59.000000','2025-10-03 19:24:59.000000',19),(103320000,'Tubao',54.0000,36.0000,'{\"type\": \"Polygon\", \"coordinates\": [[[120.45716649600003, 16.298296536000063], [120.45669338200003, 16.305540270000048], [120.45504727100003, 16.310038663000057], [120.45135582200008, 16.31970222800004], [120.4504898560001, 16.320652755000022], [120.45040315000006, 16.32095140700005], [120.45040315000006, 16.321486090000064], [120.45097068500002, 16.32204729600005], [120.45319305900013, 16.324142104000035], [120.45642633500007, 16.327238137000055], [120.4574774560001, 16.327947668000036], [120.45679162700004, 16.32925910600005], [120.45614591000003, 16.33057639000003], [120.45571495100012, 16.331601166000045], [120.45559031500011, 16.332363007000023], [120.45558843500008, 16.332949330000073], [120.45552573900011, 16.33344752000005], [120.45540227400011, 16.333842925000063], [120.45511055400004, 16.334311126000042], [120.45475811100006, 16.334661883000024], [120.45374713900003, 16.335552984000064], [120.45385379300002, 16.33578186000005], [120.45387954100009, 16.336944358000043], [120.45415032800008, 16.337634568000055], [120.45439203300009, 16.338502463000058], [120.45444485900009, 16.33882822200008], [120.45470018300011, 16.339611806000047], [120.45477061800011, 16.340043217000073], [120.45488507400013, 16.340439410000045], [120.454893878, 16.340650714000052], [120.45437214000003, 16.341434904000042], [120.4541631200001, 16.34153114400004], [120.45395965900003, 16.34176456200004], [120.45353414200008, 16.342153238000037], [120.45334060100005, 16.342495134000043], [120.45336230500006, 16.34275557100006], [120.45354681900005, 16.34296624700005], [120.45361725400005, 16.34363537400003], [120.45361725300006, 16.34394352500004], [120.45355562300006, 16.344146024000054], [120.45291751700005, 16.350426056000057], [120.4562737330001, 16.359353187000067], [120.45352722900007, 16.36702795800005], [120.45131723100008, 16.37319530100006], [120.45090785700006, 16.37399045400002], [120.44461437400001, 16.38612987700003], [120.4441316010001, 16.38535744100005], [120.44381779800007, 16.384898806000024], [120.44338330300003, 16.384391895000018], [120.442490173, 16.383740151000037], [120.44183842900009, 16.383209101000038], [120.44133151800008, 16.382678051000028], [120.44094529900009, 16.38231597100003], [120.44067977400005, 16.38212286200007], [120.43990733800001, 16.381857337000042], [120.439521119, 16.38176078200007], [120.43848315700006, 16.38135042500005], [120.43783141400002, 16.381012484000056], [120.4372521570001, 16.380822811000026], [120.43496471000003, 16.380230117000053], [120.4344057080001, 16.38002345600006], [120.43348645700007, 16.379540026000026], [120.43305196200002, 16.37934691700008], [120.43246621900003, 16.379264752000037], [120.4318047160001, 16.379301695000034], [120.43115965400013, 16.379483530000073], [120.43085114000007, 16.379707276000033], [120.4302760170001, 16.38031246300005], [120.43011899800001, 16.380590893000036], [120.42960110000001, 16.38186656300007], [120.42930269200008, 16.382861460000072], [120.429077386, 16.383290390000067], [120.42885183700004, 16.383474626000066], [120.42851666900003, 16.383591432000056], [120.4279828450001, 16.383619458000055], [120.42742765700008, 16.383571181000033], [120.42663108100011, 16.38345048700006], [120.4194327460001, 16.386015160000056], [120.41229787000009, 16.385356067000032], [120.41064526600006, 16.385431901000064], [120.40672916000005, 16.38557014000002], [120.40439316400013, 16.385626892000058], [120.40352991000007, 16.38557611200002], [120.40109356000005, 16.384763054000075], [120.39997203600002, 16.38396802900007], [120.39973830100006, 16.382074810000063], [120.39959602300006, 16.37700021900002], [120.39964344900011, 16.374249506000073], [120.39997543100004, 16.372447314000055], [120.40064115300002, 16.371632288000054], [120.40123134400007, 16.371407454000067], [120.40149833600005, 16.371042097000046], [120.40161211500003, 16.370286570000076], [120.4017934310001, 16.369468254000026], [120.40187774400009, 16.368217610000045], [120.40044969200007, 16.36779955800006], [120.3985688890001, 16.36782602900007], [120.39622877100011, 16.367846984000042], [120.39385746600009, 16.36846352300006], [120.3919804410001, 16.36890153200005], [120.39017244900003, 16.368387209000048], [120.38826444800009, 16.368320226000037], [120.38461259800012, 16.368516583000027], [120.38314120100006, 16.368378097000058], [120.38107341600005, 16.367822028000038], [120.379706617, 16.366933829000057], [120.37756003200003, 16.365747558000066], [120.37459443900002, 16.364273174000058], [120.37239128000012, 16.363516239000035], [120.37032942800012, 16.36292310300007], [120.37952139200002, 16.359882025000044], [120.38086445900002, 16.360457626000024], [120.38188774900004, 16.359306425000057], [120.38335872700009, 16.358411047000054], [120.38426643000001, 16.357871964000022], [120.38522238500002, 16.357386320000046], [120.38582121600008, 16.35723256800003], [120.38620193500003, 16.356919437000037], [120.3883366030001, 16.35689743200004], [120.38918934400012, 16.35655633500005], [120.39018420900003, 16.356471061000033], [120.3907242780001, 16.356527910000068], [120.39149174500005, 16.355987841000058], [120.39197496500002, 16.356129965000036], [120.39410681800005, 16.35513510000004], [120.39595725200002, 16.353833080000076], [120.39695019400007, 16.348981645000038], [120.3982422790001, 16.342553482000024], [120.39892072000009, 16.34227555400002], [120.39964500600001, 16.338991617000026], [120.40152097000009, 16.330403626000074], [120.40131990200008, 16.315457769000037], [120.40782970100008, 16.31655976300004], [120.4082934070001, 16.316388924000027], [120.41007705800007, 16.315431466000064], [120.41236578200005, 16.315429721000044], [120.41395474800002, 16.315044517000047], [120.41631108400009, 16.31474824300005], [120.4165452950001, 16.31431585300004], [120.41731999200009, 16.31411767500003], [120.41912048800009, 16.312194444000056], [120.41985014500004, 16.30994466900006], [120.42057980200003, 16.303803391000027], [120.42354923900007, 16.293269069000075], [120.43558508900003, 16.29522348200004], [120.43903676600007, 16.295800173000035], [120.43921221100004, 16.295850233000067], [120.44256828400012, 16.296932923000046], [120.44609980200005, 16.297732512000035], [120.45628918400007, 16.29825672200008], [120.45716649600003, 16.298296536000063]]]}','2025-10-03 19:24:59.000000','2025-10-03 19:24:59.000000',20);
/*!40000 ALTER TABLE `api_landboundary` ENABLE KEYS */;
UNLOCK TABLES;

--
-- Table structure for table `api_municipalagriculturist`
--

DROP TABLE IF EXISTS `api_municipalagriculturist`;
/*!40101 SET @saved_cs_client     = @@character_set_client */;
/*!50503 SET character_set_client = utf8mb4 */;
CREATE TABLE `api_municipalagriculturist` (
  `municipal_agriculturist_id` int NOT NULL AUTO_INCREMENT,
  `first_name` varchar(100) COLLATE utf8mb4_unicode_ci NOT NULL,
  `middle_name` varchar(100) COLLATE utf8mb4_unicode_ci DEFAULT NULL,
  `last_name` varchar(100) COLLATE utf8mb4_unicode_ci NOT NULL,
  `sex` varchar(10) COLLATE utf8mb4_unicode_ci NOT NULL,
  `municipality` varchar(100) COLLATE utf8mb4_unicode_ci NOT NULL,
  `contact_number` varchar(20) COLLATE utf8mb4_unicode_ci NOT NULL,
  `position` varchar(100) COLLATE utf8mb4_unicode_ci NOT NULL,
  `status` varchar(20) COLLATE utf8mb4_unicode_ci NOT NULL,
  `date_added` datetime(6) NOT NULL,
  PRIMARY KEY (`municipal_agriculturist_id`)
) ENGINE=InnoDB AUTO_INCREMENT=3 DEFAULT CHARSET=utf8mb4 COLLATE=utf8mb4_unicode_ci;
/*!40101 SET character_set_client = @saved_cs_client */;

--
-- Dumping data for table `api_municipalagriculturist`
--

LOCK TABLES `api_municipalagriculturist` WRITE;
/*!40000 ALTER TABLE `api_municipalagriculturist` DISABLE KEYS */;
INSERT INTO `api_municipalagriculturist` VALUES (1,'Lorraine','Pajimola','Espiritu','female','City Of San Fernando','+639000000000','Senior Aquaculturist','Active','2025-11-09 09:28:47.142698'),(2,'Loo','Pao','Epo','male','Bacnotan','+639000000000','Senior Aquaculturist','Active','2025-11-10 07:59:10.495846');
/*!40000 ALTER TABLE `api_municipalagriculturist` ENABLE KEYS */;
UNLOCK TABLES;

--
-- Table structure for table `api_municipality`
--

DROP TABLE IF EXISTS `api_municipality`;
/*!40101 SET @saved_cs_client     = @@character_set_client */;
/*!50503 SET character_set_client = utf8mb4 */;
CREATE TABLE `api_municipality` (
  `municipality_id` int NOT NULL AUTO_INCREMENT,
  `name` varchar(100) COLLATE utf8mb4_unicode_ci NOT NULL,
  `color` varchar(7) COLLATE utf8mb4_unicode_ci NOT NULL,
  `is_active` tinyint(1) NOT NULL,
  `created_at` datetime(6) NOT NULL,
  `updated_at` datetime(6) NOT NULL,
  `identifier_icon` varchar(20) COLLATE utf8mb4_unicode_ci NOT NULL,
  `prefix` varchar(3) COLLATE utf8mb4_unicode_ci DEFAULT NULL,
  `is_coastal` tinyint(1) NOT NULL DEFAULT '0',
  PRIMARY KEY (`municipality_id`),
  UNIQUE KEY `name` (`name`),
  UNIQUE KEY `api_municipality_prefix_4ccef3ee_uniq` (`prefix`)
) ENGINE=InnoDB AUTO_INCREMENT=21 DEFAULT CHARSET=utf8mb4 COLLATE=utf8mb4_unicode_ci;
/*!40101 SET character_set_client = @saved_cs_client */;

--
-- Dumping data for table `api_municipality`
--

LOCK TABLES `api_municipality` WRITE;
/*!40000 ALTER TABLE `api_municipality` DISABLE KEYS */;
INSERT INTO `api_municipality` VALUES (1,'Agoo','#3E5579',1,'2025-11-06 13:44:16.144862','2025-11-12 06:22:33.486794','circle','AGO',1),(2,'Aringay','#3B82F6',1,'2025-11-06 13:55:07.667596','2025-11-06 13:55:07.667616','circle','ARI',0),(3,'Bacnotan','#F79F3B',1,'2025-11-07 00:44:05.188846','2025-11-12 05:36:09.892604','circle','BAC',0),(4,'Bagulin','#3B82F6',1,'2025-11-07 00:48:14.028393','2025-11-07 00:48:14.028409','circle','BAG',0),(5,'Balaoan','#3B82F6',1,'2025-11-07 00:54:24.464943','2025-11-07 00:56:16.852564','circle','BAL',0),(6,'Bangar','#3B82F6',1,'2025-11-07 01:06:53.837229','2025-11-07 01:06:53.837246','circle','BAN',0),(7,'Bauang','#358D72',1,'2025-11-07 01:13:47.632512','2025-11-12 04:24:49.958447','circle','BAU',0),(8,'Burgos','#3B82F6',1,'2025-11-07 01:18:19.053344','2025-11-07 01:19:07.058668','circle','BUR',0),(9,'Caba','#3B82F6',1,'2025-11-07 01:22:28.258321','2025-11-07 01:22:28.258340','circle','CAB',0),(10,'City Of San Fernando','#E13BF7',1,'2025-11-07 01:30:07.434062','2025-11-15 04:38:03.379752','triangle','CSF',1),(11,'Luna','#3B82F6',1,'2025-11-07 01:36:17.183230','2025-11-07 01:36:17.183249','circle','LUN',0),(12,'Naguilian','#3B82F6',1,'2025-11-07 02:03:23.593411','2025-11-07 02:03:23.593428','circle','NAG',0),(13,'Pugo','#3B82F6',1,'2025-11-07 02:05:51.257570','2025-11-07 02:05:51.257585','circle','PUG',0),(14,'Rosario','#3B82F6',1,'2025-11-07 02:11:27.479562','2025-11-07 02:11:27.479589','circle','ROS',0),(15,'San Gabriel','#B57DE3',1,'2025-11-07 02:14:17.487112','2025-11-13 13:34:16.901247','triangle','SAN',1),(16,'San Juan','#3B82F6',1,'2025-11-07 02:19:25.387280','2025-11-07 02:19:25.387297','circle','SA1',0),(17,'Santol','#3B82F6',1,'2025-11-07 02:21:46.618725','2025-11-07 02:21:46.618741','circle','SA2',0),(18,'Santo Tomas','#3B82F6',1,'2025-11-07 02:29:32.470909','2025-11-07 02:29:32.470926','circle','SA3',0),(19,'Sudipen','#3B82F6',1,'2025-11-07 02:38:58.947830','2025-11-07 02:38:58.947846','circle','SUD',0),(20,'Tubao','#3B82F6',1,'2025-11-07 02:42:51.291465','2025-11-07 02:42:51.291482','circle','TUB',0);
/*!40000 ALTER TABLE `api_municipality` ENABLE KEYS */;
UNLOCK TABLES;

--
-- Table structure for table `api_municipalityboundary`
--

DROP TABLE IF EXISTS `api_municipalityboundary`;
/*!40101 SET @saved_cs_client     = @@character_set_client */;
/*!50503 SET character_set_client = utf8mb4 */;
CREATE TABLE `api_municipalityboundary` (
  `id` bigint NOT NULL AUTO_INCREMENT,
  `name` varchar(100) COLLATE utf8mb4_unicode_ci NOT NULL,
  `water_area` decimal(10,4) NOT NULL,
  `coastline_length` decimal(10,4) NOT NULL,
  `coordinates` longtext CHARACTER SET utf8mb4 COLLATE utf8mb4_bin NOT NULL,
  `created_at` datetime(6) NOT NULL,
  `updated_at` datetime(6) NOT NULL,
  `municipality_id` int DEFAULT NULL,
  PRIMARY KEY (`id`),
  UNIQUE KEY `name` (`name`),
  KEY `api_municipalityboun_municipality_id_60e4b01b_fk_api_munic` (`municipality_id`),
  CONSTRAINT `api_municipalityboun_municipality_id_60e4b01b_fk_api_munic` FOREIGN KEY (`municipality_id`) REFERENCES `api_municipality` (`municipality_id`),
  CONSTRAINT `api_municipalityboundary_chk_1` CHECK (json_valid(`coordinates`))
) ENGINE=InnoDB AUTO_INCREMENT=11 DEFAULT CHARSET=utf8mb4 COLLATE=utf8mb4_unicode_ci;
/*!40101 SET character_set_client = @saved_cs_client */;

--
-- Dumping data for table `api_municipalityboundary`
--

LOCK TABLES `api_municipalityboundary` WRITE;
/*!40000 ALTER TABLE `api_municipalityboundary` DISABLE KEYS */;
INSERT INTO `api_municipalityboundary` VALUES (1,'Bacnotan',118.4050,48.4810,'{\"type\": \"Polygon\", \"coordinates\": [[[120.3349, 16.70149], [120.18889, 16.7575], [120.18222, 16.78944], [120.18194, 16.81694], [120.32583, 16.78389], [120.33472, 16.70111], [120.3349, 16.70149]]]}','2025-09-15 14:02:32.353967','2025-10-17 17:15:15.339071',3),(2,'Balaoan',64.2639,5.2500,'[[120.32639, 16.78389], [120.18194, 16.81694], [120.18361, 16.82639], [120.19, 16.85389], [120.32694, 16.82056], [120.32639, 16.78389]]','2025-09-15 14:02:47.125311','2025-09-19 14:50:54.818825',5),(3,'Bauang',175.8116,18.6080,'[[120.33028, 16.46056], [120.20667, 16.43583], [120.18639, 16.43583], [120.17889, 16.45444], [120.17306, 16.47361], [120.16833, 16.49361], [120.1675, 16.50833], [120.16667, 16.53417], [120.19528, 16.54028], [120.26194, 16.54861], [120.28444, 16.555], [120.30528, 16.56806], [120.31778, 16.57833], [120.33028, 16.46056]]','2025-09-15 14:03:00.151069','2025-09-15 14:03:00.151107',7),(4,'Bangar',80.0482,5.8130,'[[120.398333, 16.880833], [120.25, 16.949167], [120.282778, 16.977778], [120.416111, 16.928889], [120.398333, 16.880833]]','2025-09-15 14:03:12.173345','2025-09-15 14:03:12.173376',6),(5,'Caba',0.0000,0.0000,'{\"type\": \"Polygon\", \"coordinates\": [[[120.333333, 16.416944], [120.1825, 16.398889], [120.188611, 16.435833], [120.206667, 16.442778], [120.330278, 16.460556]]]}','2025-09-15 14:03:23.141926','2025-10-17 16:23:02.789506',9),(6,'San Juan',83.7586,6.4420,'[[120.31556, 16.65389], [120.17861, 16.72167], [120.18889, 16.7575], [120.33556, 16.70222], [120.31556, 16.65389]]','2025-09-15 14:03:31.196731','2025-09-15 14:03:31.196763',16),(7,'City Of San Fernando',281.3117,24.3030,'[[120.31778, 16.57833], [120.30528, 16.56806], [120.28444, 16.555], [120.26194, 16.54861], [120.19528, 16.54028], [120.16667, 16.53417], [120.15111, 16.55972], [120.14139, 16.58333], [120.13667, 16.61], [120.13639, 16.62833], [120.13833, 16.64778], [120.14444, 16.66667], [120.15139, 16.68417], [120.16556, 16.7075], [120.17861, 16.72167], [120.31556, 16.65389], [120.31778, 16.57833]]','2025-09-15 14:03:42.357091','2025-09-15 14:03:42.357127',10),(8,'Luna',172.8080,11.2480,'[[120.3325, 16.820556], [120.19, 16.853889], [120.198333, 16.878611], [120.209444, 16.903611], [120.226111, 16.9275], [120.25, 16.949167], [120.398333, 16.880833], [120.3325, 16.820556]]','2025-09-15 14:03:53.947613','2025-09-15 14:03:53.947643',11),(9,'Santo Tomas',114.2694,30.0900,'[[120.4025, 16.240833], [120.384167, 16.238889], [120.237222, 16.208611], [120.208333, 16.249167], [120.2025, 16.266944], [120.346111, 16.285834]]','2025-09-15 14:04:01.803139','2025-09-15 14:04:01.803175',18),(10,'Rosario',80.8475,4.3570,'[[120.416389, 16.207222], [120.396944, 16.201667], [120.3475, 16.185], [120.32, 16.177778], [120.305, 16.176667], [120.276944, 16.178333], [120.249722, 16.183333], [120.237222, 16.208611], [120.384167, 16.238889], [120.4025, 16.240833]]','2025-09-15 14:04:10.920360','2025-09-15 14:04:10.920388',14);
/*!40000 ALTER TABLE `api_municipalityboundary` ENABLE KEYS */;
UNLOCK TABLES;

--
-- Table structure for table `api_organization`
--

DROP TABLE IF EXISTS `api_organization`;
/*!40101 SET @saved_cs_client     = @@character_set_client */;
/*!50503 SET character_set_client = utf8mb4 */;
CREATE TABLE `api_organization` (
  `org_id` int NOT NULL AUTO_INCREMENT,
  `org_name` varchar(255) COLLATE utf8mb4_unicode_ci DEFAULT NULL,
  `member_since` date DEFAULT NULL,
  `org_position` varchar(100) COLLATE utf8mb4_unicode_ci DEFAULT NULL,
  `date_added` datetime(6) NOT NULL,
  `fisherfolk_id` varchar(50) COLLATE utf8mb4_unicode_ci NOT NULL,
  PRIMARY KEY (`org_id`),
  KEY `api_organization_fisherfolk_id_5ce36b11_fk_api_fishe` (`fisherfolk_id`)
) ENGINE=InnoDB AUTO_INCREMENT=6 DEFAULT CHARSET=utf8mb4 COLLATE=utf8mb4_unicode_ci;
/*!40101 SET character_set_client = @saved_cs_client */;

--
-- Dumping data for table `api_organization`
--

LOCK TABLES `api_organization` WRITE;
/*!40000 ALTER TABLE `api_organization` DISABLE KEYS */;
INSERT INTO `api_organization` VALUES (3,'Fisherfolk Cooperative','2024-01-01','Member','2025-11-09 01:08:21.560696','2025-123454678-96454');
/*!40000 ALTER TABLE `api_organization` ENABLE KEYS */;
UNLOCK TABLES;

--
-- Table structure for table `api_provincialagriculturist`
--

DROP TABLE IF EXISTS `api_provincialagriculturist`;
/*!40101 SET @saved_cs_client     = @@character_set_client */;
/*!50503 SET character_set_client = utf8mb4 */;
CREATE TABLE `api_provincialagriculturist` (
  `provincial_agriculturist_id` int NOT NULL AUTO_INCREMENT,
  `first_name` varchar(100) COLLATE utf8mb4_unicode_ci NOT NULL,
  `middle_name` varchar(100) COLLATE utf8mb4_unicode_ci DEFAULT NULL,
  `last_name` varchar(100) COLLATE utf8mb4_unicode_ci NOT NULL,
  `sex` varchar(10) COLLATE utf8mb4_unicode_ci NOT NULL,
  `contact_number` varchar(20) COLLATE utf8mb4_unicode_ci NOT NULL,
  `position` varchar(100) COLLATE utf8mb4_unicode_ci NOT NULL,
  `status` varchar(20) COLLATE utf8mb4_unicode_ci NOT NULL,
  `date_added` datetime(6) NOT NULL,
  PRIMARY KEY (`provincial_agriculturist_id`)
) ENGINE=InnoDB AUTO_INCREMENT=2 DEFAULT CHARSET=utf8mb4 COLLATE=utf8mb4_unicode_ci;
/*!40101 SET character_set_client = @saved_cs_client */;

--
-- Dumping data for table `api_provincialagriculturist`
--

LOCK TABLES `api_provincialagriculturist` WRITE;
/*!40000 ALTER TABLE `api_provincialagriculturist` DISABLE KEYS */;
INSERT INTO `api_provincialagriculturist` VALUES (1,'Lorraine','Pajimola','Espiritu','female','+639000000000','Agricultural Center Chief II','Active','2025-11-08 21:48:05.961547');
/*!40000 ALTER TABLE `api_provincialagriculturist` ENABLE KEYS */;
UNLOCK TABLES;

--
-- Table structure for table `api_signatory`
--

DROP TABLE IF EXISTS `api_signatory`;
/*!40101 SET @saved_cs_client     = @@character_set_client */;
/*!50503 SET character_set_client = utf8mb4 */;
CREATE TABLE `api_signatory` (
  `id` bigint NOT NULL AUTO_INCREMENT,
  `position` varchar(50) COLLATE utf8mb4_unicode_ci NOT NULL,
  `first_name` varchar(100) COLLATE utf8mb4_unicode_ci NOT NULL,
  `middle_name` varchar(100) COLLATE utf8mb4_unicode_ci DEFAULT NULL,
  `last_name` varchar(100) COLLATE utf8mb4_unicode_ci NOT NULL,
  `is_active` tinyint(1) NOT NULL,
  `created_at` datetime(6) NOT NULL,
  `updated_at` datetime(6) NOT NULL,
  `barangay_id` int DEFAULT NULL,
  `municipality_id` int DEFAULT NULL,
  PRIMARY KEY (`id`),
  UNIQUE KEY `api_signatory_municipality_id_position_uniq` (`municipality_id`,`position`),
  UNIQUE KEY `api_signatory_barangay_id_position_f485f360_uniq` (`barangay_id`,`position`),
  KEY `api_signatory_barangay_id_f9fd8e00` (`barangay_id`),
  KEY `api_signatory_municipality_id_63c0b5e0` (`municipality_id`)
) ENGINE=InnoDB AUTO_INCREMENT=42 DEFAULT CHARSET=utf8mb4 COLLATE=utf8mb4_unicode_ci;
/*!40101 SET character_set_client = @saved_cs_client */;

--
-- Dumping data for table `api_signatory`
--

LOCK TABLES `api_signatory` WRITE;
/*!40000 ALTER TABLE `api_signatory` DISABLE KEYS */;
INSERT INTO `api_signatory` VALUES (1,'Mayor','HON.  HERMENEGILDO','A.','GUALBERTO',1,'2025-11-08 22:26:44.702250','2025-11-08 22:26:44.702267',264,10),(2,'Mayor','HON. FRANK','O.','SIBUMA',1,'2025-11-08 22:27:41.999201','2025-11-08 22:27:41.999223',1,1),(3,'Municipal Agriculturist','MARY JANE','B.','ALCEDO, Ph.D.',1,'2025-11-08 22:30:49.893099','2025-11-08 22:30:49.893114',264,10),(4,'Mayor','HON. BENJAMIN','O.','SIBUMA',1,'2025-11-08 23:39:11.553507','2025-11-08 23:39:11.553529',NULL,2),(5,'Mayor','HON. DIVINA','C.','FONTANILLA',1,'2025-11-08 23:40:43.603836','2025-11-08 23:40:43.603851',NULL,3),(6,'Mayor','HON. VIRGILIO','C','FLOR',1,'2025-11-08 23:47:36.326543','2025-11-08 23:47:49.629982',NULL,4),(7,'Mayor','HON. CARLO CASTOR','U','CONCEPCION, MMPA',1,'2025-11-08 23:48:32.609762','2025-11-08 23:48:32.609783',NULL,5),(8,'Mayor','HON. JOY','','PINZON-MERIN',1,'2025-11-08 23:49:00.657605','2025-11-08 23:49:00.657626',NULL,6),(9,'Mayor','HON. MA. CLARISSA','T','LEE',1,'2025-11-08 23:49:30.978293','2025-11-08 23:49:30.978311',NULL,7),(10,'Mayor','HON. DELFIN','C','COMEDIS, JR.',1,'2025-11-08 23:50:05.763572','2025-11-08 23:50:05.763588',NULL,8),(11,'Mayor','HON. GENEFER GARCIA','','BULAO-MADRIAGA',1,'2025-11-08 23:50:28.843506','2025-11-08 23:50:28.843521',NULL,9),(12,'Mayor','HON. GARY','N','PINZON',1,'2025-11-08 23:51:08.580423','2025-11-08 23:51:08.580439',NULL,11),(13,'Mayor','HON. NIERI','T','FLORES',1,'2025-11-08 23:55:43.099488','2025-11-08 23:55:43.099504',NULL,12),(14,'Mayor','HON. GERALYN','','GARCIA BULAO',1,'2025-11-08 23:56:09.333077','2025-11-08 23:56:09.333094',NULL,13),(15,'Mayor','HON. BELLARMIN','A','FLORES II',1,'2025-11-08 23:56:34.164451','2025-11-08 23:56:34.164467',NULL,14),(16,'Mayor','HON. LANY','B','CARBONELL',1,'2025-11-08 23:56:55.925643','2025-11-08 23:56:55.925659',NULL,15),(17,'Mayor','HON. MARIQUITA','P','ORTEGA',1,'2025-11-08 23:57:17.781389','2025-11-08 23:57:17.781405',NULL,16),(18,'Mayor','HON. SEVERINO','C','CARBONELL',1,'2025-11-08 23:57:39.023591','2025-11-08 23:57:39.023606',NULL,18),(19,'Mayor','HON. MARIA THERESA LYNN','','WAILAN-SENES',1,'2025-11-08 23:58:02.014564','2025-11-08 23:58:02.014584',NULL,17),(20,'Mayor','HON. WENDY JOY','A','DENGAYAN',1,'2025-11-08 23:58:24.191349','2025-11-08 23:58:24.191364',NULL,19),(21,'Mayor','HON. JONALYN','G','FONTANILLA-PIAYAS',1,'2025-11-08 23:58:44.584543','2025-11-08 23:58:44.584558',NULL,20),(22,'Municipal Agriculturist','SAMUEL','M','VILLANUEVA',1,'2025-11-08 23:59:17.850005','2025-11-08 23:59:17.850020',NULL,1),(23,'Municipal Agriculturist','MICHELLE','','AMANTE',1,'2025-11-08 23:59:55.546150','2025-11-08 23:59:55.546165',NULL,2),(24,'Municipal Agriculturist','DIVINA GRACIA','G','APIGO, DVM',1,'2025-11-09 00:00:36.843772','2025-11-09 00:00:36.843786',NULL,3),(25,'Municipal Agriculturist','ENGR. JUVY','F','SAGAPAN',1,'2025-11-09 00:01:13.773029','2025-11-09 00:01:13.773047',NULL,4),(26,'Municipal Agriculturist','BETTY','','JUNTO',1,'2025-11-09 00:01:32.934873','2025-11-09 00:01:32.934890',NULL,5),(27,'Municipal Agriculturist','REGINA','M','LABIANO',1,'2025-11-09 00:01:58.606967','2025-11-09 00:01:58.606983',NULL,6),(28,'Municipal Agriculturist','LEODIVICO','F','VERZOLA',1,'2025-11-09 00:02:25.775213','2025-11-09 00:02:25.775229',NULL,7),(29,'Municipal Agriculturist','FLORINA','P','DELOS REYES',1,'2025-11-09 00:02:46.879084','2025-11-09 00:02:46.879099',NULL,8),(30,'Municipal Agriculturist','ENGR. MARVIN','G','BALANGUE',1,'2025-11-09 00:03:09.049208','2025-11-09 00:03:09.049224',NULL,9),(31,'Municipal Agriculturist','ENGR. JANDY','F','CASTILLO',1,'2025-11-09 00:03:34.480553','2025-11-09 00:03:34.480567',NULL,11),(32,'Municipal Agriculturist','Dr. ERIC JESS','','ULEP',1,'2025-11-09 00:04:02.265500','2025-11-09 00:04:02.265516',NULL,12),(33,'Municipal Agriculturist','LETECIA','S','PACULAN, Ph. D.',1,'2025-11-09 00:05:33.011766','2025-11-09 00:05:33.011782',NULL,13),(34,'Municipal Agriculturist','DR. FE','','BANIQUED',1,'2025-11-09 00:06:01.724610','2025-11-09 00:06:01.724625',NULL,14),(35,'Municipal Agriculturist','RIZALINA','T','QUIROS',1,'2025-11-09 00:06:23.229710','2025-11-09 00:06:23.229727',NULL,15),(36,'Municipal Agriculturist','HARLENE','','FERNANDEZ',1,'2025-11-09 00:06:42.902334','2025-11-09 00:06:42.902350',NULL,16),(37,'Municipal Agriculturist','RODOLITO','M','ESTRADA',1,'2025-11-09 00:07:17.135401','2025-11-09 00:07:17.135417',NULL,18),(38,'Municipal Agriculturist','ARTHUR','S','LALONG',1,'2025-11-09 00:07:45.744125','2025-11-09 00:07:45.744142',NULL,17),(39,'Municipal Agriculturist','ZENY','C','CORPUZ',1,'2025-11-09 00:08:02.690208','2025-11-09 00:08:02.690258',NULL,19),(40,'Municipal Agriculturist','BERNARD','R','PANERGO',1,'2025-11-09 00:08:31.544589','2025-11-09 00:08:31.544604',NULL,20),(41,'Municipal Fishery Coordinator','RAMON','L','DE GUZMAN',1,'2025-11-09 01:55:38.527103','2025-11-09 01:55:38.527120',NULL,10);
/*!40000 ALTER TABLE `api_signatory` ENABLE KEYS */;
UNLOCK TABLES;

--
-- Table structure for table `api_user`
--

DROP TABLE IF EXISTS `api_user`;
/*!40101 SET @saved_cs_client     = @@character_set_client */;
/*!50503 SET character_set_client = utf8mb4 */;
CREATE TABLE `api_user` (
  `id` int NOT NULL AUTO_INCREMENT,
  `password` varchar(128) COLLATE utf8mb4_unicode_ci NOT NULL,
  `email` varchar(254) COLLATE utf8mb4_unicode_ci NOT NULL,
  `sex` varchar(10) COLLATE utf8mb4_unicode_ci DEFAULT NULL,
  `last_login` datetime(6) DEFAULT NULL,
  `is_superuser` tinyint(1) NOT NULL,
  `is_staff` tinyint(1) NOT NULL,
  `user_role` varchar(30) COLLATE utf8mb4_unicode_ci NOT NULL,
  `is_active` tinyint(1) NOT NULL,
  `must_change_password` tinyint(1) NOT NULL,
  `date_added` datetime(6) NOT NULL,
  `municipal_agriculturist_id` int DEFAULT NULL,
  `provincial_agriculturist_id` int DEFAULT NULL,
  `admin_profile_id` int DEFAULT NULL,
  PRIMARY KEY (`id`),
  UNIQUE KEY `email` (`email`),
  KEY `api_user_municipal_agricultur_bc60ea9c_fk_api_munic` (`municipal_agriculturist_id`),
  KEY `api_user_provincial_agricultu_83a4c28a_fk_api_provi` (`provincial_agriculturist_id`),
  KEY `api_user_admin_profile_id_d889dec9_fk_api_adminprofile_admin_id` (`admin_profile_id`)
) ENGINE=InnoDB AUTO_INCREMENT=6 DEFAULT CHARSET=utf8mb4 COLLATE=utf8mb4_unicode_ci;
/*!40101 SET character_set_client = @saved_cs_client */;

--
-- Dumping data for table `api_user`
--

LOCK TABLES `api_user` WRITE;
/*!40000 ALTER TABLE `api_user` DISABLE KEYS */;
INSERT INTO `api_user` VALUES (1,'pbkdf2_sha256$1000000$7ivpsrivhUvFvkumKm30HW$7+viQfChxiQA+7wjK1OKwHe4D2rU5jW7VCRrBix0bMY=','admin@gmail.com',NULL,NULL,1,1,'admin',0,0,'2025-11-06 13:13:32.434213',NULL,NULL,NULL),(2,'pbkdf2_sha256$870000$BcNnrClDlcbKu5Rptxf4dS$1Gx2jPsjQQGSfKIx4K8AWE6BmlkKordkfn7yYytqL78=','22100788@slc-sflu.edu.ph',NULL,NULL,0,0,'admin',1,0,'2025-11-06 13:18:50.517803',NULL,NULL,1),(3,'pbkdf2_sha256$1000000$cjJRmD7xfIq9wCrSk3T5uY$EMURc4VIzL6/H9WXkE2PRJhTq9bcNCru06nmxQIo3ng=','rinulan45@gmail.com',NULL,NULL,0,0,'provincial_agriculturist',1,0,'2025-11-08 21:48:06.476609',NULL,1,NULL),(4,'pbkdf2_sha256$1000000$Yb87LVB6HDo1n087yFFGuk$4/AnALlcJHminENu1TBd17IjiOyiKH4L0rBzPmbqbEw=','seaszdairycreamz@gmail.com',NULL,NULL,0,0,'municipal_agriculturist',1,0,'2025-11-09 09:28:47.571161',1,NULL,NULL),(5,'pbkdf2_sha256$1000000$yPnoNgYkPypBAFAbQtxUq9$k4mgQxMciGoHamecdw8UvFpEQzabvNhKcl65lQ9Zas4=','popo@gmail.ph',NULL,NULL,0,0,'municipal_agriculturist',1,1,'2025-11-10 07:59:12.404370',2,NULL,NULL);
/*!40000 ALTER TABLE `api_user` ENABLE KEYS */;
UNLOCK TABLES;

--
-- Table structure for table `api_user_groups`
--

DROP TABLE IF EXISTS `api_user_groups`;
/*!40101 SET @saved_cs_client     = @@character_set_client */;
/*!50503 SET character_set_client = utf8mb4 */;
CREATE TABLE `api_user_groups` (
  `id` bigint NOT NULL AUTO_INCREMENT,
  `user_id` int NOT NULL,
  `group_id` int NOT NULL,
  PRIMARY KEY (`id`),
  UNIQUE KEY `api_user_groups_user_id_group_id_9c7ddfb5_uniq` (`user_id`,`group_id`),
  KEY `api_user_groups_group_id_3af85785_fk_auth_group_id` (`group_id`)
) ENGINE=InnoDB DEFAULT CHARSET=utf8mb4 COLLATE=utf8mb4_unicode_ci;
/*!40101 SET character_set_client = @saved_cs_client */;

--
-- Dumping data for table `api_user_groups`
--

LOCK TABLES `api_user_groups` WRITE;
/*!40000 ALTER TABLE `api_user_groups` DISABLE KEYS */;
/*!40000 ALTER TABLE `api_user_groups` ENABLE KEYS */;
UNLOCK TABLES;

--
-- Table structure for table `api_user_user_permissions`
--

DROP TABLE IF EXISTS `api_user_user_permissions`;
/*!40101 SET @saved_cs_client     = @@character_set_client */;
/*!50503 SET character_set_client = utf8mb4 */;
CREATE TABLE `api_user_user_permissions` (
  `id` bigint NOT NULL AUTO_INCREMENT,
  `user_id` int NOT NULL,
  `permission_id` int NOT NULL,
  PRIMARY KEY (`id`),
  UNIQUE KEY `api_user_user_permissions_user_id_permission_id_a06dd704_uniq` (`user_id`,`permission_id`),
  KEY `api_user_user_permis_permission_id_305b7fea_fk_auth_perm` (`permission_id`)
) ENGINE=InnoDB DEFAULT CHARSET=utf8mb4 COLLATE=utf8mb4_unicode_ci;
/*!40101 SET character_set_client = @saved_cs_client */;

--
-- Dumping data for table `api_user_user_permissions`
--

LOCK TABLES `api_user_user_permissions` WRITE;
/*!40000 ALTER TABLE `api_user_user_permissions` DISABLE KEYS */;
/*!40000 ALTER TABLE `api_user_user_permissions` ENABLE KEYS */;
UNLOCK TABLES;

--
-- Table structure for table `api_violationstatusauditlog`
--

DROP TABLE IF EXISTS `api_violationstatusauditlog`;
/*!40101 SET @saved_cs_client     = @@character_set_client */;
/*!50503 SET character_set_client = utf8mb4 */;
CREATE TABLE `api_violationstatusauditlog` (
  `id` bigint NOT NULL AUTO_INCREMENT,
  `user_role` varchar(100) COLLATE utf8mb4_unicode_ci NOT NULL,
  `old_status` varchar(50) COLLATE utf8mb4_unicode_ci NOT NULL,
  `new_status` varchar(50) COLLATE utf8mb4_unicode_ci NOT NULL,
  `old_remarks` longtext COLLATE utf8mb4_unicode_ci NOT NULL,
  `new_remarks` longtext COLLATE utf8mb4_unicode_ci NOT NULL,
  `remarks_changed` tinyint(1) NOT NULL,
  `timestamp` datetime(6) NOT NULL,
  `ip_address` char(39) COLLATE utf8mb4_unicode_ci DEFAULT NULL,
  `user_agent` longtext COLLATE utf8mb4_unicode_ci NOT NULL,
  `user_id` int DEFAULT NULL,
  `violation_id` bigint NOT NULL,
  PRIMARY KEY (`id`),
  KEY `api_violationstatusauditlog_user_id_4249969f_fk_api_user_id` (`user_id`),
  KEY `api_violati_violati_6a4279_idx` (`violation_id`,`timestamp` DESC)
) ENGINE=InnoDB DEFAULT CHARSET=utf8mb4 COLLATE=utf8mb4_unicode_ci;
/*!40101 SET character_set_client = @saved_cs_client */;

--
-- Dumping data for table `api_violationstatusauditlog`
--

LOCK TABLES `api_violationstatusauditlog` WRITE;
/*!40000 ALTER TABLE `api_violationstatusauditlog` DISABLE KEYS */;
/*!40000 ALTER TABLE `api_violationstatusauditlog` ENABLE KEYS */;
UNLOCK TABLES;

--
-- Table structure for table `auth_group`
--

DROP TABLE IF EXISTS `auth_group`;
/*!40101 SET @saved_cs_client     = @@character_set_client */;
/*!50503 SET character_set_client = utf8mb4 */;
CREATE TABLE `auth_group` (
  `id` int NOT NULL AUTO_INCREMENT,
  `name` varchar(150) COLLATE utf8mb4_unicode_ci NOT NULL,
  PRIMARY KEY (`id`),
  UNIQUE KEY `name` (`name`)
) ENGINE=InnoDB DEFAULT CHARSET=utf8mb4 COLLATE=utf8mb4_unicode_ci;
/*!40101 SET character_set_client = @saved_cs_client */;

--
-- Dumping data for table `auth_group`
--

LOCK TABLES `auth_group` WRITE;
/*!40000 ALTER TABLE `auth_group` DISABLE KEYS */;
/*!40000 ALTER TABLE `auth_group` ENABLE KEYS */;
UNLOCK TABLES;

--
-- Table structure for table `auth_group_permissions`
--

DROP TABLE IF EXISTS `auth_group_permissions`;
/*!40101 SET @saved_cs_client     = @@character_set_client */;
/*!50503 SET character_set_client = utf8mb4 */;
CREATE TABLE `auth_group_permissions` (
  `id` bigint NOT NULL AUTO_INCREMENT,
  `group_id` int NOT NULL,
  `permission_id` int NOT NULL,
  PRIMARY KEY (`id`),
  UNIQUE KEY `auth_group_permissions_group_id_permission_id_0cd325b0_uniq` (`group_id`,`permission_id`),
  KEY `auth_group_permissio_permission_id_84c5c92e_fk_auth_perm` (`permission_id`)
) ENGINE=InnoDB DEFAULT CHARSET=utf8mb4 COLLATE=utf8mb4_unicode_ci;
/*!40101 SET character_set_client = @saved_cs_client */;

--
-- Dumping data for table `auth_group_permissions`
--

LOCK TABLES `auth_group_permissions` WRITE;
/*!40000 ALTER TABLE `auth_group_permissions` DISABLE KEYS */;
/*!40000 ALTER TABLE `auth_group_permissions` ENABLE KEYS */;
UNLOCK TABLES;

--
-- Table structure for table `auth_permission`
--

DROP TABLE IF EXISTS `auth_permission`;
/*!40101 SET @saved_cs_client     = @@character_set_client */;
/*!50503 SET character_set_client = utf8mb4 */;
CREATE TABLE `auth_permission` (
  `id` int NOT NULL AUTO_INCREMENT,
  `name` varchar(255) COLLATE utf8mb4_unicode_ci NOT NULL,
  `content_type_id` int NOT NULL,
  `codename` varchar(100) COLLATE utf8mb4_unicode_ci NOT NULL,
  PRIMARY KEY (`id`),
  UNIQUE KEY `auth_permission_content_type_id_codename_01ab375a_uniq` (`content_type_id`,`codename`)
) ENGINE=InnoDB AUTO_INCREMENT=145 DEFAULT CHARSET=utf8mb4 COLLATE=utf8mb4_unicode_ci;
/*!40101 SET character_set_client = @saved_cs_client */;

--
-- Dumping data for table `auth_permission`
--

LOCK TABLES `auth_permission` WRITE;
/*!40000 ALTER TABLE `auth_permission` DISABLE KEYS */;
INSERT INTO `auth_permission` VALUES (1,'Can add boat',1,'add_boat'),(2,'Can change boat',1,'change_boat'),(3,'Can delete boat',1,'delete_boat'),(4,'Can view boat',1,'view_boat'),(5,'Can add gear classification',2,'add_gearclassification'),(6,'Can change gear classification',2,'change_gearclassification'),(7,'Can delete gear classification',2,'delete_gearclassification'),(8,'Can view gear classification',2,'view_gearclassification'),(9,'Can add gear subtype',3,'add_gearsubtype'),(10,'Can change gear subtype',3,'change_gearsubtype'),(11,'Can delete gear subtype',3,'delete_gearsubtype'),(12,'Can view gear subtype',3,'view_gearsubtype'),(13,'Can add gps data',4,'add_gpsdata'),(14,'Can change gps data',4,'change_gpsdata'),(15,'Can delete gps data',4,'delete_gpsdata'),(16,'Can view gps data',4,'view_gpsdata'),(17,'Can add land boundary',5,'add_landboundary'),(18,'Can change land boundary',5,'change_landboundary'),(19,'Can delete land boundary',5,'delete_landboundary'),(20,'Can view land boundary',5,'view_landboundary'),(21,'Can add municipal agriculturist',6,'add_municipalagriculturist'),(22,'Can change municipal agriculturist',6,'change_municipalagriculturist'),(23,'Can delete municipal agriculturist',6,'delete_municipalagriculturist'),(24,'Can view municipal agriculturist',6,'view_municipalagriculturist'),(25,'Can add municipality boundary',7,'add_municipalityboundary'),(26,'Can change municipality boundary',7,'change_municipalityboundary'),(27,'Can delete municipality boundary',7,'delete_municipalityboundary'),(28,'Can view municipality boundary',7,'view_municipalityboundary'),(29,'Can add provincial agriculturist',8,'add_provincialagriculturist'),(30,'Can change provincial agriculturist',8,'change_provincialagriculturist'),(31,'Can delete provincial agriculturist',8,'delete_provincialagriculturist'),(32,'Can view provincial agriculturist',8,'view_provincialagriculturist'),(33,'Can add user',9,'add_user'),(34,'Can change user',9,'change_user'),(35,'Can delete user',9,'delete_user'),(36,'Can view user',9,'view_user'),(37,'Can add activity log',10,'add_activitylog'),(38,'Can change activity log',10,'change_activitylog'),(39,'Can delete activity log',10,'delete_activitylog'),(40,'Can view activity log',10,'view_activitylog'),(41,'Can add birukbilug tracker',11,'add_birukbilugtracker'),(42,'Can change birukbilug tracker',11,'change_birukbilugtracker'),(43,'Can delete birukbilug tracker',11,'delete_birukbilugtracker'),(44,'Can view birukbilug tracker',11,'view_birukbilugtracker'),(45,'Can add boat gear assignment',12,'add_boatgearassignment'),(46,'Can change boat gear assignment',12,'change_boatgearassignment'),(47,'Can delete boat gear assignment',12,'delete_boatgearassignment'),(48,'Can view boat gear assignment',12,'view_boatgearassignment'),(49,'Can add boat measurements',13,'add_boatmeasurements'),(50,'Can change boat measurements',13,'change_boatmeasurements'),(51,'Can delete boat measurements',13,'delete_boatmeasurements'),(52,'Can view boat measurements',13,'view_boatmeasurements'),(53,'Can add fisherfolk',14,'add_fisherfolk'),(54,'Can change fisherfolk',14,'change_fisherfolk'),(55,'Can delete fisherfolk',14,'delete_fisherfolk'),(56,'Can view fisherfolk',14,'view_fisherfolk'),(57,'Can add contacts',15,'add_contacts'),(58,'Can change contacts',15,'change_contacts'),(59,'Can delete contacts',15,'delete_contacts'),(60,'Can view contacts',15,'view_contacts'),(61,'Can add address',16,'add_address'),(62,'Can change address',16,'change_address'),(63,'Can delete address',16,'delete_address'),(64,'Can view address',16,'view_address'),(65,'Can add fisherfolk boat',17,'add_fisherfolkboat'),(66,'Can change fisherfolk boat',17,'change_fisherfolkboat'),(67,'Can delete fisherfolk boat',17,'delete_fisherfolkboat'),(68,'Can view fisherfolk boat',17,'view_fisherfolkboat'),(69,'Can add boat gear subtype assignment',18,'add_boatgearsubtypeassignment'),(70,'Can change boat gear subtype assignment',18,'change_boatgearsubtypeassignment'),(71,'Can delete boat gear subtype assignment',18,'delete_boatgearsubtypeassignment'),(72,'Can view boat gear subtype assignment',18,'view_boatgearsubtypeassignment'),(73,'Can add gear type',19,'add_geartype'),(74,'Can change gear type',19,'change_geartype'),(75,'Can delete gear type',19,'delete_geartype'),(76,'Can view gear type',19,'view_geartype'),(77,'Can add boat gear type assignment',20,'add_boatgeartypeassignment'),(78,'Can change boat gear type assignment',20,'change_boatgeartypeassignment'),(79,'Can delete boat gear type assignment',20,'delete_boatgeartypeassignment'),(80,'Can view boat gear type assignment',20,'view_boatgeartypeassignment'),(81,'Can add household',21,'add_household'),(82,'Can change household',21,'change_household'),(83,'Can delete household',21,'delete_household'),(84,'Can view household',21,'view_household'),(85,'Can add organization',22,'add_organization'),(86,'Can change organization',22,'change_organization'),(87,'Can delete organization',22,'delete_organization'),(88,'Can view organization',22,'view_organization'),(89,'Can add device token',23,'add_devicetoken'),(90,'Can change device token',23,'change_devicetoken'),(91,'Can delete device token',23,'delete_devicetoken'),(92,'Can view device token',23,'view_devicetoken'),(93,'Can add boundary crossing',24,'add_boundarycrossing'),(94,'Can change boundary crossing',24,'change_boundarycrossing'),(95,'Can delete boundary crossing',24,'delete_boundarycrossing'),(96,'Can view boundary crossing',24,'view_boundarycrossing'),(97,'Can add boundary violation notification',25,'add_boundaryviolationnotification'),(98,'Can change boundary violation notification',25,'change_boundaryviolationnotification'),(99,'Can delete boundary violation notification',25,'delete_boundaryviolationnotification'),(100,'Can view boundary violation notification',25,'view_boundaryviolationnotification'),(101,'Can add admin profile',26,'add_adminprofile'),(102,'Can change admin profile',26,'change_adminprofile'),(103,'Can delete admin profile',26,'delete_adminprofile'),(104,'Can view admin profile',26,'view_adminprofile'),(105,'Can add municipality',27,'add_municipality'),(106,'Can change municipality',27,'change_municipality'),(107,'Can delete municipality',27,'delete_municipality'),(108,'Can view municipality',27,'view_municipality'),(109,'Can add barangay',28,'add_barangay'),(110,'Can change barangay',28,'change_barangay'),(111,'Can delete barangay',28,'delete_barangay'),(112,'Can view barangay',28,'view_barangay'),(113,'Can add log entry',29,'add_logentry'),(114,'Can change log entry',29,'change_logentry'),(115,'Can delete log entry',29,'delete_logentry'),(116,'Can view log entry',29,'view_logentry'),(117,'Can add permission',30,'add_permission'),(118,'Can change permission',30,'change_permission'),(119,'Can delete permission',30,'delete_permission'),(120,'Can view permission',30,'view_permission'),(121,'Can add group',31,'add_group'),(122,'Can change group',31,'change_group'),(123,'Can delete group',31,'delete_group'),(124,'Can view group',31,'view_group'),(125,'Can add content type',32,'add_contenttype'),(126,'Can change content type',32,'change_contenttype'),(127,'Can delete content type',32,'delete_contenttype'),(128,'Can view content type',32,'view_contenttype'),(129,'Can add session',33,'add_session'),(130,'Can change session',33,'change_session'),(131,'Can delete session',33,'delete_session'),(132,'Can view session',33,'view_session'),(133,'Can add barangay verifier',34,'add_barangayverifier'),(134,'Can change barangay verifier',34,'change_barangayverifier'),(135,'Can delete barangay verifier',34,'delete_barangayverifier'),(136,'Can view barangay verifier',34,'view_barangayverifier'),(137,'Can add signatory',35,'add_signatory'),(138,'Can change signatory',35,'change_signatory'),(139,'Can delete signatory',35,'delete_signatory'),(140,'Can view signatory',35,'view_signatory'),(141,'Can add violation status audit log',36,'add_violationstatusauditlog'),(142,'Can change violation status audit log',36,'change_violationstatusauditlog'),(143,'Can delete violation status audit log',36,'delete_violationstatusauditlog'),(144,'Can view violation status audit log',36,'view_violationstatusauditlog');
/*!40000 ALTER TABLE `auth_permission` ENABLE KEYS */;
UNLOCK TABLES;

--
-- Table structure for table `django_admin_log`
--

DROP TABLE IF EXISTS `django_admin_log`;
/*!40101 SET @saved_cs_client     = @@character_set_client */;
/*!50503 SET character_set_client = utf8mb4 */;
CREATE TABLE `django_admin_log` (
  `id` int NOT NULL AUTO_INCREMENT,
  `action_time` datetime(6) NOT NULL,
  `object_id` longtext COLLATE utf8mb4_unicode_ci,
  `object_repr` varchar(200) COLLATE utf8mb4_unicode_ci NOT NULL,
  `action_flag` smallint unsigned NOT NULL,
  `change_message` longtext COLLATE utf8mb4_unicode_ci NOT NULL,
  `content_type_id` int DEFAULT NULL,
  `user_id` int NOT NULL,
  PRIMARY KEY (`id`),
  KEY `django_admin_log_content_type_id_c4bce8eb_fk_django_co` (`content_type_id`),
  KEY `django_admin_log_user_id_c564eba6_fk_api_user_id` (`user_id`),
  CONSTRAINT `django_admin_log_chk_1` CHECK ((`action_flag` >= 0))
) ENGINE=InnoDB DEFAULT CHARSET=utf8mb4 COLLATE=utf8mb4_unicode_ci;
/*!40101 SET character_set_client = @saved_cs_client */;

--
-- Dumping data for table `django_admin_log`
--

LOCK TABLES `django_admin_log` WRITE;
/*!40000 ALTER TABLE `django_admin_log` DISABLE KEYS */;
/*!40000 ALTER TABLE `django_admin_log` ENABLE KEYS */;
UNLOCK TABLES;

--
-- Table structure for table `django_content_type`
--

DROP TABLE IF EXISTS `django_content_type`;
/*!40101 SET @saved_cs_client     = @@character_set_client */;
/*!50503 SET character_set_client = utf8mb4 */;
CREATE TABLE `django_content_type` (
  `id` int NOT NULL AUTO_INCREMENT,
  `app_label` varchar(100) COLLATE utf8mb4_unicode_ci NOT NULL,
  `model` varchar(100) COLLATE utf8mb4_unicode_ci NOT NULL,
  PRIMARY KEY (`id`),
  UNIQUE KEY `django_content_type_app_label_model_76bd3d3b_uniq` (`app_label`,`model`)
) ENGINE=InnoDB AUTO_INCREMENT=37 DEFAULT CHARSET=utf8mb4 COLLATE=utf8mb4_unicode_ci;
/*!40101 SET character_set_client = @saved_cs_client */;

--
-- Dumping data for table `django_content_type`
--

LOCK TABLES `django_content_type` WRITE;
/*!40000 ALTER TABLE `django_content_type` DISABLE KEYS */;
INSERT INTO `django_content_type` VALUES (29,'admin','logentry'),(10,'api','activitylog'),(16,'api','address'),(26,'api','adminprofile'),(28,'api','barangay'),(34,'api','barangayverifier'),(11,'api','birukbilugtracker'),(1,'api','boat'),(12,'api','boatgearassignment'),(18,'api','boatgearsubtypeassignment'),(20,'api','boatgeartypeassignment'),(13,'api','boatmeasurements'),(24,'api','boundarycrossing'),(25,'api','boundaryviolationnotification'),(15,'api','contacts'),(23,'api','devicetoken'),(14,'api','fisherfolk'),(17,'api','fisherfolkboat'),(2,'api','gearclassification'),(3,'api','gearsubtype'),(19,'api','geartype'),(4,'api','gpsdata'),(21,'api','household'),(5,'api','landboundary'),(6,'api','municipalagriculturist'),(27,'api','municipality'),(7,'api','municipalityboundary'),(22,'api','organization'),(8,'api','provincialagriculturist'),(35,'api','signatory'),(9,'api','user'),(36,'api','violationstatusauditlog'),(31,'auth','group'),(30,'auth','permission'),(32,'contenttypes','contenttype'),(33,'sessions','session');
/*!40000 ALTER TABLE `django_content_type` ENABLE KEYS */;
UNLOCK TABLES;

--
-- Table structure for table `django_migrations`
--

DROP TABLE IF EXISTS `django_migrations`;
/*!40101 SET @saved_cs_client     = @@character_set_client */;
/*!50503 SET character_set_client = utf8mb4 */;
CREATE TABLE `django_migrations` (
  `id` bigint NOT NULL AUTO_INCREMENT,
  `app` varchar(255) COLLATE utf8mb4_unicode_ci NOT NULL,
  `name` varchar(255) COLLATE utf8mb4_unicode_ci NOT NULL,
  `applied` datetime(6) NOT NULL,
  PRIMARY KEY (`id`)
) ENGINE=InnoDB AUTO_INCREMENT=40 DEFAULT CHARSET=utf8mb4 COLLATE=utf8mb4_unicode_ci;
/*!40101 SET character_set_client = @saved_cs_client */;

--
-- Dumping data for table `django_migrations`
--

LOCK TABLES `django_migrations` WRITE;
/*!40000 ALTER TABLE `django_migrations` DISABLE KEYS */;
INSERT INTO `django_migrations` VALUES (1,'contenttypes','0001_initial','2025-11-06 13:09:12.179944'),(2,'contenttypes','0002_remove_content_type_name','2025-11-06 13:09:12.224536'),(3,'auth','0001_initial','2025-11-06 13:09:12.356987'),(4,'auth','0002_alter_permission_name_max_length','2025-11-06 13:09:12.386431'),(5,'auth','0003_alter_user_email_max_length','2025-11-06 13:09:12.390772'),(6,'auth','0004_alter_user_username_opts','2025-11-06 13:09:12.395133'),(7,'auth','0005_alter_user_last_login_null','2025-11-06 13:09:12.399319'),(8,'auth','0006_require_contenttypes_0002','2025-11-06 13:09:12.400816'),(9,'auth','0007_alter_validators_add_error_messages','2025-11-06 13:09:12.404143'),(10,'auth','0008_alter_user_username_max_length','2025-11-06 13:09:12.408040'),(11,'auth','0009_alter_user_last_name_max_length','2025-11-06 13:09:12.412453'),(12,'auth','0010_alter_group_name_max_length','2025-11-06 13:09:12.429501'),(13,'auth','0011_update_proxy_permissions','2025-11-06 13:09:12.434042'),(14,'auth','0012_alter_user_first_name_max_length','2025-11-06 13:09:12.437966'),(15,'api','0001_initial','2025-11-06 13:09:13.560246'),(16,'admin','0001_initial','2025-11-06 13:09:13.637713'),(17,'admin','0002_logentry_remove_auto_add','2025-11-06 13:09:13.694436'),(18,'admin','0003_logentry_add_action_flag_choices','2025-11-06 13:09:13.702404'),(19,'api','0002_boundaryviolationnotification','2025-11-06 13:09:13.876128'),(20,'api','0003_add_registered_municipality_to_boat','2025-11-06 13:09:13.900864'),(21,'api','0004_adminprofile_user_admin_profile','2025-11-06 13:09:13.956196'),(22,'api','0005_alter_fisherfolk_religion','2025-11-06 13:09:13.970962'),(23,'api','0006_fisherfolk_other_main_source_livelihood','2025-11-06 13:09:13.998470'),(24,'api','0007_activitylog_add_description_user_role','2025-11-06 13:09:14.048367'),(25,'api','0008_municipality_barangay','2025-11-06 13:09:14.110615'),(26,'api','0009_municipality_identifier_icon','2025-11-06 13:09:14.139648'),(27,'api','0010_merge_20251104_2019','2025-11-06 13:09:14.141122'),(28,'api','0012_municipality_add_prefix','2025-11-06 13:09:14.211321'),(29,'api','0008_boat_identifier_icon','2025-11-06 13:09:14.249105'),(30,'api','0013_merge_20251106_1141','2025-11-06 13:09:14.250904'),(31,'api','0014_municipality_prefix_auto_generate','2025-11-06 13:09:14.280125'),(32,'sessions','0001_initial','2025-11-06 13:09:14.307315'),(33,'api','0015_remove_boat_identifier_icon_barangayverifier_and_more','2025-11-08 21:46:21.153190'),(34,'api','0016_alter_signatory_unique_together_and_more','2025-11-08 21:46:21.224557'),(35,'api','0017_remove_boat_identifier_icon','2025-11-08 21:46:21.258127'),(36,'api','0018_boundaryviolationnotification_contact_person_name_and_more','2025-11-08 21:46:21.882926'),(37,'api','0019_alter_signatory_barangay_and_more','2025-11-08 22:54:10.749893'),(38,'api','0020_landboundary_municipality_and_more','2025-11-10 08:16:53.847300'),(39,'api','0002_birukbilugtracker_provisional','2025-11-12 06:46:42.996665');
/*!40000 ALTER TABLE `django_migrations` ENABLE KEYS */;
UNLOCK TABLES;

--
-- Table structure for table `django_session`
--

DROP TABLE IF EXISTS `django_session`;
/*!40101 SET @saved_cs_client     = @@character_set_client */;
/*!50503 SET character_set_client = utf8mb4 */;
CREATE TABLE `django_session` (
  `session_key` varchar(40) COLLATE utf8mb4_unicode_ci NOT NULL,
  `session_data` longtext COLLATE utf8mb4_unicode_ci NOT NULL,
  `expire_date` datetime(6) NOT NULL,
  PRIMARY KEY (`session_key`),
  KEY `django_session_expire_date_a5c62663` (`expire_date`)
) ENGINE=InnoDB DEFAULT CHARSET=utf8mb4 COLLATE=utf8mb4_unicode_ci;
/*!40101 SET character_set_client = @saved_cs_client */;

--
-- Dumping data for table `django_session`
--

LOCK TABLES `django_session` WRITE;
/*!40000 ALTER TABLE `django_session` DISABLE KEYS */;
/*!40000 ALTER TABLE `django_session` ENABLE KEYS */;
UNLOCK TABLES;

--
-- Dumping routines for database 'db_banka'
--
/*!40103 SET TIME_ZONE=@OLD_TIME_ZONE */;

/*!40101 SET SQL_MODE=@OLD_SQL_MODE */;
/*!40014 SET FOREIGN_KEY_CHECKS=@OLD_FOREIGN_KEY_CHECKS */;
/*!40014 SET UNIQUE_CHECKS=@OLD_UNIQUE_CHECKS */;
/*!40101 SET CHARACTER_SET_CLIENT=@OLD_CHARACTER_SET_CLIENT */;
/*!40101 SET CHARACTER_SET_RESULTS=@OLD_CHARACTER_SET_RESULTS */;
/*!40101 SET COLLATION_CONNECTION=@OLD_COLLATION_CONNECTION */;
/*!40111 SET SQL_NOTES=@OLD_SQL_NOTES */;

-- Dump completed on 2025-11-15 14:20:13
